generic_name,cardiotoxicity__binary,cardiotoxicity__ternary,dermatological_toxicity__binary,dermatological_toxicity__ternary,hematological__binary,hematological__ternary,infertility__binary,infertility__ternary,liver_toxicity__binary,liver_toxicity__ternary,ototoxicity__binary,ototoxicity__ternary,pulmonary_toxicity__binary,pulmonary_toxicity__ternary,renal_toxicity__binary,renal_toxicity__ternary,SMILES_standardized,SMILES_clean,SMILES_filled,SMILES_source,name_best_query,name_corrected,SMILES_recovered,SMILES_recovered_source,recovery_status,SMILES_recovered_v3,SMILES_recovered_v3_source,recovery_debug_v3
68GA-DOTATATE,0,,1,,0,,0,,0,,0,,0,,0,,CC(O)C(NC(=O)C1CSSCC(NC(=O)C(Cc2ccccc2)NC(=O)CN2CCN(CC(=O)[O-])CCN(CC(=O)[O-])CCN(CC(=O)[O-])CC2)C(=O)NC(Cc2ccc(O)cc2)C(=O)NC(Cc2c[nH]c3ccccc23)C(=O)NC(CCCCN)C(=O)NC(C(C)O)C(=O)N1)C(=O)O.[Ga+3],cc(o)c(nc(=o)c1csscc(nc(=o)c(cc2ccccc2)nc(=o)cn2ccn(cc(=o)[o-])ccn(cc(=o)[o-])ccn(cc(=o)[o-])cc2)c(=o)nc(cc2ccc(o)cc2)c(=o)nc(cc2c[nh]c3ccccc23)c(=o)nc(ccccn)c(=o)nc(c(c)o)c(=o)n1)c(=o)o.[ga+3],CC(O)C(NC(=O)C1CSSCC(NC(=O)C(Cc2ccccc2)NC(=O)CN2CCN(CC(=O)[O-])CCN(CC(=O)[O-])CCN(CC(=O)[O-])CC2)C(=O)NC(Cc2ccc(O)cc2)C(=O)NC(Cc2c[nH]c3ccccc23)C(=O)NC(CCCCN)C(=O)NC(C(C)O)C(=O)N1)C(=O)O.[Ga+3],Original,,,,,,,,
ABACAVIR,1,,1,Most,1,,0,,1,Most,0,,0,,0,,Nc1nc(NC2CC2)c2ncn([C@H]3C=C[C@@H](CO)C3)c2n1,nc1nc(nc2cc2)c2ncn([c@h]3c=c[c@@h](co)c3)c2n1,Nc1nc(NC2CC2)c2ncn([C@H]3C=C[C@@H](CO)C3)c2n1,Original,,,,,,,,
ABALOPARATIDE,1,Most,1,Most,0,,0,,0,,0,,0,,0,,CCC(C)C(NC(=O)C(CO)NC(=O)C(CCCCN)NC(=O)CNC(=O)C(CCCCN)NC(=O)C(CC(=O)O)NC(=O)C(Cc1cnc[nH]1)NC(=O)C(CC(C)C)NC(=O)C(CC(C)C)NC(=O)C(CCC(N)=O)NC(=O)C(Cc1cnc[nH]1)NC(=O)C(CCC(=O)O)NC(=O)C(CO)NC(=O)C(NC(=O)C(C)N)C(C)C)C(=O)NC(CCC(N)=O)C(=O)NC(CC(=O)O)C(=O)NC(CC(C)C)C(=O)NC(CCCNC(=N)N)C(=O)NC(CCCNC(=N)N)C(=O)NC(CCCNC(=N)N)C(=O)NC(CCC(=O)O)C(=O)NC(CC(C)C)C(=O)NC(CC(C)C)C(=O)NC(CCC(=O)O)C(=O)NC(CCCCN)C(=O)NC(CC(C)C)C(=O)NC(CC(C)C)C(=O)NC(C)(C)C(=O)NC(CCCCN)C(=O)NC(CC(C)C)C(=O)NC(Cc1cnc[nH]1)C(=O)NC(C(=O)NC(C)C(N)=O)C(C)O,ccc(c)c(nc(=o)c(co)nc(=o)c(ccccn)nc(=o)cnc(=o)c(ccccn)nc(=o)c(cc(=o)o)nc(=o)c(cc1cnc[nh]1)nc(=o)c(cc(c)c)nc(=o)c(cc(c)c)nc(=o)c(ccc(n)=o)nc(=o)c(cc1cnc[nh]1)nc(=o)c(ccc(=o)o)nc(=o)c(co)nc(=o)c(nc(=o)c(c)n)c(c)c)c(=o)nc(ccc(n)=o)c(=o)nc(cc(=o)o)c(=o)nc(cc(c)c)c(=o)nc(cccnc(=n)n)c(=o)nc(cccnc(=n)n)c(=o)nc(cccnc(=n)n)c(=o)nc(ccc(=o)o)c(=o)nc(cc(c)c)c(=o)nc(cc(c)c)c(=o)nc(ccc(=o)o)c(=o)nc(ccccn)c(=o)nc(cc(c)c)c(=o)nc(cc(c)c)c(=o)nc(c)(c)c(=o)nc(ccccn)c(=o)nc(cc(c)c)c(=o)nc(cc1cnc[nh]1)c(=o)nc(c(=o)nc(c)c(n)=o)c(c)o,CCC(C)C(NC(=O)C(CO)NC(=O)C(CCCCN)NC(=O)CNC(=O)C(CCCCN)NC(=O)C(CC(=O)O)NC(=O)C(Cc1cnc[nH]1)NC(=O)C(CC(C)C)NC(=O)C(CC(C)C)NC(=O)C(CCC(N)=O)NC(=O)C(Cc1cnc[nH]1)NC(=O)C(CCC(=O)O)NC(=O)C(CO)NC(=O)C(NC(=O)C(C)N)C(C)C)C(=O)NC(CCC(N)=O)C(=O)NC(CC(=O)O)C(=O)NC(CC(C)C)C(=O)NC(CCCNC(=N)N)C(=O)NC(CCCNC(=N)N)C(=O)NC(CCCNC(=N)N)C(=O)NC(CCC(=O)O)C(=O)NC(CC(C)C)C(=O)NC(CC(C)C)C(=O)NC(CCC(=O)O)C(=O)NC(CCCCN)C(=O)NC(CC(C)C)C(=O)NC(CC(C)C)C(=O)NC(C)(C)C(=O)NC(CCCCN)C(=O)NC(CC(C)C)C(=O)NC(Cc1cnc[nH]1)C(=O)NC(C(=O)NC(C)C(N)=O)C(C)O,Original,,,,,,,,
ABEMACICLIB,0,,1,Most,1,Most,1,Most,1,Most,0,,1,Most,1,,CCN1CCN(Cc2ccc(Nc3ncc(F)c(-c4cc(F)c5nc(C)n(C(C)C)c5c4)n3)nc2)CC1,ccn1ccn(cc2ccc(nc3ncc(f)c(-c4cc(f)c5nc(c)n(c(c)c)c5c4)n3)nc2)cc1,CCN1CCN(Cc2ccc(Nc3ncc(F)c(-c4cc(F)c5nc(C)n(C(C)C)c5c4)n3)nc2)CC1,Original,,,,,,,,
ABIRATERONE ACETATE,1,Most,1,Most,1,Most,1,Most,1,Most,0,,1,,0,,CC(=O)O[C@H]1CC[C@@]2(C)C(=CC[C@@H]3[C@@H]2CC[C@]2(C)C(c4cccnc4)=CC[C@@H]32)C1,cc(=o)o[c@h]1cc[c@@]2(c)c(=cc[c@@h]3[c@@h]2cc[c@]2(c)c(c4cccnc4)=cc[c@@h]32)c1,CC(=O)O[C@H]1CC[C@@]2(C)C(=CC[C@@H]3[C@@H]2CC[C@]2(C)C(c4cccnc4)=CC[C@@H]32)C1,Original,,,,,,,,
ACALABRUTINIB,1,,1,Most,1,Most,0,,1,Most,0,,0,,0,,CC#CC(=O)N1CCC[C@H]1c1nc(-c2ccc(C(=O)Nc3ccccn3)cc2)c2c(N)nccn12,cc#cc(=o)n1ccc[c@h]1c1nc(-c2ccc(c(=o)nc3ccccn3)cc2)c2c(n)nccn12,CC#CC(=O)N1CCC[C@H]1c1nc(-c2ccc(C(=O)Nc3ccccn3)cc2)c2c(N)nccn12,Original,,,,,,,,
ACAMPROSATE CALCIUM,0,,1,Most,1,,0,,0,,0,,0,,1,Most,CC(=O)NCCCS(=O)(=O)O.CC(=O)NCCCS(=O)(=O)O,cc(=o)ncccs(=o)(=o)o.cc(=o)ncccs(=o)(=o)o,CC(=O)NCCCS(=O)(=O)O.CC(=O)NCCCS(=O)(=O)O,Original,,,,,,,,
ACARBOSE,0,,1,,1,,0,,1,Most,0,,0,,0,,C[C@H]1O[C@H](O[C@H]2[C@H](O)[C@@H](O)[C@@H](O[C@H]3[C@H](O)[C@@H](O)C(O)O[C@@H]3CO)O[C@@H]2CO)[C@H](O)[C@@H](O)[C@@H]1N[C@H]1C=C(CO)[C@@H](O)[C@H](O)[C@H]1O,c[c@h]1o[c@h](o[c@h]2[c@h](o)[c@@h](o)[c@@h](o[c@h]3[c@h](o)[c@@h](o)c(o)o[c@@h]3co)o[c@@h]2co)[c@h](o)[c@@h](o)[c@@h]1n[c@h]1c=c(co)[c@@h](o)[c@h](o)[c@h]1o,C[C@H]1O[C@H](O[C@H]2[C@H](O)[C@@H](O)[C@@H](O[C@H]3[C@H](O)[C@@H](O)C(O)O[C@@H]3CO)O[C@@H]2CO)[C@H](O)[C@@H](O)[C@@H]1N[C@H]1C=C(CO)[C@@H](O)[C@H](O)[C@H]1O,Original,,,,,,,,
ACEBUTOLOL HYDROCHLORIDE,1,Most,1,,1,,0,,1,,0,,1,,0,,CCCC(=O)Nc1ccc(OCC(O)CNC(C)C)c(C(C)=O)c1,cccc(=o)nc1ccc(occ(o)cnc(c)c)c(c(c)=o)c1,CCCC(=O)Nc1ccc(OCC(O)CNC(C)C)c(C(C)=O)c1,Original,,,,,,,,
ACETAMINOPHEN,0,,1,Most,1,,1,Most,1,Most,0,,0,,1,Most,CC(=O)Nc1ccc(O)cc1,cc(=o)nc1ccc(o)cc1,CC(=O)Nc1ccc(O)cc1,Original,,,,,,,,
ACETAZOLAMIDE,0,,1,Most,1,Most,0,,1,Most,1,Most,1,,1,Most,CC(=O)Nc1nnc(S(N)(=O)=O)s1,cc(=o)nc1nnc(s(n)(=o)=o)s1,CC(=O)Nc1nnc(S(N)(=O)=O)s1,Original,,,,,,,,
ACETOHYDROXAMIC ACID,0,,1,,1,Most,1,Most,0,,0,,1,,1,Most,CC(=O)NO,cc(=o)no,CC(=O)NO,Original,,,,,,,,
ACETYLCHOLINE CHLORIDE,1,,0,,0,,0,,0,,0,,1,,0,,CC(=O)OCC[N+](C)(C)C,cc(=o)occ[n+](c)(c)c,CC(=O)OCC[N+](C)(C)C,Original,,,,,,,,
ACETYLCYSTEINE,0,,1,Most,0,,0,,0,,0,,1,Most,0,,CC(=O)N[C@@H](CS)C(=O)O,cc(=o)n[c@@h](cs)c(=o)o,CC(=O)N[C@@H](CS)C(=O)O,Original,,,,,,,,
ACETYLSALICYLIC ACID,0,,1,,1,Most,0,,0,,1,,0,,1,Most,CC(=O)Oc1ccccc1C(=O)O,cc(=o)oc1ccccc1c(=o)o,CC(=O)Oc1ccccc1C(=O)O,Original,,,,,,,,
ACITRETIN,1,Most,1,Most,1,Most,0,,1,Most,1,,0,,1,,COc1cc(C)c(/C=C/C(C)=C/C=C/C(C)=C/C(=O)O)c(C)c1C,coc1cc(c)c(/c=c/c(c)=c/c=c/c(c)=c/c(=o)o)c(c)c1c,COc1cc(C)c(/C=C/C(C)=C/C=C/C(C)=C/C(=O)O)c(C)c1C,Original,,,,,,,,
ACYCLOVIR,0,,1,,0,,0,,0,,0,,0,,0,,Nc1nc2c(ncn2COCCO)c(=O)[nH]1,nc1nc2c(ncn2cocco)c(=o)[nh]1,Nc1nc2c(ncn2COCCO)c(=O)[nH]1,Original,,,,,,,,
ADEFOVIR DIPIVOXIL,0,,1,,0,,0,,1,Most,0,,0,,1,Most,CC(C)(C)C(=O)OCOP(=O)(COCCn1cnc2c(N)ncnc21)OCOC(=O)C(C)(C)C,cc(c)(c)c(=o)ocop(=o)(coccn1cnc2c(n)ncnc21)ococ(=o)c(c)(c)c,CC(C)(C)C(=O)OCOP(=O)(COCCn1cnc2c(N)ncnc21)OCOC(=O)C(C)(C)C,Original,,,,,,,,
ADENOSINE,1,Most,0,,0,,0,,0,,0,,1,Most,0,,Nc1ncnc2c1ncn2[C@@H]1O[C@H](CO)[C@@H](O)[C@H]1O,nc1ncnc2c1ncn2[c@@h]1o[c@h](co)[c@@h](o)[c@h]1o,Nc1ncnc2c1ncn2[C@@H]1O[C@H](CO)[C@@H](O)[C@H]1O,Original,,,,,,,,
AFATINIB,1,Most,1,Most,1,,1,Most,1,Most,0,,1,Most,1,Most,CN(C)C/C=C/C(=O)Nc1cc2c(Nc3ccc(F)c(Cl)c3)ncnc2cc1O[C@H]1CCOC1,cn(c)c/c=c/c(=o)nc1cc2c(nc3ccc(f)c(cl)c3)ncnc2cc1o[c@h]1ccoc1,CN(C)C/C=C/C(=O)Nc1cc2c(Nc3ccc(F)c(Cl)c3)ncnc2cc1O[C@H]1CCOC1,Original,,,,,,,,
ALBENDAZOLE,0,,1,,1,Most,0,,1,Most,0,,0,,1,Most,CCCSc1ccc2[nH]c(NC(=O)OC)nc2c1,cccsc1ccc2[nh]c(nc(=o)oc)nc2c1,CCCSc1ccc2[nH]c(NC(=O)OC)nc2c1,Original,,,,,,,,
ALBUTEROL,1,Most,1,Most,0,,0,,0,,0,,1,Most,0,,CC(C)(C)NCC(O)c1ccc(O)c(CO)c1,cc(c)(c)ncc(o)c1ccc(o)c(co)c1,CC(C)(C)NCC(O)c1ccc(O)c(CO)c1,Original,,,,,,,,
ALCOHOL,1,Most,0,,0,,0,,0,,0,,0,,0,,CCO,cco,CCO,Original,,,,,,,,
ALECTINIB HYDROCHLORIDE,1,,1,Most,1,Most,0,,1,Most,0,,1,Most,1,Most,CCc1cc2c(cc1N1CCC(N3CCOCC3)CC1)C(C)(C)c1[nH]c3cc(C#N)ccc3c1C2=O,ccc1cc2c(cc1n1ccc(n3ccocc3)cc1)c(c)(c)c1[nh]c3cc(c#n)ccc3c1c2=o,CCc1cc2c(cc1N1CCC(N3CCOCC3)CC1)C(C)(C)c1[nH]c3cc(C#N)ccc3c1C2=O,Original,,,,,,,,
ALENDRONATE SODIUM,0,,1,Most,0,,0,,0,,0,,1,,1,Most,NCCCC(O)(P(=O)(O)O)P(=O)(O)O,ncccc(o)(p(=o)(o)o)p(=o)(o)o,NCCCC(O)(P(=O)(O)O)P(=O)(O)O,Original,,,,,,,,
ALFENTANIL HYDROCHLORIDE,1,Most,1,,0,,1,,0,,0,,1,Most,1,,CCC(=O)N(c1ccccc1)C1(COC)CCN(CCn2nnn(CC)c2=O)CC1,ccc(=o)n(c1ccccc1)c1(coc)ccn(ccn2nnn(cc)c2=o)cc1,CCC(=O)N(c1ccccc1)C1(COC)CCN(CCn2nnn(CC)c2=O)CC1,Original,,,,,,,,
ALFUZOSIN HYDROCHLORIDE,1,Most,1,Most,0,,0,,1,Most,0,,0,,0,,COc1cc2nc(N(C)CCCNC(=O)C3CCCO3)nc(N)c2cc1OC,coc1cc2nc(n(c)cccnc(=o)c3ccco3)nc(n)c2cc1oc,COc1cc2nc(N(C)CCCNC(=O)C3CCCO3)nc(N)c2cc1OC,Original,,,,,,,,
ALLOPURINOL,0,,1,Most,1,Most,0,,1,Most,0,,0,,1,Most,Oc1ncnc2[nH]ncc12,oc1ncnc2[nh]ncc12,Oc1ncnc2[nH]ncc12,Original,,,,,,,,
ALMOTRIPTAN,1,Most,1,,0,,1,Most,0,,0,,0,,0,,CN(C)CCc1c[nH]c2ccc(CS(=O)(=O)N3CCCC3)cc12,cn(c)ccc1c[nh]c2ccc(cs(=o)(=o)n3cccc3)cc12,CN(C)CCc1c[nH]c2ccc(CS(=O)(=O)N3CCCC3)cc12,Original,,,,,,,,
ALOSETRON HYDROCHLORIDE,0,,1,Most,0,,0,,0,,0,,0,,0,,Cc1[nH]cnc1CN1CCc2c(c3ccccc3n2C)C1=O,cc1[nh]cnc1cn1ccc2c(c3ccccc3n2c)c1=o,Cc1[nH]cnc1CN1CCc2c(c3ccccc3n2C)C1=O,Original,,,,,,,,
ALPELISIB,0,,1,Most,1,Most,1,Most,1,,0,,1,Most,1,,Cc1nc(NC(=O)N2CCC[C@H]2C(N)=O)sc1-c1ccnc(C(C)(C)C(F)(F)F)c1,cc1nc(nc(=o)n2ccc[c@h]2c(n)=o)sc1-c1ccnc(c(c)(c)c(f)(f)f)c1,Cc1nc(NC(=O)N2CCC[C@H]2C(N)=O)sc1-c1ccnc(C(C)(C)C(F)(F)F)c1,Original,,,,,,,,
ALPRAZOLAM,0,,1,Most,0,,0,,1,Most,0,,1,Most,0,,Cc1nnc2n1-c1ccc(Cl)cc1C(c1ccccc1)=NC2,cc1nnc2n1-c1ccc(cl)cc1c(c1ccccc1)=nc2,Cc1nnc2n1-c1ccc(Cl)cc1C(c1ccccc1)=NC2,Original,,,,,,,,
ALPROSTADIL,0,,1,Most,1,,0,,0,,0,,0,,0,,CCCCC[C@H](O)/C=C/[C@H]1[C@H](O)CC(=O)[C@@H]1CCCCCCC(=O)O,ccccc[c@h](o)/c=c/[c@h]1[c@h](o)cc(=o)[c@@h]1ccccccc(=o)o,CCCCC[C@H](O)/C=C/[C@H]1[C@H](O)CC(=O)[C@@H]1CCCCCCC(=O)O,Original,,,,,,,,
AMANTADINE,1,Most,1,Most,0,,1,Most,0,,0,,1,Most,1,Most,NC12CC3CC(CC(C3)C1)C2,nc12cc3cc(cc(c3)c1)c2,NC12CC3CC(CC(C3)C1)C2,Original,,,,,,,,
AMANTADINE HYDROCHLORIDE,1,Most,1,Most,1,,1,,0,,0,,1,Most,1,Most,NC12CC3CC(CC(C3)C1)C2,nc12cc3cc(cc(c3)c1)c2,NC12CC3CC(CC(C3)C1)C2,Original,,,,,,,,
AMBRISENTAN,1,Most,1,,1,Most,1,Most,0,,0,,1,Most,0,,COC(c1ccccc1)(c1ccccc1)[C@H](Oc1nc(C)cc(C)n1)C(=O)O,coc(c1ccccc1)(c1ccccc1)[c@h](oc1nc(c)cc(c)n1)c(=o)o,COC(c1ccccc1)(c1ccccc1)[C@H](Oc1nc(C)cc(C)n1)C(=O)O,Original,,,,,,,,
AMIFAMPRIDINE PHOSPHATE,1,,1,,0,,0,,1,,0,,0,,0,,Nc1ccncc1N,nc1ccncc1n,Nc1ccncc1N,Original,,,,,,,,
AMIFOSTINE,1,Most,1,Most,0,,1,Most,0,,0,,0,,1,,NCCCNCCSP(=O)(O)O,ncccnccsp(=o)(o)o,NCCCNCCSP(=O)(O)O,Original,,,,,,,,
AMIKACIN SULFATE,0,,1,,1,,0,,0,,1,Most,1,,1,Most,NCC[C@H](O)C(=O)N[C@@H]1C[C@H](N)[C@@H](O[C@H]2O[C@H](CN)[C@@H](O)[C@H](O)[C@H]2O)[C@H](O)[C@H]1O[C@H]1O[C@H](CO)[C@@H](O)[C@H](N)[C@H]1O,ncc[c@h](o)c(=o)n[c@@h]1c[c@h](n)[c@@h](o[c@h]2o[c@h](cn)[c@@h](o)[c@h](o)[c@h]2o)[c@h](o)[c@h]1o[c@h]1o[c@h](co)[c@@h](o)[c@h](n)[c@h]1o,NCC[C@H](O)C(=O)N[C@@H]1C[C@H](N)[C@@H](O[C@H]2O[C@H](CN)[C@@H](O)[C@H](O)[C@H]2O)[C@H](O)[C@H]1O[C@H]1O[C@H](CO)[C@@H](O)[C@H](N)[C@H]1O,Original,,,,,,,,
AMILORIDE HYDROCHLORIDE,1,Most,1,,1,,0,,1,,0,,0,,1,Most,N=C(N)NC(=O)c1nc(Cl)c(N)nc1N,n=c(n)nc(=o)c1nc(cl)c(n)nc1n,N=C(N)NC(=O)c1nc(Cl)c(N)nc1N,Original,,,,,,,,
AMINOCAPROIC ACID,1,Most,1,,1,Most,1,Most,1,,0,,1,,1,Most,NCCCCCC(=O)O,ncccccc(=o)o,NCCCCCC(=O)O,Original,,,,,,,,
AMINOPHYLLINE,1,Most,1,Most,0,,1,Most,1,Most,0,,0,,1,,Cn1c(=O)c2[nH]cnc2n(C)c1=O.Cn1c(=O)c2[nH]cnc2n(C)c1=O.NCCN,cn1c(=o)c2[nh]cnc2n(c)c1=o.cn1c(=o)c2[nh]cnc2n(c)c1=o.nccn,Cn1c(=O)c2[nH]cnc2n(C)c1=O.Cn1c(=O)c2[nH]cnc2n(C)c1=O.NCCN,Original,,,,,,,,
AMIODARONE HYDROCHLORIDE,1,Most,1,Most,1,Most,1,Most,1,Most,0,,1,Most,1,Most,CCCCc1oc2ccccc2c1C(=O)c1cc(I)c(OCCN(CC)CC)c(I)c1,ccccc1oc2ccccc2c1c(=o)c1cc(i)c(occn(cc)cc)c(i)c1,CCCCc1oc2ccccc2c1C(=O)c1cc(I)c(OCCN(CC)CC)c(I)c1,Original,,,,,,,,
AMISULPRIDE,1,Most,0,,1,,1,Most,0,,0,,0,,0,,CCN1CCCC1CNC(=O)c1cc(S(=O)(=O)CC)c(N)cc1OC,ccn1cccc1cnc(=o)c1cc(s(=o)(=o)cc)c(n)cc1oc,CCN1CCCC1CNC(=O)c1cc(S(=O)(=O)CC)c(N)cc1OC,Original,,,,,,,,
AMITRIPTYLINE HYDROCHLORIDE,1,Most,1,Most,1,Most,0,,1,,0,,0,,0,,CN(C)CCC=C1c2ccccc2CCc2ccccc21,cn(c)ccc=c1c2ccccc2ccc2ccccc21,CN(C)CCC=C1c2ccccc2CCc2ccccc21,Original,,,,,,,,
AMLODIPINE,1,Most,0,,0,,0,,1,Most,0,,1,Most,0,,CCOC(=O)C1=C(COCCN)NC(C)=C(C(=O)OC)C1c1ccccc1Cl,ccoc(=o)c1=c(coccn)nc(c)=c(c(=o)oc)c1c1ccccc1cl,CCOC(=O)C1=C(COCCN)NC(C)=C(C(=O)OC)C1c1ccccc1Cl,Original,,,,,,,,
AMLODIPINE BESYLATE,1,Most,1,,1,,0,,1,,0,,0,,0,,CCOC(=O)C1=C(COCCN)NC(C)=C(C(=O)OC)C1c1ccccc1Cl.O=S(=O)(O)c1ccccc1,ccoc(=o)c1=c(coccn)nc(c)=c(c(=o)oc)c1c1ccccc1cl.o=s(=o)(o)c1ccccc1,CCOC(=O)C1=C(COCCN)NC(C)=C(C(=O)OC)C1c1ccccc1Cl.O=S(=O)(O)c1ccccc1,Original,,,,,,,,
AMMONIA N-13,0,,0,,0,,0,,0,,0,,0,,0,,N,n,N,Original,,,,,,,,
AMOXAPINE,1,,1,,1,,1,,1,,0,,0,,1,,Clc1ccc2c(c1)C(N1CCNCC1)=Nc1ccccc1O2,clc1ccc2c(c1)c(n1ccncc1)=nc1ccccc1o2,Clc1ccc2c(c1)C(N1CCNCC1)=Nc1ccccc1O2,Original,,,,,,,,
AMOXICILLIN,0,,1,Most,1,Most,0,,1,,0,,0,,1,Most,CC1(C)S[C@@H]2[C@H](NC(=O)[C@H](N)c3ccc(O)cc3)C(=O)N2[C@H]1C(=O)O,cc1(c)s[c@@h]2[c@h](nc(=o)[c@h](n)c3ccc(o)cc3)c(=o)n2[c@h]1c(=o)o,CC1(C)S[C@@H]2[C@H](NC(=O)[C@H](N)c3ccc(O)cc3)C(=O)N2[C@H]1C(=O)O,Original,,,,,,,,
AMPHETAMINE,1,Most,1,Most,0,,0,,0,,0,,0,,0,,CC(N)Cc1ccccc1,cc(n)cc1ccccc1,CC(N)Cc1ccccc1,Original,,,,,,,,
AMPHETAMINE SULFATE,1,Most,1,Most,0,,0,,0,,0,,0,,0,,CC(N)Cc1ccccc1,cc(n)cc1ccccc1,CC(N)Cc1ccccc1,Original,,,,,,,,
AMPHOTERICIN B,1,,1,Most,1,,1,,0,,0,,1,,1,,C[C@@H]1[C@H](O)[C@@H](C)/C=C/C=C/C=C/C=C/C=C/C=C/C=C/[C@H](O[C@@H]2O[C@H](C)[C@@H](O)[C@H](N)[C@@H]2O)C[C@@H]2O[C@](O)(C[C@@H](O)C[C@@H](O)[C@H](O)CC[C@@H](O)C[C@@H](O)CC(=O)O[C@H]1C)C[C@H](O)[C@H]2C(=O)O,c[c@@h]1[c@h](o)[c@@h](c)/c=c/c=c/c=c/c=c/c=c/c=c/c=c/[c@h](o[c@@h]2o[c@h](c)[c@@h](o)[c@h](n)[c@@h]2o)c[c@@h]2o[c@](o)(c[c@@h](o)c[c@@h](o)[c@h](o)cc[c@@h](o)c[c@@h](o)cc(=o)o[c@h]1c)c[c@h](o)[c@h]2c(=o)o,C[C@@H]1[C@H](O)[C@@H](C)/C=C/C=C/C=C/C=C/C=C/C=C/C=C/[C@H](O[C@@H]2O[C@H](C)[C@@H](O)[C@H](N)[C@@H]2O)C[C@@H]2O[C@](O)(C[C@@H](O)C[C@@H](O)[C@H](O)CC[C@@H](O)C[C@@H](O)CC(=O)O[C@H]1C)C[C@H](O)[C@H]2C(=O)O,Original,,,,,,,,
AMPICILLIN,0,,1,Most,1,Most,0,,0,,0,,0,,0,,CC1(C)S[C@@H]2[C@H](NC(=O)[C@H](N)c3ccccc3)C(=O)N2[C@H]1C(=O)O,cc1(c)s[c@@h]2[c@h](nc(=o)[c@h](n)c3ccccc3)c(=o)n2[c@h]1c(=o)o,CC1(C)S[C@@H]2[C@H](NC(=O)[C@H](N)c3ccccc3)C(=O)N2[C@H]1C(=O)O,Original,,,,,,,,
AMPICILLIN SODIUM,0,,1,Most,1,Most,0,,0,,0,,0,,0,,CC1(C)S[C@@H]2[C@H](NC(=O)[C@H](N)c3ccccc3)C(=O)N2[C@H]1C(=O)O,cc1(c)s[c@@h]2[c@h](nc(=o)[c@h](n)c3ccccc3)c(=o)n2[c@h]1c(=o)o,CC1(C)S[C@@H]2[C@H](NC(=O)[C@H](N)c3ccccc3)C(=O)N2[C@H]1C(=O)O,Original,,,,,,,,
ANAGRELIDE HYDROCHLORIDE,1,Most,1,,1,Most,1,Most,1,Most,1,,1,Most,1,Most,O=C1CN2Cc3c(ccc(Cl)c3Cl)N=C2N1,o=c1cn2cc3c(ccc(cl)c3cl)n=c2n1,O=C1CN2Cc3c(ccc(Cl)c3Cl)N=C2N1,Original,,,,,,,,
ANASTROZOLE,1,Most,1,Most,1,,1,Most,1,Most,0,,0,,0,,CC(C)(C#N)c1cc(Cn2cncn2)cc(C(C)(C)C#N)c1,cc(c)(c#n)c1cc(cn2cncn2)cc(c(c)(c)c#n)c1,CC(C)(C#N)c1cc(Cn2cncn2)cc(C(C)(C)C#N)c1,Original,,,,,,,,
ANGIOTENSIN II,1,Most,0,,1,Most,0,,0,,0,,0,,0,,CC[C@H](C)[C@H](NC(=O)[C@H](Cc1ccc(O)cc1)NC(=O)[C@@H](NC(=O)[C@H](CCCNC(=N)N)NC(=O)[C@@H](N)CC(=O)O)C(C)C)C(=O)N[C@@H](Cc1cnc[nH]1)C(=O)N1CCC[C@H]1C(=O)N[C@@H](Cc1ccccc1)C(=O)O,cc[c@h](c)[c@h](nc(=o)[c@h](cc1ccc(o)cc1)nc(=o)[c@@h](nc(=o)[c@h](cccnc(=n)n)nc(=o)[c@@h](n)cc(=o)o)c(c)c)c(=o)n[c@@h](cc1cnc[nh]1)c(=o)n1ccc[c@h]1c(=o)n[c@@h](cc1ccccc1)c(=o)o,CC[C@H](C)[C@H](NC(=O)[C@H](Cc1ccc(O)cc1)NC(=O)[C@@H](NC(=O)[C@H](CCCNC(=N)N)NC(=O)[C@@H](N)CC(=O)O)C(C)C)C(=O)N[C@@H](Cc1cnc[nH]1)C(=O)N1CCC[C@H]1C(=O)N[C@@H](Cc1ccccc1)C(=O)O,Original,,,,,,,,
ANIDULAFUNGIN,0,,1,,1,Most,0,,1,Most,0,,0,,0,,CCCCCOc1ccc(-c2ccc(-c3ccc(C(=O)N[C@H]4C[C@@H](O)[C@@H](O)NC(=O)[C@@H]5[C@@H](O)[C@@H](C)CN5C(=O)[C@H]([C@@H](C)O)NC(=O)[C@H]([C@H](O)[C@@H](O)c5ccc(O)cc5)NC(=O)[C@@H]5C[C@@H](O)CN5C(=O)[C@H]([C@@H](C)O)NC4=O)cc3)cc2)cc1,cccccoc1ccc(-c2ccc(-c3ccc(c(=o)n[c@h]4c[c@@h](o)[c@@h](o)nc(=o)[c@@h]5[c@@h](o)[c@@h](c)cn5c(=o)[c@h]([c@@h](c)o)nc(=o)[c@h]([c@h](o)[c@@h](o)c5ccc(o)cc5)nc(=o)[c@@h]5c[c@@h](o)cn5c(=o)[c@h]([c@@h](c)o)nc4=o)cc3)cc2)cc1,CCCCCOc1ccc(-c2ccc(-c3ccc(C(=O)N[C@H]4C[C@@H](O)[C@@H](O)NC(=O)[C@@H]5[C@@H](O)[C@@H](C)CN5C(=O)[C@H]([C@@H](C)O)NC(=O)[C@H]([C@H](O)[C@@H](O)c5ccc(O)cc5)NC(=O)[C@@H]5C[C@@H](O)CN5C(=O)[C@H]([C@@H](C)O)NC4=O)cc3)cc2)cc1,Original,,,,,,,,
ANTICOAGULANT SODIUM CITRATE SOLUTION,0,,0,,0,,0,,0,,0,,0,,0,,Not found,not found,O=C([O-])CC(O)(CC(=O)[O-])C(=O)[O-].[Na+].[Na+].[Na+],ChEMBL,ANTICOAGULANT SODIUM CITRATE SOLUTION,ANTICOAGULANT SODIUM CITRATE SOLUTION,O=C([O-])CC(O)(CC(=O)[O-])C(=O)[O-].[Na+].[Na+].[Na+],ChEMBL,found_chembl | variants_tried=3,,,
APALUTAMIDE,1,Most,1,Most,1,Most,1,Most,0,,0,,1,,1,,CNC(=O)c1ccc(N2C(=S)N(c3cnc(C#N)c(C(F)(F)F)c3)C(=O)C23CCC3)cc1F,cnc(=o)c1ccc(n2c(=s)n(c3cnc(c#n)c(c(f)(f)f)c3)c(=o)c23ccc3)cc1f,CNC(=O)c1ccc(N2C(=S)N(c3cnc(C#N)c(C(F)(F)F)c3)C(=O)C23CCC3)cc1F,Original,,,,,,,,
APIXABAN,0,,1,,1,Most,1,,0,,0,,0,,0,,COc1ccc(-n2nc(C(N)=O)c3c2C(=O)N(c2ccc(N4CCCCC4=O)cc2)CC3)cc1,coc1ccc(-n2nc(c(n)=o)c3c2c(=o)n(c2ccc(n4ccccc4=o)cc2)cc3)cc1,COc1ccc(-n2nc(C(N)=O)c3c2C(=O)N(c2ccc(N4CCCCC4=O)cc2)CC3)cc1,Original,,,,,,,,
APOMORPHINE HYDROCHLORIDE,1,Most,1,Most,1,Most,1,,0,,0,,1,,0,,CN1CCc2cccc3c2[C@H]1Cc1ccc(O)c(O)c1-3.CN1CCc2cccc3c2[C@H]1Cc1ccc(O)c(O)c1-3,cn1ccc2cccc3c2[c@h]1cc1ccc(o)c(o)c1-3.cn1ccc2cccc3c2[c@h]1cc1ccc(o)c(o)c1-3,CN1CCc2cccc3c2[C@H]1Cc1ccc(O)c(O)c1-3.CN1CCc2cccc3c2[C@H]1Cc1ccc(O)c(O)c1-3,Original,,,,,,,,
APREMILAST,0,,1,,0,,1,,0,,0,,0,,0,,CCOc1cc([C@@H](CS(C)(=O)=O)N2C(=O)c3cccc(NC(C)=O)c3C2=O)ccc1OC,ccoc1cc([c@@h](cs(c)(=o)=o)n2c(=o)c3cccc(nc(c)=o)c3c2=o)ccc1oc,CCOc1cc([C@@H](CS(C)(=O)=O)N2C(=O)c3cccc(NC(C)=O)c3C2=O)ccc1OC,Original,,,,,,,,
APREPITANT,0,,1,Most,1,Most,0,,0,,0,,0,,0,,C[C@@H](O[C@H]1OCCN(Cc2n[nH]c(=O)[nH]2)[C@H]1c1ccc(F)cc1)c1cc(C(F)(F)F)cc(C(F)(F)F)c1,c[c@@h](o[c@h]1occn(cc2n[nh]c(=o)[nh]2)[c@h]1c1ccc(f)cc1)c1cc(c(f)(f)f)cc(c(f)(f)f)c1,C[C@@H](O[C@H]1OCCN(Cc2n[nH]c(=O)[nH]2)[C@H]1c1ccc(F)cc1)c1cc(C(F)(F)F)cc(C(F)(F)F)c1,Original,,,,,,,,
ARGATROBAN,0,,1,,1,Most,0,,1,Most,0,,1,,0,,CC1CNc2c(cccc2S(=O)(=O)N[C@@H](CCCNC(=N)N)C(=O)N2CC[C@@H](C)C[C@@H]2C(=O)O)C1,cc1cnc2c(cccc2s(=o)(=o)n[c@@h](cccnc(=n)n)c(=o)n2cc[c@@h](c)c[c@@h]2c(=o)o)c1,CC1CNc2c(cccc2S(=O)(=O)N[C@@H](CCCNC(=N)N)C(=O)N2CC[C@@H](C)C[C@@H]2C(=O)O)C1,Original,,,,,,,,
ARGININE HYDROCHLORIDE,0,,1,Most,1,,0,,0,,0,,0,,1,,N=C(N)NCCC[C@H](N)C(=O)O,n=c(n)nccc[c@h](n)c(=o)o,N=C(N)NCCC[C@H](N)C(=O)O,Original,,,,,,,,
ARIPIPRAZOLE,1,Most,1,Most,1,Most,1,,1,,0,,0,,0,,O=C1CCc2ccc(OCCCCN3CCN(c4cccc(Cl)c4Cl)CC3)cc2N1,o=c1ccc2ccc(occccn3ccn(c4cccc(cl)c4cl)cc3)cc2n1,O=C1CCc2ccc(OCCCCN3CCN(c4cccc(Cl)c4Cl)CC3)cc2N1,Original,,,,,,,,
ARIPIPRAZOLE LAUROXIL,1,Most,1,Most,1,Most,1,Most,0,,0,,0,,0,,CCCCCCCCCCCC(=O)OCN1C(=O)CCc2ccc(OCCCCN3CCN(c4cccc(Cl)c4Cl)CC3)cc21,cccccccccccc(=o)ocn1c(=o)ccc2ccc(occccn3ccn(c4cccc(cl)c4cl)cc3)cc21,CCCCCCCCCCCC(=O)OCN1C(=O)CCc2ccc(OCCCCN3CCN(c4cccc(Cl)c4Cl)CC3)cc21,Original,,,,,,,,
ARSENIC TRIOXIDE,1,Most,1,Most,1,Most,1,Most,1,Most,1,Most,1,Most,1,Most,O=[As][As+](=O)[O-],o=[as][as+](=o)[o-],O=[As][As+](=O)[O-],Original,,,,,,,,
ASCIMINIB,1,Most,1,Most,1,Most,1,Most,1,,0,,0,,0,,O=C(Nc1ccc(OC(F)(F)Cl)cc1)c1cnc(N2CC[C@@H](O)C2)c(-c2cc[nH]n2)c1,o=c(nc1ccc(oc(f)(f)cl)cc1)c1cnc(n2cc[c@@h](o)c2)c(-c2cc[nh]n2)c1,O=C(Nc1ccc(OC(F)(F)Cl)cc1)c1cnc(N2CC[C@@H](O)C2)c(-c2cc[nH]n2)c1,Original,,,,,,,,
ASCORBIC ACID,0,,1,,1,Most,0,,0,,0,,0,,1,Most,O=C1O[C@H]([C@@H](O)CO)C(O)=C1O,o=c1o[c@h]([c@@h](o)co)c(o)=c1o,O=C1O[C@H]([C@@H](O)CO)C(O)=C1O,Original,,,,,,,,
ASENAPINE MALEATE,1,,1,Most,1,Most,0,,1,,0,,0,,0,,CN1CC2c3ccccc3Oc3ccc(Cl)cc3C2C1.O=C(O)/C=C\C(=O)O,cn1cc2c3ccccc3oc3ccc(cl)cc3c2c1.o=c(o)/c=c\c(=o)o,CN1CC2c3ccccc3Oc3ccc(Cl)cc3C2C1.O=C(O)/C=C\C(=O)O,Original,,,,,,,,
ATAZANAVIR,1,,1,Most,1,Most,0,,1,Most,0,,0,,1,Most,COC(=O)N[C@H](C(=O)N[C@@H](Cc1ccccc1)[C@@H](O)CN(Cc1ccc(-c2ccccn2)cc1)NC(=O)[C@@H](NC(=O)OC)C(C)(C)C)C(C)(C)C,coc(=o)n[c@h](c(=o)n[c@@h](cc1ccccc1)[c@@h](o)cn(cc1ccc(-c2ccccn2)cc1)nc(=o)[c@@h](nc(=o)oc)c(c)(c)c)c(c)(c)c,COC(=O)N[C@H](C(=O)N[C@@H](Cc1ccccc1)[C@@H](O)CN(Cc1ccc(-c2ccccn2)cc1)NC(=O)[C@@H](NC(=O)OC)C(C)(C)C)C(C)(C)C,Original,,,,,,,,
ATENOLOL,1,Most,1,,1,,0,,1,,0,,1,,0,,CC(C)NCC(O)COc1ccc(CC(N)=O)cc1,cc(c)ncc(o)coc1ccc(cc(n)=o)cc1,CC(C)NCC(O)COc1ccc(CC(N)=O)cc1,Original,,,,,,,,
ATOGEPANT,0,,1,Most,0,,0,,0,,0,,0,,0,,C[C@@H]1[C@H](c2c(F)ccc(F)c2F)C[C@H](NC(=O)c2cnc3c(c2)C[C@@]2(C3)C(=O)Nc3ncccc32)C(=O)N1CC(F)(F)F,c[c@@h]1[c@h](c2c(f)ccc(f)c2f)c[c@h](nc(=o)c2cnc3c(c2)c[c@@]2(c3)c(=o)nc3ncccc32)c(=o)n1cc(f)(f)f,C[C@@H]1[C@H](c2c(F)ccc(F)c2F)C[C@H](NC(=O)c2cnc3c(c2)C[C@@]2(C3)C(=O)Nc3ncccc32)C(=O)N1CC(F)(F)F,Original,,,,,,,,
ATOMOXETINE HYDROCHLORIDE,1,Most,1,Most,0,,0,,1,Most,0,,0,,0,,CNCC[C@@H](Oc1ccccc1C)c1ccccc1,cncc[c@@h](oc1ccccc1c)c1ccccc1,CNCC[C@@H](Oc1ccccc1C)c1ccccc1,Original,,,,,,,,
ATORVASTATIN CALCIUM,1,,1,Most,0,,1,Most,1,Most,0,,1,,1,,CC(C)c1c(C(=O)Nc2ccccc2)c(-c2ccccc2)c(-c2ccc(F)cc2)n1CC[C@@H](O)C[C@@H](O)CC(=O)O.CC(C)c1c(C(=O)Nc2ccccc2)c(-c2ccccc2)c(-c2ccc(F)cc2)n1CC[C@@H](O)C[C@@H](O)CC(=O)O,cc(c)c1c(c(=o)nc2ccccc2)c(-c2ccccc2)c(-c2ccc(f)cc2)n1cc[c@@h](o)c[c@@h](o)cc(=o)o.cc(c)c1c(c(=o)nc2ccccc2)c(-c2ccccc2)c(-c2ccc(f)cc2)n1cc[c@@h](o)c[c@@h](o)cc(=o)o,CC(C)c1c(C(=O)Nc2ccccc2)c(-c2ccccc2)c(-c2ccc(F)cc2)n1CC[C@@H](O)C[C@@H](O)CC(=O)O.CC(C)c1c(C(=O)Nc2ccccc2)c(-c2ccccc2)c(-c2ccc(F)cc2)n1CC[C@@H](O)C[C@@H](O)CC(=O)O,Original,,,,,,,,
ATOVAQUONE,0,,1,,1,,0,,1,Most,0,,0,,1,,O=C1C(O)=C([C@H]2CC[C@H](c3ccc(Cl)cc3)CC2)C(=O)c2ccccc21,o=c1c(o)=c([c@h]2cc[c@h](c3ccc(cl)cc3)cc2)c(=o)c2ccccc21,O=C1C(O)=C([C@H]2CC[C@H](c3ccc(Cl)cc3)CC2)C(=O)c2ccccc21,Original,,,,,,,,
ATRACURIUM BESYLATE,1,,1,,0,,0,,0,,0,,1,,0,,COc1ccc(CC2c3cc(OC)c(OC)cc3CC[N+]2(C)CCC(=O)OCCCCCOC(=O)CC[N+]2(C)CCc3cc(OC)c(OC)cc3C2Cc2ccc(OC)c(OC)c2)cc1OC.O=S(=O)([O-])c1ccccc1.O=S(=O)([O-])c1ccccc1,coc1ccc(cc2c3cc(oc)c(oc)cc3cc[n+]2(c)ccc(=o)occcccoc(=o)cc[n+]2(c)ccc3cc(oc)c(oc)cc3c2cc2ccc(oc)c(oc)c2)cc1oc.o=s(=o)([o-])c1ccccc1.o=s(=o)([o-])c1ccccc1,COc1ccc(CC2c3cc(OC)c(OC)cc3CC[N+]2(C)CCC(=O)OCCCCCOC(=O)CC[N+]2(C)CCc3cc(OC)c(OC)cc3C2Cc2ccc(OC)c(OC)c2)cc1OC.O=S(=O)([O-])c1ccccc1.O=S(=O)([O-])c1ccccc1,Original,,,,,,,,
ATROPINE SULFATE,1,Most,1,,0,,0,,0,,0,,1,,0,,CN1[C@@H]2CC[C@H]1C[C@@H](OC(=O)C(CO)c1ccccc1)C2,cn1[c@@h]2cc[c@h]1c[c@@h](oc(=o)c(co)c1ccccc1)c2,CN1[C@@H]2CC[C@H]1C[C@@H](OC(=O)C(CO)c1ccccc1)C2,Original,,,,,,,,
AURANOFIN,0,,1,,1,Most,0,,1,Most,0,,1,,1,,CC(=O)OCC1OC([S-])C(OC(C)=O)C(OC(C)=O)C1OC(C)=O.CCP(CC)CC.[Au+],cc(=o)occ1oc([s-])c(oc(c)=o)c(oc(c)=o)c1oc(c)=o.ccp(cc)cc.[au+],CC(=O)OCC1OC([S-])C(OC(C)=O)C(OC(C)=O)C1OC(C)=O.CCP(CC)CC.[Au+],Original,,,,,,,,
AVACOPAN,0,,1,Most,0,,0,,1,Most,0,,0,,1,Most,Cc1ccc(NC(=O)[C@H]2CCCN(C(=O)c3c(C)cccc3F)[C@H]2c2ccc(NC3CCCC3)cc2)cc1C(F)(F)F,cc1ccc(nc(=o)[c@h]2cccn(c(=o)c3c(c)cccc3f)[c@h]2c2ccc(nc3cccc3)cc2)cc1c(f)(f)f,Cc1ccc(NC(=O)[C@H]2CCCN(C(=O)c3c(C)cccc3F)[C@H]2c2ccc(NC3CCCC3)cc2)cc1C(F)(F)F,Original,,,,,,,,
AVANAFIL,1,Most,1,,0,,1,Most,0,,1,,0,,0,,COc1ccc(CNc2nc(N3CCC[C@H]3CO)ncc2C(=O)NCc2ncccn2)cc1Cl,coc1ccc(cnc2nc(n3ccc[c@h]3co)ncc2c(=o)ncc2ncccn2)cc1cl,COc1ccc(CNc2nc(N3CCC[C@H]3CO)ncc2C(=O)NCc2ncccn2)cc1Cl,Original,,,,,,,,
AVAPRITINIB,0,,1,Most,1,Most,1,Most,1,,0,,0,,1,,Cn1cc(-c2cc3c(N4CCN(c5ncc([C@@](C)(N)c6ccc(F)cc6)cn5)CC4)ncnn3c2)cn1,cn1cc(-c2cc3c(n4ccn(c5ncc([c@@](c)(n)c6ccc(f)cc6)cn5)cc4)ncnn3c2)cn1,Cn1cc(-c2cc3c(N4CCN(c5ncc([C@@](C)(N)c6ccc(F)cc6)cn5)CC4)ncnn3c2)cn1,Original,,,,,,,,
AVATROMBOPAG MALEATE,0,,1,,1,Most,0,,0,,0,,0,,0,,O=C(Nc1nc(-c2cc(Cl)cs2)c(N2CCN(C3CCCCC3)CC2)s1)c1cnc(N2CCC(C(=O)O)CC2)c(Cl)c1.O=C(O)/C=C\C(=O)O,o=c(nc1nc(-c2cc(cl)cs2)c(n2ccn(c3ccccc3)cc2)s1)c1cnc(n2ccc(c(=o)o)cc2)c(cl)c1.o=c(o)/c=c\c(=o)o,O=C(Nc1nc(-c2cc(Cl)cs2)c(N2CCN(C3CCCCC3)CC2)s1)c1cnc(N2CCC(C(=O)O)CC2)c(Cl)c1.O=C(O)/C=C\C(=O)O,Original,,,,,,,,
AXITINIB,1,Most,1,Most,1,Most,1,Most,1,Most,0,,1,Most,1,Most,CNC(=O)c1ccccc1Sc1ccc2c(/C=C/c3ccccn3)n[nH]c2c1,cnc(=o)c1ccccc1sc1ccc2c(/c=c/c3ccccn3)n[nh]c2c1,CNC(=O)c1ccccc1Sc1ccc2c(/C=C/c3ccccn3)n[nH]c2c1,Original,,,,,,,,
AZACITIDINE,1,,1,Most,1,Most,1,Most,1,Most,0,,1,Most,1,Most,Nc1ncn([C@@H]2O[C@H](CO)[C@@H](O)[C@H]2O)c(=O)n1,nc1ncn([c@@h]2o[c@h](co)[c@@h](o)[c@h]2o)c(=o)n1,Nc1ncn([C@@H]2O[C@H](CO)[C@@H](O)[C@H]2O)c(=O)n1,Original,,,,,,,,
AZATHIOPRINE,0,,1,Most,1,Most,1,Most,1,Most,0,,1,,0,,Cn1cnc([N+](=O)[O-])c1Sc1ncnc2[nH]cnc12,cn1cnc([n+](=o)[o-])c1sc1ncnc2[nh]cnc12,Cn1cnc([N+](=O)[O-])c1Sc1ncnc2[nH]cnc12,Original,,,,,,,,
AZATHIOPRINE SODIUM,0,,1,Most,1,Most,1,Most,1,Most,0,,1,Most,0,,Cn1cnc([N+](=O)[O-])c1Sc1ncnc2nc[nH]c12,cn1cnc([n+](=o)[o-])c1sc1ncnc2nc[nh]c12,Cn1cnc([N+](=O)[O-])c1Sc1ncnc2nc[nH]c12,Original,,,,,,,,
AZILSARTAN KAMEDOXOMIL,0,,1,,0,,0,,0,,0,,0,,1,Most,CCOc1nc2cccc(C(=O)OCc3oc(=O)oc3C)c2n1Cc1ccc(-c2ccccc2-c2noc(=O)[nH]2)cc1,ccoc1nc2cccc(c(=o)occ3oc(=o)oc3c)c2n1cc1ccc(-c2ccccc2-c2noc(=o)[nh]2)cc1,CCOc1nc2cccc(C(=O)OCc3oc(=O)oc3C)c2n1Cc1ccc(-c2ccccc2-c2noc(=O)[nH]2)cc1,Original,,,,,,,,
AZITHROMYCIN,1,,1,Most,1,,0,,1,Most,1,Most,0,,1,,CC[C@H]1OC(=O)[C@H](C)[C@@H](O[C@H]2C[C@@](C)(OC)[C@@H](O)[C@H](C)O2)[C@H](C)[C@@H](O[C@@H]2O[C@H](C)C[C@H](N(C)C)[C@H]2O)[C@](C)(O)C[C@@H](C)CN(C)[C@H](C)[C@@H](O)[C@]1(C)O,cc[c@h]1oc(=o)[c@h](c)[c@@h](o[c@h]2c[c@@](c)(oc)[c@@h](o)[c@h](c)o2)[c@h](c)[c@@h](o[c@@h]2o[c@h](c)c[c@h](n(c)c)[c@h]2o)[c@](c)(o)c[c@@h](c)cn(c)[c@h](c)[c@@h](o)[c@]1(c)o,CC[C@H]1OC(=O)[C@H](C)[C@@H](O[C@H]2C[C@@](C)(OC)[C@@H](O)[C@H](C)O2)[C@H](C)[C@@H](O[C@@H]2O[C@H](C)C[C@H](N(C)C)[C@H]2O)[C@](C)(O)C[C@@H](C)CN(C)[C@H](C)[C@@H](O)[C@]1(C)O,Original,,,,,,,,
AZTREONAM,1,,1,Most,1,Most,0,,1,,0,,0,,1,,C[C@H]1[C@H](NC(=O)/C(=N\OC(C)(C)C(=O)O)c2csc(N)n2)C(=O)N1S(=O)(=O)O,c[c@h]1[c@h](nc(=o)/c(=n\oc(c)(c)c(=o)o)c2csc(n)n2)c(=o)n1s(=o)(=o)o,C[C@H]1[C@H](NC(=O)/C(=N\OC(C)(C)C(=O)O)c2csc(N)n2)C(=O)N1S(=O)(=O)O,Original,,,,,,,,
BACLOFEN,0,,1,,0,,0,,0,,0,,0,,1,,NCC(CC(=O)O)c1ccc(Cl)cc1,ncc(cc(=o)o)c1ccc(cl)cc1,NCC(CC(=O)O)c1ccc(Cl)cc1,Original,,,,,,,,
BALOXAVIR MARBOXIL,0,,1,Most,0,,0,,0,,0,,0,,0,,COC(=O)OCOc1c2n(ccc1=O)N([C@@H]1c3ccccc3SCc3c1ccc(F)c3F)[C@@H]1COCCN1C2=O,coc(=o)ococ1c2n(ccc1=o)n([c@@h]1c3ccccc3scc3c1ccc(f)c3f)[c@@h]1coccn1c2=o,COC(=O)OCOc1c2n(ccc1=O)N([C@@H]1c3ccccc3SCc3c1ccc(F)c3F)[C@@H]1COCCN1C2=O,Original,,,,,,,,
BALSALAZIDE DISODIUM,1,,1,Most,1,Most,0,,1,Most,0,,1,Most,1,Most,O=C(O)CCNC(=O)c1ccc(/N=N/c2ccc(O)c(C(=O)O)c2)cc1,o=c(o)ccnc(=o)c1ccc(/n=n/c2ccc(o)c(c(=o)o)c2)cc1,O=C(O)CCNC(=O)c1ccc(/N=N/c2ccc(O)c(C(=O)O)c2)cc1,Original,,,,,,,,
BARICITINIB,1,,1,Most,1,Most,1,,1,Most,0,,1,Most,1,Most,CCS(=O)(=O)N1CC(CC#N)(n2cc(-c3ncnc4[nH]ccc34)cn2)C1,ccs(=o)(=o)n1cc(cc#n)(n2cc(-c3ncnc4[nh]ccc34)cn2)c1,CCS(=O)(=O)N1CC(CC#N)(n2cc(-c3ncnc4[nH]ccc34)cn2)C1,Original,,,,,,,,
BARIUM SULFATE,0,,1,,1,,0,,0,,0,,1,Most,0,,O=S(=O)(O)O,o=s(=o)(o)o,O=S(=O)(O)O,Original,,,,,,,,
BEDAQUILINE FUMARATE,1,Most,1,,0,,0,,1,Most,0,,0,,0,,COc1nc2ccc(Br)cc2cc1[C@@H](c1ccccc1)[C@@](O)(CCN(C)C)c1cccc2ccccc12.O=C(O)/C=C/C(=O)O,coc1nc2ccc(br)cc2cc1[c@@h](c1ccccc1)[c@@](o)(ccn(c)c)c1cccc2ccccc12.o=c(o)/c=c/c(=o)o,COc1nc2ccc(Br)cc2cc1[C@@H](c1ccccc1)[C@@](O)(CCN(C)C)c1cccc2ccccc12.O=C(O)/C=C/C(=O)O,Original,,,,,,,,
BELINOSTAT,1,,1,,1,Most,1,Most,1,Most,0,,0,,0,,O=C(/C=C/c1cccc(S(=O)(=O)Nc2ccccc2)c1)NO,o=c(/c=c/c1cccc(s(=o)(=o)nc2ccccc2)c1)no,O=C(/C=C/c1cccc(S(=O)(=O)Nc2ccccc2)c1)NO,Original,,,,,,,,
BELUMOSUDIL,0,,1,Most,1,Most,1,Most,1,Most,0,,0,,1,,CC(C)NC(=O)COc1cccc(-c2nc(Nc3ccc4[nH]ncc4c3)c3ccccc3n2)c1,cc(c)nc(=o)coc1cccc(-c2nc(nc3ccc4[nh]ncc4c3)c3ccccc3n2)c1,CC(C)NC(=O)COc1cccc(-c2nc(Nc3ccc4[nH]ncc4c3)c3ccccc3n2)c1,Original,,,,,,,,
BELZUTIFAN,0,,1,,1,Most,1,Most,1,,0,,1,Most,0,,CS(=O)(=O)c1ccc(Oc2cc(F)cc(C#N)c2)c2c1[C@H](O)[C@H](F)[C@@H]2F,cs(=o)(=o)c1ccc(oc2cc(f)cc(c#n)c2)c2c1[c@h](o)[c@h](f)[c@@h]2f,CS(=O)(=O)c1ccc(Oc2cc(F)cc(C#N)c2)c2c1[C@H](O)[C@H](F)[C@@H]2F,Original,,,,,,,,
BEMPEDOIC ACID,0,,1,Most,1,Most,0,,1,Most,0,,0,,1,Most,CC(C)(CCCCCC(O)CCCCCC(C)(C)C(=O)O)C(=O)O,cc(c)(cccccc(o)cccccc(c)(c)c(=o)o)c(=o)o,CC(C)(CCCCCC(O)CCCCCC(C)(C)C(=O)O)C(=O)O,Original,,,,,,,,
BENAZEPRIL HYDROCHLORIDE,1,,1,Most,1,,0,,1,Most,0,,0,,1,Most,CCOC(=O)[C@H](CCc1ccccc1)N[C@H]1CCc2ccccc2N(CC(=O)O)C1=O,ccoc(=o)[c@h](ccc1ccccc1)n[c@h]1ccc2ccccc2n(cc(=o)o)c1=o,CCOC(=O)[C@H](CCc1ccccc1)N[C@H]1CCc2ccccc2N(CC(=O)O)C1=O,Original,,,,,,,,
BENDAMUSTINE HYDROCHLORIDE,1,Most,1,Most,1,Most,1,Most,1,Most,0,,1,Most,1,Most,Cn1c(CCCC(=O)O)nc2cc(N(CCCl)CCCl)ccc21,cn1c(cccc(=o)o)nc2cc(n(cccl)cccl)ccc21,Cn1c(CCCC(=O)O)nc2cc(N(CCCl)CCCl)ccc21,Original,,,,,,,,
BENZNIDAZOLE,0,,1,Most,1,Most,1,,0,,0,,0,,0,,O=C(Cn1ccnc1[N+](=O)[O-])NCc1ccccc1,o=c(cn1ccnc1[n+](=o)[o-])ncc1ccccc1,O=C(Cn1ccnc1[N+](=O)[O-])NCc1ccccc1,Original,,,,,,,,
BENZONATATE,1,Most,1,,0,,0,,0,,0,,1,Most,0,,CCCCNc1ccc(C(=O)OCCOCCOCCOCCOCCOCCOCCOCCOCCOC)cc1,ccccnc1ccc(c(=o)occoccoccoccoccoccoccoccoccoc)cc1,CCCCNc1ccc(C(=O)OCCOCCOCCOCCOCCOCCOCCOCCOCCOC)cc1,Original,,,,,,,,
BENZPHETAMINE HYDROCHLORIDE,1,,1,Most,0,,0,,0,,0,,0,,0,,C[C@@H](Cc1ccccc1)N(C)Cc1ccccc1,c[c@@h](cc1ccccc1)n(c)cc1ccccc1,C[C@@H](Cc1ccccc1)N(C)Cc1ccccc1,Original,,,,,,,,
BEROTRALSTAT HYDROCHLORIDE,1,,1,,0,,0,,1,Most,0,,0,,0,,N#Cc1cccc([C@@H](NCC2CC2)c2ccc(F)c(NC(=O)c3cc(C(F)(F)F)nn3-c3cccc(CN)c3)c2)c1,n#cc1cccc([c@@h](ncc2cc2)c2ccc(f)c(nc(=o)c3cc(c(f)(f)f)nn3-c3cccc(cn)c3)c2)c1,N#Cc1cccc([C@@H](NCC2CC2)c2ccc(F)c(NC(=O)c3cc(C(F)(F)F)nn3-c3cccc(CN)c3)c2)c1,Original,,,,,,,,
BETAINE,0,,1,,0,,0,,0,,0,,0,,0,,C[N+](C)(C)CC(=O)O,c[n+](c)(c)cc(=o)o,C[N+](C)(C)CC(=O)O,Original,,,,,,,,
BETHANECHOL CHLORIDE,1,,1,,0,,0,,0,,0,,1,,0,,CC(C[N+](C)(C)C)OC(N)=O,cc(c[n+](c)(c)c)oc(n)=o,CC(C[N+](C)(C)C)OC(N)=O,Original,,,,,,,,
BETIATIDE,0,,1,,0,,0,,0,,0,,0,,0,,O=C(O)CNC(=O)CNC(=O)CNC(=O)CSC(=O)c1ccccc1,o=c(o)cnc(=o)cnc(=o)cnc(=o)csc(=o)c1ccccc1,O=C(O)CNC(=O)CNC(=O)CNC(=O)CSC(=O)c1ccccc1,Original,,,,,,,,
BEXAROTENE,0,,1,Most,1,Most,1,Most,1,Most,0,,0,,0,,C=C(c1ccc(C(=O)O)cc1)c1cc2c(cc1C)C(C)(C)CCC2(C)C,c=c(c1ccc(c(=o)o)cc1)c1cc2c(cc1c)c(c)(c)ccc2(c)c,C=C(c1ccc(C(=O)O)cc1)c1cc2c(cc1C)C(C)(C)CCC2(C)C,Original,,,,,,,,
BICALUTAMIDE,1,Most,1,Most,1,Most,1,Most,1,Most,0,,1,Most,0,,CC(O)(CS(=O)(=O)c1ccc(F)cc1)C(=O)Nc1ccc(C#N)c(C(F)(F)F)c1,cc(o)(cs(=o)(=o)c1ccc(f)cc1)c(=o)nc1ccc(c#n)c(c(f)(f)f)c1,CC(O)(CS(=O)(=O)c1ccc(F)cc1)C(=O)Nc1ccc(C#N)c(C(F)(F)F)c1,Original,,,,,,,,
BICISATE DIHYDROCHLORIDE,0,,1,,0,,0,,0,,0,,0,,0,,CCOC(=O)C(CS)NCCNC(CS)C(=O)OCC,ccoc(=o)c(cs)nccnc(cs)c(=o)occ,CCOC(=O)C(CS)NCCNC(CS)C(=O)OCC,Original,,,,,,,,
BINIMETINIB,1,Most,1,Most,1,Most,0,,1,Most,0,,1,Most,1,,Cn1cnc2c(F)c(Nc3ccc(Br)cc3F)c(C(=O)NOCCO)cc21,cn1cnc2c(f)c(nc3ccc(br)cc3f)c(c(=o)nocco)cc21,Cn1cnc2c(F)c(Nc3ccc(Br)cc3F)c(C(=O)NOCCO)cc21,Original,,,,,,,,
BISOPROLOL FUMARATE,1,Most,1,Most,1,,0,,1,,1,,1,,0,,CC(C)NCC(O)COc1ccc(COCCOC(C)C)cc1.CC(C)NCC(O)COc1ccc(COCCOC(C)C)cc1.O=C(O)/C=C/C(=O)O,cc(c)ncc(o)coc1ccc(coccoc(c)c)cc1.cc(c)ncc(o)coc1ccc(coccoc(c)c)cc1.o=c(o)/c=c/c(=o)o,CC(C)NCC(O)COc1ccc(COCCOC(C)C)cc1.CC(C)NCC(O)COc1ccc(COCCOC(C)C)cc1.O=C(O)/C=C/C(=O)O,Original,,,,,,,,
BIVALIRUDIN,1,Most,0,,1,Most,0,,0,,0,,1,,0,,CCC(C)C(NC(=O)C(CCC(=O)O)NC(=O)C(CCC(=O)O)NC(=O)C(Cc1ccccc1)NC(=O)C(CC(=O)O)NC(=O)CNC(=O)C(CC(N)=O)NC(=O)CNC(=O)CNC(=O)CNC(=O)CNC(=O)C1CCCN1C(=O)C(CCCNC(=N)N)NC(=O)C1CCCN1C(=O)C(N)Cc1ccccc1)C(=O)N1CCCC1C(=O)NC(CCC(=O)O)C(=O)NC(CCC(=O)O)C(=O)NC(Cc1ccc(O)cc1)C(=O)NC(CC(C)C)C(=O)O,ccc(c)c(nc(=o)c(ccc(=o)o)nc(=o)c(ccc(=o)o)nc(=o)c(cc1ccccc1)nc(=o)c(cc(=o)o)nc(=o)cnc(=o)c(cc(n)=o)nc(=o)cnc(=o)cnc(=o)cnc(=o)cnc(=o)c1cccn1c(=o)c(cccnc(=n)n)nc(=o)c1cccn1c(=o)c(n)cc1ccccc1)c(=o)n1cccc1c(=o)nc(ccc(=o)o)c(=o)nc(ccc(=o)o)c(=o)nc(cc1ccc(o)cc1)c(=o)nc(cc(c)c)c(=o)o,CCC(C)C(NC(=O)C(CCC(=O)O)NC(=O)C(CCC(=O)O)NC(=O)C(Cc1ccccc1)NC(=O)C(CC(=O)O)NC(=O)CNC(=O)C(CC(N)=O)NC(=O)CNC(=O)CNC(=O)CNC(=O)CNC(=O)C1CCCN1C(=O)C(CCCNC(=N)N)NC(=O)C1CCCN1C(=O)C(N)Cc1ccccc1)C(=O)N1CCCC1C(=O)NC(CCC(=O)O)C(=O)NC(CCC(=O)O)C(=O)NC(Cc1ccc(O)cc1)C(=O)NC(CC(C)C)C(=O)O,Original,,,,,,,,
BLEOMYCIN,1,Most,1,Most,0,,0,,1,,0,,1,Most,1,Most,Cc1c(N)nc(C(CC(N)=O)NCC(N)C(N)=O)nc1C(=O)NC(C(=O)NC(C)C(O)C(C)C(=O)NC(C(=O)NCCc1nc(-c2nc(C(=O)NCCC[S+](C)C)cs2)cs1)C(C)O)C(OC1OC(CO)C(O)C(O)C1OC1OC(CO)C(O)C(OC(N)=O)C1O)c1cnc[nH]1,cc1c(n)nc(c(cc(n)=o)ncc(n)c(n)=o)nc1c(=o)nc(c(=o)nc(c)c(o)c(c)c(=o)nc(c(=o)nccc1nc(-c2nc(c(=o)nccc[s+](c)c)cs2)cs1)c(c)o)c(oc1oc(co)c(o)c(o)c1oc1oc(co)c(o)c(oc(n)=o)c1o)c1cnc[nh]1,Cc1c(N)nc(C(CC(N)=O)NCC(N)C(N)=O)nc1C(=O)NC(C(=O)NC(C)C(O)C(C)C(=O)NC(C(=O)NCCc1nc(-c2nc(C(=O)NCCC[S+](C)C)cs2)cs1)C(C)O)C(OC1OC(CO)C(O)C(O)C1OC1OC(CO)C(O)C(OC(N)=O)C1O)c1cnc[nH]1,Original,,,,,,,,
BORTEZOMIB,1,Most,1,Most,1,Most,1,Most,1,Most,1,Most,1,Most,1,,CC(C)C[C@H](NC(=O)[C@H](Cc1ccccc1)NC(=O)c1cnccn1)B(O)O,cc(c)c[c@h](nc(=o)[c@h](cc1ccccc1)nc(=o)c1cnccn1)b(o)o,CC(C)C[C@H](NC(=O)[C@H](Cc1ccccc1)NC(=O)c1cnccn1)B(O)O,Original,,,,,,,,
BOSENTAN,1,Most,1,Most,1,Most,1,Most,1,Most,0,,1,Most,0,,COc1ccccc1Oc1c(NS(=O)(=O)c2ccc(C(C)(C)C)cc2)nc(-c2ncccn2)nc1OCCO,coc1ccccc1oc1c(ns(=o)(=o)c2ccc(c(c)(c)c)cc2)nc(-c2ncccn2)nc1occo,COc1ccccc1Oc1c(NS(=O)(=O)c2ccc(C(C)(C)C)cc2)nc(-c2ncccn2)nc1OCCO,Original,,,,,,,,
BREMELANOTIDE,1,Most,1,Most,0,,0,,1,,0,,0,,0,,CCCC[C@H](NC(C)=O)C(=O)N[C@H]1CC(=O)NCCCC[C@@H](C(=O)O)NC(=O)[C@H](Cc2c[nH]c3ccccc23)NC(=O)[C@H](CCCNC(=N)N)NC(=O)[C@@H](Cc2ccccc2)NC(=O)[C@H](Cc2c[nH]cn2)NC1=O,cccc[c@h](nc(c)=o)c(=o)n[c@h]1cc(=o)ncccc[c@@h](c(=o)o)nc(=o)[c@h](cc2c[nh]c3ccccc23)nc(=o)[c@h](cccnc(=n)n)nc(=o)[c@@h](cc2ccccc2)nc(=o)[c@h](cc2c[nh]cn2)nc1=o,CCCC[C@H](NC(C)=O)C(=O)N[C@H]1CC(=O)NCCCC[C@@H](C(=O)O)NC(=O)[C@H](Cc2c[nH]c3ccccc23)NC(=O)[C@H](CCCNC(=N)N)NC(=O)[C@@H](Cc2ccccc2)NC(=O)[C@H](Cc2c[nH]cn2)NC1=O,Original,,,,,,,,
BREXANOLONE,0,,0,,0,,1,Most,0,,0,,0,,0,,CC(=O)[C@H]1CC[C@H]2[C@@H]3CC[C@H]4C[C@H](O)CC[C@]4(C)[C@H]3CC[C@]12C,cc(=o)[c@h]1cc[c@h]2[c@@h]3cc[c@h]4c[c@h](o)cc[c@]4(c)[c@h]3cc[c@]12c,CC(=O)[C@H]1CC[C@H]2[C@@H]3CC[C@H]4C[C@H](O)CC[C@]4(C)[C@H]3CC[C@]12C,Original,,,,,,,,
BREXPIPRAZOLE,1,Most,1,,1,Most,1,Most,0,,0,,0,,0,,O=c1ccc2ccc(OCCCCN3CCN(c4cccc5sccc45)CC3)cc2[nH]1,o=c1ccc2ccc(occccn3ccn(c4cccc5sccc45)cc3)cc2[nh]1,O=c1ccc2ccc(OCCCCN3CCN(c4cccc5sccc45)CC3)cc2[nH]1,Original,,,,,,,,
BRIGATINIB,1,,1,Most,1,Most,1,Most,1,Most,0,,1,Most,0,,COc1cc(N2CCC(N3CCN(C)CC3)CC2)ccc1Nc1ncc(Cl)c(Nc2ccccc2P(C)(C)=O)n1,coc1cc(n2ccc(n3ccn(c)cc3)cc2)ccc1nc1ncc(cl)c(nc2ccccc2p(c)(c)=o)n1,COc1cc(N2CCC(N3CCN(C)CC3)CC2)ccc1Nc1ncc(Cl)c(Nc2ccccc2P(C)(C)=O)n1,Original,,,,,,,,
BRILLIANT BLUE G,0,,0,,0,,0,,0,,0,,0,,0,,CCOc1ccc(Nc2ccc(/C(=C3/C=C/C(=[N+](/CC)Cc4cccc(S(=O)(=O)[O-])c4)C=C3C)c3ccc(N(CC)Cc4cccc(S(=O)(=O)O)c4)cc3C)cc2)cc1,ccoc1ccc(nc2ccc(/c(=c3/c=c/c(=[n+](/cc)cc4cccc(s(=o)(=o)[o-])c4)c=c3c)c3ccc(n(cc)cc4cccc(s(=o)(=o)o)c4)cc3c)cc2)cc1,CCOc1ccc(Nc2ccc(/C(=C3/C=C/C(=[N+](/CC)Cc4cccc(S(=O)(=O)[O-])c4)C=C3C)c3ccc(N(CC)Cc4cccc(S(=O)(=O)O)c4)cc3C)cc2)cc1,Original,,,,,,,,
BRIVARACETAM,0,,0,,1,,0,,0,,0,,1,,0,,CCC[C@@H]1CC(=O)N([C@@H](CC)C(N)=O)C1,ccc[c@@h]1cc(=o)n([c@@h](cc)c(n)=o)c1,CCC[C@@H]1CC(=O)N([C@@H](CC)C(N)=O)C1,Original,,,,,,,,
BROMOCRIPTINE MESYLATE,1,Most,1,,0,,0,,1,,1,,1,Most,0,,CC(C)C[C@H]1C(=O)N2CCC[C@H]2[C@]2(O)O[C@](NC(=O)[C@@H]3C=C4c5cccc6[nH]c(Br)c(c56)C[C@H]4N(C)C3)(C(C)C)C(=O)N12,cc(c)c[c@h]1c(=o)n2ccc[c@h]2[c@]2(o)o[c@](nc(=o)[c@@h]3c=c4c5cccc6[nh]c(br)c(c56)c[c@h]4n(c)c3)(c(c)c)c(=o)n12,CC(C)C[C@H]1C(=O)N2CCC[C@H]2[C@]2(O)O[C@](NC(=O)[C@@H]3C=C4c5cccc6[nH]c(Br)c(c56)C[C@H]4N(C)C3)(C(C)C)C(=O)N12,Original,,,,,,,,
BUMETANIDE,0,,1,,1,,0,,1,,1,Most,0,,1,Most,CCCCNc1cc(C(=O)O)cc(S(N)(=O)=O)c1Oc1ccccc1,ccccnc1cc(c(=o)o)cc(s(n)(=o)=o)c1oc1ccccc1,CCCCNc1cc(C(=O)O)cc(S(N)(=O)=O)c1Oc1ccccc1,Original,,,,,,,,
BUPRENORPHINE,0,,1,Most,0,,1,Most,1,Most,0,,1,Most,0,,CO[C@@]12CC[C@@]3(C[C@@H]1[C@](C)(O)C(C)(C)C)[C@H]1Cc4ccc(O)c5c4[C@@]3(CCN1CC1CC1)[C@H]2O5,co[c@@]12cc[c@@]3(c[c@@h]1[c@](c)(o)c(c)(c)c)[c@h]1cc4ccc(o)c5c4[c@@]3(ccn1cc1cc1)[c@h]2o5,CO[C@@]12CC[C@@]3(C[C@@H]1[C@](C)(O)C(C)(C)C)[C@H]1Cc4ccc(O)c5c4[C@@]3(CCN1CC1CC1)[C@H]2O5,Original,,,,,,,,
BUPROPION HYDROBROMIDE,1,Most,1,Most,1,Most,0,,1,,1,Most,0,,0,,CC(NC(C)(C)C)C(=O)c1cccc(Cl)c1,cc(nc(c)(c)c)c(=o)c1cccc(cl)c1,CC(NC(C)(C)C)C(=O)c1cccc(Cl)c1,Original,,,,,,,,
BUPROPION HYDROCHLORIDE,1,Most,1,Most,1,Most,0,,1,Most,1,,0,,1,Most,CC(NC(C)(C)C)C(=O)c1cccc(Cl)c1,cc(nc(c)(c)c)c(=o)c1cccc(cl)c1,CC(NC(C)(C)C)C(=O)c1cccc(Cl)c1,Original,,,,,,,,
BUSPIRONE HYDROCHLORIDE,1,,1,Most,1,,0,,1,Most,0,,0,,0,,O=C1CC2(CCCC2)CC(=O)N1CCCCN1CCN(c2ncccn2)CC1,o=c1cc2(cccc2)cc(=o)n1ccccn1ccn(c2ncccn2)cc1,O=C1CC2(CCCC2)CC(=O)N1CCCCN1CCN(c2ncccn2)CC1,Original,,,,,,,,
BUSULFAN,1,Most,1,Most,1,Most,1,Most,1,Most,0,,1,Most,0,,CS(=O)(=O)OCCCCOS(C)(=O)=O,cs(=o)(=o)occccos(c)(=o)=o,CS(=O)(=O)OCCCCOS(C)(=O)=O,Original,,,,,,,,
CABAZITAXEL,1,Most,1,Most,1,Most,1,Most,1,,0,,1,Most,1,Most,CO[C@H]1C(=O)[C@]2(C)[C@@H](OC)C[C@H]3OC[C@@]3(OC(C)=O)[C@H]2[C@H](OC(=O)c2ccccc2)[C@]2(O)C[C@H](OC(=O)[C@H](O)[C@@H](NC(=O)OC(C)(C)C)c3ccccc3)C(C)=C1C2(C)C,co[c@h]1c(=o)[c@]2(c)[c@@h](oc)c[c@h]3oc[c@@]3(oc(c)=o)[c@h]2[c@h](oc(=o)c2ccccc2)[c@]2(o)c[c@h](oc(=o)[c@h](o)[c@@h](nc(=o)oc(c)(c)c)c3ccccc3)c(c)=c1c2(c)c,CO[C@H]1C(=O)[C@]2(C)[C@@H](OC)C[C@H]3OC[C@@]3(OC(C)=O)[C@H]2[C@H](OC(=O)c2ccccc2)[C@]2(O)C[C@H](OC(=O)[C@H](O)[C@@H](NC(=O)OC(C)(C)C)c3ccccc3)C(C)=C1C2(C)C,Original,,,,,,,,
CABERGOLINE,1,Most,1,,0,,1,Most,0,,0,,1,Most,0,,C=CCN1C[C@H](C(=O)N(CCCN(C)C)C(=O)NCC)C[C@@H]2c3cccc4[nH]cc(c34)C[C@H]21,c=ccn1c[c@h](c(=o)n(cccn(c)c)c(=o)ncc)c[c@@h]2c3cccc4[nh]cc(c34)c[c@h]21,C=CCN1C[C@H](C(=O)N(CCCN(C)C)C(=O)NCC)C[C@@H]2c3cccc4[nH]cc(c34)C[C@H]21,Original,,,,,,,,
CABOTEGRAVIR,0,,1,Most,0,,0,,1,Most,0,,0,,0,,C[C@H]1CO[C@@H]2Cn3cc(C(=O)NCc4ccc(F)cc4F)c(=O)c(O)c3C(=O)N12,c[c@h]1co[c@@h]2cn3cc(c(=o)ncc4ccc(f)cc4f)c(=o)c(o)c3c(=o)n12,C[C@H]1CO[C@@H]2Cn3cc(C(=O)NCc4ccc(F)cc4F)c(=O)c(O)c3C(=O)N12,Original,,,,,,,,
CABOZANTINIB,1,Most,1,Most,1,Most,1,Most,1,Most,0,,1,Most,1,,COc1cc2nccc(Oc3ccc(NC(=O)C4(C(=O)Nc5ccc(F)cc5)CC4)cc3)c2cc1OC,coc1cc2nccc(oc3ccc(nc(=o)c4(c(=o)nc5ccc(f)cc5)cc4)cc3)c2cc1oc,COc1cc2nccc(Oc3ccc(NC(=O)C4(C(=O)Nc5ccc(F)cc5)CC4)cc3)c2cc1OC,Original,,,,,,,,
CAFFEINE CITRATE,1,,1,,1,Most,1,Most,0,,0,,0,,1,,Cn1c(=O)c2c(ncn2C)n(C)c1=O.O=C(O)CC(O)(CC(=O)O)C(=O)O,cn1c(=o)c2c(ncn2c)n(c)c1=o.o=c(o)cc(o)(cc(=o)o)c(=o)o,Cn1c(=O)c2c(ncn2C)n(C)c1=O.O=C(O)CC(O)(CC(=O)O)C(=O)O,Original,,,,,,,,
CALCIFEDIOL,1,Most,0,,1,Most,0,,0,,0,,0,Most,0,,C=C1CC[C@H](O)C/C1=C/C=C1\CCC[C@]2(C)[C@@H]([C@H](C)CCCC(C)(C)O)CC[C@@H]12,c=c1cc[c@h](o)c/c1=c/c=c1\ccc[c@]2(c)[c@@h]([c@h](c)cccc(c)(c)o)cc[c@@h]12,C=C1CC[C@H](O)C/C1=C/C=C1\CCC[C@]2(C)[C@@H]([C@H](C)CCCC(C)(C)O)CC[C@@H]12,Original,,,,,,,,
CALCITONIN SALMON,0,,1,Most,0,,0,,0,,0,,0,,1,,CC(C)C[C@H](NC(=O)[C@H](CCCCN)NC(=O)CNC(=O)[C@H](CC(C)C)NC(=O)[C@@H](NC(=O)[C@@H]1CSSC[C@H](N)C(=O)N[C@@H](CO)C(=O)N[C@@H](CC(N)=O)C(=O)N[C@@H](CC(C)C)C(=O)N[C@@H](CO)C(=O)N[C@@H]([C@@H](C)O)C(=O)N1)C(C)C)C(=O)N[C@@H](CO)C(=O)N[C@@H](CCC(N)=O)C(=O)N[C@@H](CCC(=O)O)C(=O)N[C@@H](CC(C)C)C(=O)N[C@@H](Cc1c[nH]cn1)C(=O)N[C@@H](CCCCN)C(=O)N[C@@H](CC(C)C)C(=O)N[C@@H](CCC(N)=O)C(=O)N[C@H](C(=O)N[C@@H](Cc1ccc(O)cc1)C(=O)N1CCC[C@H]1C(=O)N[C@@H](CCCNC(=N)N)C(=O)N[C@H](C(=O)N[C@@H](CC(N)=O)C(=O)N[C@H](C(=O)NCC(=O)N[C@@H](CO)C(=O)NCC(=O)N[C@H](C(=O)N1CCC[C@H]1C(N)=O)[C@@H](C)O)[C@@H](C)O)[C@@H](C)O)[C@@H](C)O,cc(c)c[c@h](nc(=o)[c@h](ccccn)nc(=o)cnc(=o)[c@h](cc(c)c)nc(=o)[c@@h](nc(=o)[c@@h]1cssc[c@h](n)c(=o)n[c@@h](co)c(=o)n[c@@h](cc(n)=o)c(=o)n[c@@h](cc(c)c)c(=o)n[c@@h](co)c(=o)n[c@@h]([c@@h](c)o)c(=o)n1)c(c)c)c(=o)n[c@@h](co)c(=o)n[c@@h](ccc(n)=o)c(=o)n[c@@h](ccc(=o)o)c(=o)n[c@@h](cc(c)c)c(=o)n[c@@h](cc1c[nh]cn1)c(=o)n[c@@h](ccccn)c(=o)n[c@@h](cc(c)c)c(=o)n[c@@h](ccc(n)=o)c(=o)n[c@h](c(=o)n[c@@h](cc1ccc(o)cc1)c(=o)n1ccc[c@h]1c(=o)n[c@@h](cccnc(=n)n)c(=o)n[c@h](c(=o)n[c@@h](cc(n)=o)c(=o)n[c@h](c(=o)ncc(=o)n[c@@h](co)c(=o)ncc(=o)n[c@h](c(=o)n1ccc[c@h]1c(n)=o)[c@@h](c)o)[c@@h](c)o)[c@@h](c)o)[c@@h](c)o,CC(C)C[C@H](NC(=O)[C@H](CCCCN)NC(=O)CNC(=O)[C@H](CC(C)C)NC(=O)[C@@H](NC(=O)[C@@H]1CSSC[C@H](N)C(=O)N[C@@H](CO)C(=O)N[C@@H](CC(N)=O)C(=O)N[C@@H](CC(C)C)C(=O)N[C@@H](CO)C(=O)N[C@@H]([C@@H](C)O)C(=O)N1)C(C)C)C(=O)N[C@@H](CO)C(=O)N[C@@H](CCC(N)=O)C(=O)N[C@@H](CCC(=O)O)C(=O)N[C@@H](CC(C)C)C(=O)N[C@@H](Cc1c[nH]cn1)C(=O)N[C@@H](CCCCN)C(=O)N[C@@H](CC(C)C)C(=O)N[C@@H](CCC(N)=O)C(=O)N[C@H](C(=O)N[C@@H](Cc1ccc(O)cc1)C(=O)N1CCC[C@H]1C(=O)N[C@@H](CCCNC(=N)N)C(=O)N[C@H](C(=O)N[C@@H](CC(N)=O)C(=O)N[C@H](C(=O)NCC(=O)N[C@@H](CO)C(=O)NCC(=O)N[C@H](C(=O)N1CCC[C@H]1C(N)=O)[C@@H](C)O)[C@@H](C)O)[C@@H](C)O)[C@@H](C)O,Original,,,,,,,,
CALCITRIOL,1,Most,1,,0,,0,,0,,0,,0,,0,,C=C1/C(=C\C=C2/CCC[C@]3(C)[C@@H]([C@H](C)CCCC(C)(C)O)CC[C@@H]23)C[C@@H](O)C[C@@H]1O,c=c1/c(=c\c=c2/ccc[c@]3(c)[c@@h]([c@h](c)cccc(c)(c)o)cc[c@@h]23)c[c@@h](o)c[c@@h]1o,C=C1/C(=C\C=C2/CCC[C@]3(C)[C@@H]([C@H](C)CCCC(C)(C)O)CC[C@@H]23)C[C@@H](O)C[C@@H]1O,Original,,,,,,,,
CALCIUM ACETATE,1,Most,1,,0,,0,,0,,0,,0,,0,,CC(=O)O.CC(=O)O,cc(=o)o.cc(=o)o,CC(=O)O.CC(=O)O,Original,,,,,,,,
CALCIUM CHLORIDE,1,Most,1,Most,0,,0,,0,,0,,0,,1,Most,[Ca+2],[ca+2],[Ca+2],Original,,,,,,,,
CALCIUM GLUCONATE,1,Most,1,Most,0,,0,,0,,0,,0,,1,Most,O=C(O)[C@H](O)[C@@H](O)[C@H](O)[C@H](O)CO.O=C(O)[C@H](O)[C@@H](O)[C@H](O)[C@H](O)CO,o=c(o)[c@h](o)[c@@h](o)[c@h](o)[c@h](o)co.o=c(o)[c@h](o)[c@@h](o)[c@h](o)[c@h](o)co,O=C(O)[C@H](O)[C@@H](O)[C@H](O)[C@H](O)CO.O=C(O)[C@H](O)[C@@H](O)[C@H](O)[C@H](O)CO,Original,,,,,,,,
CANAGLIFLOZIN,0,,1,Most,1,Most,0,,0,,0,,0,,1,Most,Cc1ccc([C@@H]2O[C@H](CO)[C@@H](O)[C@H](O)[C@H]2O)cc1Cc1ccc(-c2ccc(F)cc2)s1,cc1ccc([c@@h]2o[c@h](co)[c@@h](o)[c@h](o)[c@h]2o)cc1cc1ccc(-c2ccc(f)cc2)s1,Cc1ccc([C@@H]2O[C@H](CO)[C@@H](O)[C@H](O)[C@H]2O)cc1Cc1ccc(-c2ccc(F)cc2)s1,Original,,,,,,,,
CANGRELOR,0,,0,,1,Most,0,,0,,0,,0,,1,Most,CSCCNc1nc(SCCC(F)(F)F)nc2c1ncn2[C@@H]1O[C@H](COP(=O)(O)OP(=O)(O)C(Cl)(Cl)P(=O)(O)O)[C@@H](O)[C@H]1O,csccnc1nc(sccc(f)(f)f)nc2c1ncn2[c@@h]1o[c@h](cop(=o)(o)op(=o)(o)c(cl)(cl)p(=o)(o)o)[c@@h](o)[c@h]1o,CSCCNc1nc(SCCC(F)(F)F)nc2c1ncn2[C@@H]1O[C@H](COP(=O)(O)OP(=O)(O)C(Cl)(Cl)P(=O)(O)O)[C@@H](O)[C@H]1O,Original,,,,,,,,
CANNABIDIOL,1,,1,Most,1,Most,0,,1,Most,0,,0,Most,0,,C=C(C)[C@@H]1CCC(C)=C[C@H]1c1c(O)cc(CCCCC)cc1O,c=c(c)[c@@h]1ccc(c)=c[c@h]1c1c(o)cc(ccccc)cc1o,C=C(C)[C@@H]1CCC(C)=C[C@H]1c1c(O)cc(CCCCC)cc1O,Original,,,,,,,,
CAPECITABINE,1,Most,1,Most,1,Most,1,Most,1,Most,0,,0,,1,Most,CCCCCOC(=O)Nc1nc(=O)n([C@@H]2O[C@H](C)[C@@H](O)[C@H]2O)cc1F,cccccoc(=o)nc1nc(=o)n([c@@h]2o[c@h](c)[c@@h](o)[c@h]2o)cc1f,CCCCCOC(=O)Nc1nc(=O)n([C@@H]2O[C@H](C)[C@@H](O)[C@H]2O)cc1F,Original,,,,,,,,
CAPMATINIB,0,,1,Most,1,Most,0,,1,Most,0,,1,Most,1,,CNC(=O)c1ccc(-c2cnc3ncc(Cc4ccc5ncccc5c4)n3n2)cc1F,cnc(=o)c1ccc(-c2cnc3ncc(cc4ccc5ncccc5c4)n3n2)cc1f,CNC(=O)c1ccc(-c2cnc3ncc(Cc4ccc5ncccc5c4)n3n2)cc1F,Original,,,,,,,,
CAPTOPRIL,1,Most,1,Most,1,Most,0,,1,Most,0,,1,Most,1,Most,C[C@H](CS)C(=O)N1CCC[C@H]1C(=O)O,c[c@h](cs)c(=o)n1ccc[c@h]1c(=o)o,C[C@H](CS)C(=O)N1CCC[C@H]1C(=O)O,Original,,,,,,,,
CARBAMAZEPINE,1,Most,1,Most,1,Most,1,,1,Most,0,,1,Most,1,Most,NC(=O)N1c2ccccc2C=Cc2ccccc21,nc(=o)n1c2ccccc2c=cc2ccccc21,NC(=O)N1c2ccccc2C=Cc2ccccc21,Original,,,,,,,,
CARBIDOPA,0,,1,Most,1,,0,,0,,0,,0,,0,,C[C@@](Cc1ccc(O)c(O)c1)(NN)C(=O)O,c[c@@](cc1ccc(o)c(o)c1)(nn)c(=o)o,C[C@@](Cc1ccc(O)c(O)c1)(NN)C(=O)O,Original,,,,,,,,
CARBINOXAMINE MALEATE,1,Most,1,Most,1,,0,,0,,0,,0,,0,,CN(C)CCOC(c1ccc(Cl)cc1)c1ccccn1.O=C(O)/C=C\C(=O)O,cn(c)ccoc(c1ccc(cl)cc1)c1ccccn1.o=c(o)/c=c\c(=o)o,CN(C)CCOC(c1ccc(Cl)cc1)c1ccccn1.O=C(O)/C=C\C(=O)O,Original,,,,,,,,
CARBOPLATIN,1,,1,,1,Most,1,Most,1,,1,,0,,1,,O=C([O-])C1(C(=O)[O-])CCC1.[Pt+2],o=c([o-])c1(c(=o)[o-])ccc1.[pt+2],O=C([O-])C1(C(=O)[O-])CCC1.[Pt+2],Original,,,,,,,,
CARBOPROST TROMETHAMINE,1,Most,1,Most,0,,0,,0,,0,,1,Most,0,,CCCCC[C@](C)(O)/C=C/[C@@H]1[C@@H](C/C=C\CCCC(=O)O)[C@@H](O)C[C@H]1O.NC(CO)(CO)CO,ccccc[c@](c)(o)/c=c/[c@@h]1[c@@h](c/c=c\cccc(=o)o)[c@@h](o)c[c@h]1o.nc(co)(co)co,CCCCC[C@](C)(O)/C=C/[C@@H]1[C@@H](C/C=C\CCCC(=O)O)[C@@H](O)C[C@H]1O.NC(CO)(CO)CO,Original,,,,,,,,
CARFILZOMIB,1,Most,1,,1,Most,1,,1,Most,0,,1,Most,1,Most,CC(C)C[C@H](NC(=O)[C@H](CCc1ccccc1)NC(=O)CN1CCOCC1)C(=O)N[C@@H](Cc1ccccc1)C(=O)N[C@@H](CC(C)C)C(=O)[C@@]1(C)CO1,cc(c)c[c@h](nc(=o)[c@h](ccc1ccccc1)nc(=o)cn1ccocc1)c(=o)n[c@@h](cc1ccccc1)c(=o)n[c@@h](cc(c)c)c(=o)[c@@]1(c)co1,CC(C)C[C@H](NC(=O)[C@H](CCc1ccccc1)NC(=O)CN1CCOCC1)C(=O)N[C@@H](Cc1ccccc1)C(=O)N[C@@H](CC(C)C)C(=O)[C@@]1(C)CO1,Original,,,,,,,,
CARGLUMIC ACID,0,,1,,1,Most,0,,0,,0,,0,,0,,NC(=O)N[C@@H](CCC(=O)O)C(=O)O,nc(=o)n[c@@h](ccc(=o)o)c(=o)o,NC(=O)N[C@@H](CCC(=O)O)C(=O)O,Original,,,,,,,,
CARIPRAZINE,1,,1,Most,1,,1,,1,,0,,1,Most,0,,CN(C)C(=O)N[C@H]1CC[C@H](CCN2CCN(c3cccc(Cl)c3Cl)CC2)CC1,cn(c)c(=o)n[c@h]1cc[c@h](ccn2ccn(c3cccc(cl)c3cl)cc2)cc1,CN(C)C(=O)N[C@H]1CC[C@H](CCN2CCN(c3cccc(Cl)c3Cl)CC2)CC1,Original,,,,,,,,
CARISOPRODOL,0,,0,,1,,0,,0,,0,,0,,0,,CCCC(C)(COC(N)=O)COC(=O)NC(C)C,cccc(c)(coc(n)=o)coc(=o)nc(c)c,CCCC(C)(COC(N)=O)COC(=O)NC(C)C,Original,,,,,,,,
CARMUSTINE,0,,1,Most,0,,1,Most,0,,0,,0,,0,,O=NN(CCCl)C(=O)NCCCl,o=nn(cccl)c(=o)ncccl,O=NN(CCCl)C(=O)NCCCl,Original,,,,,,,,
CARVEDILOL,1,Most,1,Most,1,Most,1,Most,1,Most,0,,1,Most,1,,COc1ccccc1OCCNCC(O)COc1cccc2[nH]c3ccccc3c12,coc1ccccc1occncc(o)coc1cccc2[nh]c3ccccc3c12,COc1ccccc1OCCNCC(O)COc1cccc2[nH]c3ccccc3c12,Original,,,,,,,,
CASIMERSEN,0,,1,,0,,0,,0,,0,,0,,1,Most,CN(C)P(=O)(OCC1CNCC(n2ccc(N)nc2=O)O1)N1CCN(C(=O)OCCOCCOCCO)CC1,cn(c)p(=o)(occ1cncc(n2ccc(n)nc2=o)o1)n1ccn(c(=o)occoccocco)cc1,CN(C)P(=O)(OCC1CNCC(n2ccc(N)nc2=O)O1)N1CCN(C(=O)OCCOCCOCCO)CC1,Original,,,,,,,,
CASPOFUNGIN ACETATE,0,,1,Most,1,Most,0,,1,Most,0,,1,Most,1,,CC[C@H](C)C[C@H](C)CCCCCCCCC(=O)N[C@H]1C[C@@H](O)[C@@H](NCCN)NC(=O)[C@@H]2[C@@H](O)CCN2C(=O)[C@H]([C@H](O)CCN)NC(=O)[C@H]([C@H](O)[C@@H](O)c2ccc(O)cc2)NC(=O)[C@@H]2C[C@@H](O)CN2C(=O)[C@H]([C@@H](C)O)NC1=O,cc[c@h](c)c[c@h](c)ccccccccc(=o)n[c@h]1c[c@@h](o)[c@@h](nccn)nc(=o)[c@@h]2[c@@h](o)ccn2c(=o)[c@h]([c@h](o)ccn)nc(=o)[c@h]([c@h](o)[c@@h](o)c2ccc(o)cc2)nc(=o)[c@@h]2c[c@@h](o)cn2c(=o)[c@h]([c@@h](c)o)nc1=o,CC[C@H](C)C[C@H](C)CCCCCCCCC(=O)N[C@H]1C[C@@H](O)[C@@H](NCCN)NC(=O)[C@@H]2[C@@H](O)CCN2C(=O)[C@H]([C@H](O)CCN)NC(=O)[C@H]([C@H](O)[C@@H](O)c2ccc(O)cc2)NC(=O)[C@@H]2C[C@@H](O)CN2C(=O)[C@H]([C@@H](C)O)NC1=O,Original,,,,,,,,
CEFACLOR,0,,1,Most,1,Most,0,,1,,0,,0,,1,,N[C@@H](C(=O)N[C@@H]1C(=O)N2C(C(=O)O)=C(Cl)CS[C@H]12)c1ccccc1,n[c@@h](c(=o)n[c@@h]1c(=o)n2c(c(=o)o)=c(cl)cs[c@h]12)c1ccccc1,N[C@@H](C(=O)N[C@@H]1C(=O)N2C(C(=O)O)=C(Cl)CS[C@H]12)c1ccccc1,Original,,,,,,,,
CEFADROXIL,0,,1,Most,1,Most,0,,1,,0,,0,,1,Most,CC1=C(C(=O)O)N2C(=O)[C@@H](NC(=O)[C@H](N)c3ccc(O)cc3)[C@H]2SC1,cc1=c(c(=o)o)n2c(=o)[c@@h](nc(=o)[c@h](n)c3ccc(o)cc3)[c@h]2sc1,CC1=C(C(=O)O)N2C(=O)[C@@H](NC(=O)[C@H](N)c3ccc(O)cc3)[C@H]2SC1,Original,,,,,,,,
CEFADROXIL HEMIHYDRATE,0,,1,Most,1,,0,,1,Most,0,,0,,1,Most,CC1=C(C(=O)O)N2C(=O)C(NC(=O)C(N)c3ccc(O)cc3)C2SC1.CC1=C(C(=O)O)N2C(=O)C(NC(=O)C(N)c3ccc(O)cc3)C2SC1,cc1=c(c(=o)o)n2c(=o)c(nc(=o)c(n)c3ccc(o)cc3)c2sc1.cc1=c(c(=o)o)n2c(=o)c(nc(=o)c(n)c3ccc(o)cc3)c2sc1,CC1=C(C(=O)O)N2C(=O)C(NC(=O)C(N)c3ccc(O)cc3)C2SC1.CC1=C(C(=O)O)N2C(=O)C(NC(=O)C(N)c3ccc(O)cc3)C2SC1,Original,,,,,,,,
CEFAZOLIN,0,,1,Most,1,Most,0,,1,Most,0,,0,,1,Most,Cc1nnc(SCC2=C(C(=O)O)N3C(=O)[C@@H](NC(=O)Cn4cnnn4)[C@H]3SC2)s1,cc1nnc(scc2=c(c(=o)o)n3c(=o)[c@@h](nc(=o)cn4cnnn4)[c@h]3sc2)s1,Cc1nnc(SCC2=C(C(=O)O)N3C(=O)[C@@H](NC(=O)Cn4cnnn4)[C@H]3SC2)s1,Original,,,,,,,,
CEFDINIR,0,,1,Most,1,Most,0,,1,,0,,1,,1,,C=CC1=C(C(=O)O)N2C(=O)[C@@H](NC(=O)/C(=N\O)c3csc(N)n3)[C@H]2SC1,c=cc1=c(c(=o)o)n2c(=o)[c@@h](nc(=o)/c(=n\o)c3csc(n)n3)[c@h]2sc1,C=CC1=C(C(=O)O)N2C(=O)[C@@H](NC(=O)/C(=N\O)c3csc(N)n3)[C@H]2SC1,Original,,,,,,,,
CEFDITOREN PIVOXIL,0,,1,Most,1,,0,,0,,0,,1,,1,Most,CO/N=C(\C(=O)N[C@@H]1C(=O)N2C(C(=O)OCOC(=O)C(C)(C)C)=C(/C=C\c3scnc3C)CS[C@H]12)c1csc(N)n1,co/n=c(\c(=o)n[c@@h]1c(=o)n2c(c(=o)ococ(=o)c(c)(c)c)=c(/c=c\c3scnc3c)cs[c@h]12)c1csc(n)n1,CO/N=C(\C(=O)N[C@@H]1C(=O)N2C(C(=O)OCOC(=O)C(C)(C)C)=C(/C=C\c3scnc3C)CS[C@H]12)c1csc(N)n1,Original,,,,,,,,
CEFEPIME,0,,1,Most,1,Most,0,,1,,0,,0,,1,Most,CO/N=C(\C(=O)N[C@@H]1C(=O)N2C(C(=O)[O-])=C(C[N+]3(C)CCCC3)CS[C@H]12)c1csc(N)n1,co/n=c(\c(=o)n[c@@h]1c(=o)n2c(c(=o)[o-])=c(c[n+]3(c)cccc3)cs[c@h]12)c1csc(n)n1,CO/N=C(\C(=O)N[C@@H]1C(=O)N2C(C(=O)[O-])=C(C[N+]3(C)CCCC3)CS[C@H]12)c1csc(N)n1,Original,,,,,,,,
CEFIDEROCOL SULFATE TOSYLATE,1,,1,,1,,0,,1,Most,0,,0,,0,,CC(C)(O/N=C(\C(=O)N[C@@H]1C(=O)N2C(C(=O)O)=C(C[N+]3(CCNC(=O)c4ccc(O)c(O)c4Cl)CCCC3)CS[C@H]12)c1csc(N)n1)C(=O)O.CC(C)(O/N=C(\C(=O)N[C@@H]1C(=O)N2C(C(=O)O)=C(C[N+]3(CCNC(=O)c4ccc(O)c(O)c4Cl)CCCC3)CS[C@H]12)c1csc(N)n1)C(=O)O.CC(C)(O/N=C(\C(=O)N[C@@H]1C(=O)N2C(C(=O)O)=C(C[N+]3(CCNC(=O)c4ccc(O)c(O)c4Cl)CCCC3)CS[C@H]12)c1csc(N)n1)C(=O)O.Cc1ccc(S(=O)(=O)O)cc1.Cc1ccc(S(=O)(=O)O)cc1.Cc1ccc(S(=O)(=O)O)cc1.Cc1ccc(S(=O)(=O)O)cc1,cc(c)(o/n=c(\c(=o)n[c@@h]1c(=o)n2c(c(=o)o)=c(c[n+]3(ccnc(=o)c4ccc(o)c(o)c4cl)cccc3)cs[c@h]12)c1csc(n)n1)c(=o)o.cc(c)(o/n=c(\c(=o)n[c@@h]1c(=o)n2c(c(=o)o)=c(c[n+]3(ccnc(=o)c4ccc(o)c(o)c4cl)cccc3)cs[c@h]12)c1csc(n)n1)c(=o)o.cc(c)(o/n=c(\c(=o)n[c@@h]1c(=o)n2c(c(=o)o)=c(c[n+]3(ccnc(=o)c4ccc(o)c(o)c4cl)cccc3)cs[c@h]12)c1csc(n)n1)c(=o)o.cc1ccc(s(=o)(=o)o)cc1.cc1ccc(s(=o)(=o)o)cc1.cc1ccc(s(=o)(=o)o)cc1.cc1ccc(s(=o)(=o)o)cc1,CC(C)(O/N=C(\C(=O)N[C@@H]1C(=O)N2C(C(=O)O)=C(C[N+]3(CCNC(=O)c4ccc(O)c(O)c4Cl)CCCC3)CS[C@H]12)c1csc(N)n1)C(=O)O.CC(C)(O/N=C(\C(=O)N[C@@H]1C(=O)N2C(C(=O)O)=C(C[N+]3(CCNC(=O)c4ccc(O)c(O)c4Cl)CCCC3)CS[C@H]12)c1csc(N)n1)C(=O)O.CC(C)(O/N=C(\C(=O)N[C@@H]1C(=O)N2C(C(=O)O)=C(C[N+]3(CCNC(=O)c4ccc(O)c(O)c4Cl)CCCC3)CS[C@H]12)c1csc(N)n1)C(=O)O.Cc1ccc(S(=O)(=O)O)cc1.Cc1ccc(S(=O)(=O)O)cc1.Cc1ccc(S(=O)(=O)O)cc1.Cc1ccc(S(=O)(=O)O)cc1,Original,,,,,,,,
CEFIXIME,0,,1,Most,1,Most,0,,1,,0,,0,,1,,C=CC1=C(C(=O)O)N2C(=O)[C@@H](NC(=O)/C(=N\OCC(=O)O)c3csc(N)n3)[C@H]2SC1,c=cc1=c(c(=o)o)n2c(=o)[c@@h](nc(=o)/c(=n\occ(=o)o)c3csc(n)n3)[c@h]2sc1,C=CC1=C(C(=O)O)N2C(=O)[C@@H](NC(=O)/C(=N\OCC(=O)O)c3csc(N)n3)[C@H]2SC1,Original,,,,,,,,
CEFOTETAN,0,,1,Most,1,Most,1,Most,1,,0,,0,,1,Most,CO[C@@]1(NC(=O)C2SC(=C(C(N)=O)C(=O)O)S2)C(=O)N2C(C(=O)O)=C(CSc3nnnn3C)CS[C@@H]21,co[c@@]1(nc(=o)c2sc(=c(c(n)=o)c(=o)o)s2)c(=o)n2c(c(=o)o)=c(csc3nnnn3c)cs[c@@h]21,CO[C@@]1(NC(=O)C2SC(=C(C(N)=O)C(=O)O)S2)C(=O)N2C(C(=O)O)=C(CSc3nnnn3C)CS[C@@H]21,Original,,,,,,,,
CEFOTETAN DISODIUM,0,,1,Most,1,Most,1,Most,1,,0,,0,,1,Most,CO[C@@]1(NC(=O)C2SC(=C(C(N)=O)C(=O)O)S2)C(=O)N2C(C(=O)O)=C(CSc3nnnn3C)CS[C@@H]21,co[c@@]1(nc(=o)c2sc(=c(c(n)=o)c(=o)o)s2)c(=o)n2c(c(=o)o)=c(csc3nnnn3c)cs[c@@h]21,CO[C@@]1(NC(=O)C2SC(=C(C(N)=O)C(=O)O)S2)C(=O)N2C(C(=O)O)=C(CSc3nnnn3C)CS[C@@H]21,Original,,,,,,,,
CEFOXITIN,0,,1,Most,1,Most,0,,1,,0,,0,,1,,CO[C@@]1(NC(=O)Cc2cccs2)C(=O)N2C(C(=O)O)=C(COC(N)=O)CS[C@@H]21,co[c@@]1(nc(=o)cc2cccs2)c(=o)n2c(c(=o)o)=c(coc(n)=o)cs[c@@h]21,CO[C@@]1(NC(=O)Cc2cccs2)C(=O)N2C(C(=O)O)=C(COC(N)=O)CS[C@@H]21,Original,,,,,,,,
CEFPODOXIME PROXETIL,0,,1,Most,1,Most,0,,1,,0,,1,Most,1,,COCC1=C(C(=O)OC(C)OC(=O)OC(C)C)N2C(=O)[C@@H](NC(=O)/C(=N\OC)c3csc(N)n3)[C@H]2SC1,cocc1=c(c(=o)oc(c)oc(=o)oc(c)c)n2c(=o)[c@@h](nc(=o)/c(=n\oc)c3csc(n)n3)[c@h]2sc1,COCC1=C(C(=O)OC(C)OC(=O)OC(C)C)N2C(=O)[C@@H](NC(=O)/C(=N\OC)c3csc(N)n3)[C@H]2SC1,Original,,,,,,,,
CEFPROZIL,0,,1,Most,1,Most,0,,1,,0,,0,,1,,CC=CC1=C(C(=O)O)N2C(=O)[C@@H](NC(=O)[C@H](N)c3ccc(O)cc3)[C@H]2SC1,cc=cc1=c(c(=o)o)n2c(=o)[c@@h](nc(=o)[c@h](n)c3ccc(o)cc3)[c@h]2sc1,CC=CC1=C(C(=O)O)N2C(=O)[C@@H](NC(=O)[C@H](N)c3ccc(O)cc3)[C@H]2SC1,Original,,,,,,,,
CEFTAROLINE FOSAMIL,0,,1,Most,1,Most,0,,0,,0,,0,,1,,CCO/N=C(\C(=O)N[C@@H]1C(=O)N2C(C(=O)[O-])=C(Sc3nc(-c4cc[n+](C)cc4)cs3)CS[C@H]12)c1nsc(NP(=O)(O)O)n1,cco/n=c(\c(=o)n[c@@h]1c(=o)n2c(c(=o)[o-])=c(sc3nc(-c4cc[n+](c)cc4)cs3)cs[c@h]12)c1nsc(np(=o)(o)o)n1,CCO/N=C(\C(=O)N[C@@H]1C(=O)N2C(C(=O)[O-])=C(Sc3nc(-c4cc[n+](C)cc4)cs3)CS[C@H]12)c1nsc(NP(=O)(O)O)n1,Original,,,,,,,,
CEFTAZIDIME,0,,1,Most,1,Most,0,,1,,0,,0,,1,Most,CC(C)(O/N=C(\C(=O)N[C@@H]1C(=O)N2C(C(=O)[O-])=C(C[n+]3ccccc3)CS[C@H]12)c1csc(N)n1)C(=O)O,cc(c)(o/n=c(\c(=o)n[c@@h]1c(=o)n2c(c(=o)[o-])=c(c[n+]3ccccc3)cs[c@h]12)c1csc(n)n1)c(=o)o,CC(C)(O/N=C(\C(=O)N[C@@H]1C(=O)N2C(C(=O)[O-])=C(C[n+]3ccccc3)CS[C@H]12)c1csc(N)n1)C(=O)O,Original,,,,,,,,
CEFTIBUTEN DIHYDRATE,0,,1,Most,1,,0,,1,,0,,0,,1,Most,Nc1nc(/C(=C/CC(=O)O)C(=O)N[C@@H]2C(=O)N3C(C(=O)O)=CCS[C@H]23)cs1,nc1nc(/c(=c/cc(=o)o)c(=o)n[c@@h]2c(=o)n3c(c(=o)o)=ccs[c@h]23)cs1,Nc1nc(/C(=C/CC(=O)O)C(=O)N[C@@H]2C(=O)N3C(C(=O)O)=CCS[C@H]23)cs1,Original,,,,,,,,
CEFTRIAXONE,0,,1,Most,1,Most,0,,1,Most,0,,0,,1,Most,CO/N=C(\C(=O)N[C@@H]1C(=O)N2C(C(=O)O)=C(CSc3nc(=O)c(O)nn3C)CS[C@H]12)c1csc(N)n1,co/n=c(\c(=o)n[c@@h]1c(=o)n2c(c(=o)o)=c(csc3nc(=o)c(o)nn3c)cs[c@h]12)c1csc(n)n1,CO/N=C(\C(=O)N[C@@H]1C(=O)N2C(C(=O)O)=C(CSc3nc(=O)c(O)nn3C)CS[C@H]12)c1csc(N)n1,Original,,,,,,,,
CEFUROXIME AXETIL,0,,1,Most,1,Most,0,,1,,0,,0,,1,Most,CO/N=C(\C(=O)N[C@@H]1C(=O)N2C(C(=O)OC(C)OC(C)=O)=C(COC(N)=O)CS[C@H]12)c1ccco1,co/n=c(\c(=o)n[c@@h]1c(=o)n2c(c(=o)oc(c)oc(c)=o)=c(coc(n)=o)cs[c@h]12)c1ccco1,CO/N=C(\C(=O)N[C@@H]1C(=O)N2C(C(=O)OC(C)OC(C)=O)=C(COC(N)=O)CS[C@H]12)c1ccco1,Original,,,,,,,,
CEFUROXIME SODIUM,0,,1,,1,Most,0,,1,,1,,0,,1,,CO/N=C(\C(=O)N[C@@H]1C(=O)N2C(C(=O)O)=C(COC(N)=O)CS[C@H]12)c1ccco1,co/n=c(\c(=o)n[c@@h]1c(=o)n2c(c(=o)o)=c(coc(n)=o)cs[c@h]12)c1ccco1,CO/N=C(\C(=O)N[C@@H]1C(=O)N2C(C(=O)O)=C(COC(N)=O)CS[C@H]12)c1ccco1,Original,,,,,,,,
CELECOXIB,1,Most,1,Most,1,Most,1,Most,1,Most,0,,0,,1,Most,Cc1ccc(-c2cc(C(F)(F)F)nn2-c2ccc(S(N)(=O)=O)cc2)cc1,cc1ccc(-c2cc(c(f)(f)f)nn2-c2ccc(s(n)(=o)=o)cc2)cc1,Cc1ccc(-c2cc(C(F)(F)F)nn2-c2ccc(S(N)(=O)=O)cc2)cc1,Original,,,,,,,,
CENOBAMATE,1,Most,1,Most,1,,0,,1,Most,0,,0,,0,,NC(=O)O[C@@H](Cn1ncnn1)c1ccccc1Cl,nc(=o)o[c@@h](cn1ncnn1)c1ccccc1cl,NC(=O)O[C@@H](Cn1ncnn1)c1ccccc1Cl,Original,,,,,,,,
CEPHALEXIN,0,,1,Most,1,Most,0,,1,,0,,0,,1,Most,CC1=C(C(=O)O)N2C(=O)[C@@H](NC(=O)[C@H](N)c3ccccc3)[C@H]2SC1,cc1=c(c(=o)o)n2c(=o)[c@@h](nc(=o)[c@h](n)c3ccccc3)[c@h]2sc1,CC1=C(C(=O)O)N2C(=O)[C@@H](NC(=O)[C@H](N)c3ccccc3)[C@H]2SC1,Original,,,,,,,,
CERITINIB,1,Most,1,Most,1,Most,0,,1,Most,0,,1,Most,1,,Cc1cc(Nc2ncc(Cl)c(Nc3ccccc3S(=O)(=O)C(C)C)n2)c(OC(C)C)cc1C1CCNCC1,cc1cc(nc2ncc(cl)c(nc3ccccc3s(=o)(=o)c(c)c)n2)c(oc(c)c)cc1c1ccncc1,Cc1cc(Nc2ncc(Cl)c(Nc3ccccc3S(=O)(=O)C(C)C)n2)c(OC(C)C)cc1C1CCNCC1,Original,,,,,,,,
CETIRIZINE HYDROCHLORIDE,0,,0,,0,,0,,0,,0,,0,,0,,O=C(O)COCCN1CCN(C(c2ccccc2)c2ccc(Cl)cc2)CC1,o=c(o)coccn1ccn(c(c2ccccc2)c2ccc(cl)cc2)cc1,O=C(O)COCCN1CCN(C(c2ccccc2)c2ccc(Cl)cc2)CC1,Original,,,,,,,,
CETRORELIX ACETATE,0,,1,,0,,1,Most,0,,0,,0,,0,,CC(=O)N[C@H](Cc1ccc2ccccc2c1)C(=O)N[C@H](Cc1ccc(Cl)cc1)C(=O)N[C@H](Cc1cccnc1)C(=O)N[C@@H](CO)C(=O)N[C@@H](Cc1ccc(O)cc1)C(=O)N[C@H](CCCNC(N)=O)C(=O)N[C@@H](CC(C)C)C(=O)N[C@@H](CCCNC(=N)N)C(=O)N1CCC[C@H]1C(=O)N[C@H](C)C(N)=O,cc(=o)n[c@h](cc1ccc2ccccc2c1)c(=o)n[c@h](cc1ccc(cl)cc1)c(=o)n[c@h](cc1cccnc1)c(=o)n[c@@h](co)c(=o)n[c@@h](cc1ccc(o)cc1)c(=o)n[c@h](cccnc(n)=o)c(=o)n[c@@h](cc(c)c)c(=o)n[c@@h](cccnc(=n)n)c(=o)n1ccc[c@h]1c(=o)n[c@h](c)c(n)=o,CC(=O)N[C@H](Cc1ccc2ccccc2c1)C(=O)N[C@H](Cc1ccc(Cl)cc1)C(=O)N[C@H](Cc1cccnc1)C(=O)N[C@@H](CO)C(=O)N[C@@H](Cc1ccc(O)cc1)C(=O)N[C@H](CCCNC(N)=O)C(=O)N[C@@H](CC(C)C)C(=O)N[C@@H](CCCNC(=N)N)C(=O)N1CCC[C@H]1C(=O)N[C@H](C)C(N)=O,Original,,,,,,,,
CEVIMELINE,1,Most,1,,0,,1,,0,,0,,1,Most,1,,CC1OC2(CS1)CN1CCC2CC1,cc1oc2(cs1)cn1ccc2cc1,CC1OC2(CS1)CN1CCC2CC1,Original,,,,,,,,
CHENODIOL,0,,0,,1,,0,,1,Most,0,,0,,0,,C[C@H](CCC(=O)O)[C@H]1CC[C@H]2[C@@H]3[C@H](O)C[C@@H]4C[C@H](O)CC[C@]4(C)[C@H]3CC[C@]12C,c[c@h](ccc(=o)o)[c@h]1cc[c@h]2[c@@h]3[c@h](o)c[c@@h]4c[c@h](o)cc[c@]4(c)[c@h]3cc[c@]12c,C[C@H](CCC(=O)O)[C@H]1CC[C@H]2[C@@H]3[C@H](O)C[C@@H]4C[C@H](O)CC[C@]4(C)[C@H]3CC[C@]12C,Original,,,,,,,,
CHLORAMBUCIL,0,,1,Most,1,Most,1,Most,1,,0,,1,Most,0,,O=C(O)CCCc1ccc(N(CCCl)CCCl)cc1,o=c(o)cccc1ccc(n(cccl)cccl)cc1,O=C(O)CCCc1ccc(N(CCCl)CCCl)cc1,Original,,,,,,,,
CHLORAMPHENICOL SODIUM SUCCINATE,0,,1,Most,1,Most,0,,1,Most,0,,0,,1,Most,O=C(O)CCC(=O)OC[C@@H](NC(=O)C(Cl)Cl)[C@H](O)c1ccc([N+](=O)[O-])cc1,o=c(o)ccc(=o)oc[c@@h](nc(=o)c(cl)cl)[c@h](o)c1ccc([n+](=o)[o-])cc1,O=C(O)CCC(=O)OC[C@@H](NC(=O)C(Cl)Cl)[C@H](O)c1ccc([N+](=O)[O-])cc1,Original,,,,,,,,
CHLORDIAZEPOXIDE HYDROCHLORIDE,0,,1,,1,Most,1,Most,1,,0,,1,Most,0,,CNC1=Nc2ccc(Cl)cc2C(c2ccccc2)=[N+]([O-])C1,cnc1=nc2ccc(cl)cc2c(c2ccccc2)=[n+]([o-])c1,CNC1=Nc2ccc(Cl)cc2C(c2ccccc2)=[N+]([O-])C1,Original,,,,,,,,
CHLORHEXIDINE GLUCONATE,0,,1,Most,0,,0,,0,,0,,0,,0,,N=C(NCCCCCCNC(=N)NC(=N)Nc1ccc(Cl)cc1)NC(=N)Nc1ccc(Cl)cc1.O=C(O)[C@H](O)[C@@H](O)[C@H](O)[C@H](O)CO.O=C(O)[C@H](O)[C@@H](O)[C@H](O)[C@H](O)CO,n=c(nccccccnc(=n)nc(=n)nc1ccc(cl)cc1)nc(=n)nc1ccc(cl)cc1.o=c(o)[c@h](o)[c@@h](o)[c@h](o)[c@h](o)co.o=c(o)[c@h](o)[c@@h](o)[c@h](o)[c@h](o)co,N=C(NCCCCCCNC(=N)NC(=N)Nc1ccc(Cl)cc1)NC(=N)Nc1ccc(Cl)cc1.O=C(O)[C@H](O)[C@@H](O)[C@H](O)[C@H](O)CO.O=C(O)[C@H](O)[C@@H](O)[C@H](O)[C@H](O)CO,Original,,,,,,,,
CHLOROQUINE PHOSPHATE,1,Most,1,Most,1,Most,1,Most,1,Most,1,Most,0,,1,Most,CCN(CC)CCCC(C)Nc1ccnc2cc(Cl)ccc12,ccn(cc)cccc(c)nc1ccnc2cc(cl)ccc12,CCN(CC)CCCC(C)Nc1ccnc2cc(Cl)ccc12,Original,,,,,,,,
CHLOROTHIAZIDE,1,Most,1,Most,1,Most,0,,1,,0,,1,Most,1,Most,NS(=O)(=O)c1cc2c(cc1Cl)N=CNS2(=O)=O,ns(=o)(=o)c1cc2c(cc1cl)n=cns2(=o)=o,NS(=O)(=O)c1cc2c(cc1Cl)N=CNS2(=O)=O,Original,,,,,,,,
CHLORPROMAZINE HYDROCHLORIDE,1,Most,1,Most,1,Most,1,,1,Most,0,,0,,0,,CN(C)CCCN1c2ccccc2Sc2ccc(Cl)cc21,cn(c)cccn1c2ccccc2sc2ccc(cl)cc21,CN(C)CCCN1c2ccccc2Sc2ccc(Cl)cc21,Original,,,,,,,,
CHLORTHALIDONE,1,,1,Most,1,Most,0,,0,,0,,0,,1,Most,NS(=O)(=O)c1cc(C2(O)NC(=O)c3ccccc32)ccc1Cl,ns(=o)(=o)c1cc(c2(o)nc(=o)c3ccccc32)ccc1cl,NS(=O)(=O)c1cc(C2(O)NC(=O)c3ccccc32)ccc1Cl,Original,,,,,,,,
CHLORZOXAZONE,0,,1,Most,0,,0,,1,Most,0,,0,,0,,O=c1[nH]c2cc(Cl)ccc2o1,o=c1[nh]c2cc(cl)ccc2o1,O=c1[nH]c2cc(Cl)ccc2o1,Original,,,,,,,,
CHOLESTYRAMINE,0,,1,,1,Most,0,,0,,0,,0,,1,,CCC(C)C.CCC(CC(C)c1ccccc1)c1ccc(C[N+](C)(C)C)cc1,ccc(c)c.ccc(cc(c)c1ccccc1)c1ccc(c[n+](c)(c)c)cc1,CCC(C)C.CCC(CC(C)c1ccccc1)c1ccc(C[N+](C)(C)C)cc1,Original,,,,,,,,
CHOLIC ACID,0,,1,,0,,0,,1,Most,0,,0,,0,,C[C@H](CCC(=O)O)[C@H]1CC[C@H]2[C@@H]3[C@H](O)C[C@@H]4C[C@H](O)CC[C@]4(C)[C@H]3C[C@H](O)[C@]12C,c[c@h](ccc(=o)o)[c@h]1cc[c@h]2[c@@h]3[c@h](o)c[c@@h]4c[c@h](o)cc[c@]4(c)[c@h]3c[c@h](o)[c@]12c,C[C@H](CCC(=O)O)[C@H]1CC[C@H]2[C@@H]3[C@H](O)C[C@@H]4C[C@H](O)CC[C@]4(C)[C@H]3C[C@H](O)[C@]12C,Original,,,,,,,,
CHOLINE C-11,0,,0,,0,,0,,0,,0,,0,,0,,C[N+](C)([11CH3])CCO,c[n+](c)([11ch3])cco,C[N+](C)([11CH3])CCO,Original,,,,,,,,
CHROMIC CHLORIDE,0,,0,,0,,0,,1,,0,,0,,1,Most,[Cr+3],[cr+3],[Cr+3],Original,,,,,,,,
CIDOFOVIR DIHYDRATE,0,,1,Most,1,Most,1,Most,1,Most,0,,0,,1,Most,Nc1ccn(CC(CO)OCP(=O)(O)O)c(=O)n1,nc1ccn(cc(co)ocp(=o)(o)o)c(=o)n1,Nc1ccn(CC(CO)OCP(=O)(O)O)c(=O)n1,Original,,,,,,,,
CILOSTAZOL,1,Most,1,Most,1,Most,0,,1,,0,,1,,0,,O=C1CCc2cc(OCCCCc3nnnn3C3CCCCC3)ccc2N1,o=c1ccc2cc(occccc3nnnn3c3ccccc3)ccc2n1,O=C1CCc2cc(OCCCCc3nnnn3C3CCCCC3)ccc2N1,Original,,,,,,,,
CIMETIDINE,1,,1,Most,1,Most,0,,1,Most,0,,1,,1,,CN/C(=N\CCSCc1nc[nH]c1C)NC#N,cn/c(=n\ccscc1nc[nh]c1c)nc#n,CN/C(=N\CCSCc1nc[nH]c1C)NC#N,Original,,,,,,,,
CIMETIDINE HYDROCHLORIDE,1,,1,,1,Most,0,,1,,0,,0,,1,,CN/C(=N\CCSCc1nc[nH]c1C)NC#N,cn/c(=n\ccscc1nc[nh]c1c)nc#n,CN/C(=N\CCSCc1nc[nH]c1C)NC#N,Original,,,,,,,,
CINACALCET,1,Most,1,,0,,0,,0,,0,,0,,0,,C[C@@H](NCCCc1cccc(C(F)(F)F)c1)c1cccc2ccccc12,c[c@@h](ncccc1cccc(c(f)(f)f)c1)c1cccc2ccccc12,C[C@@H](NCCCc1cccc(C(F)(F)F)c1)c1cccc2ccccc12,Original,,,,,,,,
CIPROFLOXACIN,0,,1,,0,,0,,0,,0,,0,,0,,O=C(O)c1cn(C2CC2)c2cc(N3CCNCC3)c(F)cc2c1=O,o=c(o)c1cn(c2cc2)c2cc(n3ccncc3)c(f)cc2c1=o,O=C(O)c1cn(C2CC2)c2cc(N3CCNCC3)c(F)cc2c1=O,Original,,,,,,,,
CISATRACURIUM BESYLATE,0,,1,,0,,0,,0,,0,,0,,0,,COc1ccc(C[C@@H]2c3cc(OC)c(OC)cc3CC[N@+]2(C)CCC(=O)OCCCCCOC(=O)CC[N@@+]2(C)CCc3cc(OC)c(OC)cc3[C@H]2Cc2ccc(OC)c(OC)c2)cc1OC.O=S(=O)([O-])c1ccccc1.O=S(=O)([O-])c1ccccc1,coc1ccc(c[c@@h]2c3cc(oc)c(oc)cc3cc[n@+]2(c)ccc(=o)occcccoc(=o)cc[n@@+]2(c)ccc3cc(oc)c(oc)cc3[c@h]2cc2ccc(oc)c(oc)c2)cc1oc.o=s(=o)([o-])c1ccccc1.o=s(=o)([o-])c1ccccc1,COc1ccc(C[C@@H]2c3cc(OC)c(OC)cc3CC[N@+]2(C)CCC(=O)OCCCCCOC(=O)CC[N@@+]2(C)CCc3cc(OC)c(OC)cc3[C@H]2Cc2ccc(OC)c(OC)c2)cc1OC.O=S(=O)([O-])c1ccccc1.O=S(=O)([O-])c1ccccc1,Original,,,,,,,,
CISPLATIN,1,Most,1,Most,1,Most,1,Most,1,Most,1,Most,1,Most,1,Most,[Pt+2],[pt+2],[Pt+2],Original,,,,,,,,
CITALOPRAM,1,Most,1,Most,1,Most,1,Most,1,,0,,1,Most,1,,CN(C)CCCC1(c2ccc(F)cc2)OCc2cc(C#N)ccc21,cn(c)cccc1(c2ccc(f)cc2)occ2cc(c#n)ccc21,CN(C)CCCC1(c2ccc(F)cc2)OCc2cc(C#N)ccc21,Original,,,,,,,,
CLADRIBINE,1,Most,1,Most,1,Most,1,Most,1,Most,0,,0,,0,,Nc1nc(Cl)nc2c1ncn2[C@H]1C[C@H](O)[C@@H](CO)O1,nc1nc(cl)nc2c1ncn2[c@h]1c[c@h](o)[c@@h](co)o1,Nc1nc(Cl)nc2c1ncn2[C@H]1C[C@H](O)[C@@H](CO)O1,Original,,,,,,,,
CLARITHROMYCIN,1,Most,1,Most,1,Most,1,,1,Most,1,,0,,1,Most,CC[C@H]1OC(=O)[C@H](C)[C@@H](O[C@H]2C[C@@](C)(OC)[C@@H](O)[C@H](C)O2)[C@H](C)[C@@H](O[C@@H]2O[C@H](C)C[C@H](N(C)C)[C@H]2O)[C@](C)(OC)C[C@@H](C)C(=O)[C@H](C)[C@@H](O)[C@]1(C)O,cc[c@h]1oc(=o)[c@h](c)[c@@h](o[c@h]2c[c@@](c)(oc)[c@@h](o)[c@h](c)o2)[c@h](c)[c@@h](o[c@@h]2o[c@h](c)c[c@h](n(c)c)[c@h]2o)[c@](c)(oc)c[c@@h](c)c(=o)[c@h](c)[c@@h](o)[c@]1(c)o,CC[C@H]1OC(=O)[C@H](C)[C@@H](O[C@H]2C[C@@](C)(OC)[C@@H](O)[C@H](C)O2)[C@H](C)[C@@H](O[C@@H]2O[C@H](C)C[C@H](N(C)C)[C@H]2O)[C@](C)(OC)C[C@@H](C)C(=O)[C@H](C)[C@@H](O)[C@]1(C)O,Original,,,,,,,,
CLEMASTINE FUMARATE,1,Most,1,Most,1,Most,1,,0,,0,,0,,0,,CN1CCC[C@@H]1CCO[C@](C)(c1ccccc1)c1ccc(Cl)cc1.O=C(O)/C=C/C(=O)O,cn1ccc[c@@h]1cco[c@](c)(c1ccccc1)c1ccc(cl)cc1.o=c(o)/c=c/c(=o)o,CN1CCC[C@@H]1CCO[C@](C)(c1ccccc1)c1ccc(Cl)cc1.O=C(O)/C=C/C(=O)O,Original,,,,,,,,
CLEVIPIDINE,1,Most,0,,0,,0,,0,,0,,1,,1,,CCCC(=O)OCOC(=O)C1=C(C)NC(C)=C(C(=O)OC)C1c1cccc(Cl)c1Cl,cccc(=o)ococ(=o)c1=c(c)nc(c)=c(c(=o)oc)c1c1cccc(cl)c1cl,CCCC(=O)OCOC(=O)C1=C(C)NC(C)=C(C(=O)OC)C1c1cccc(Cl)c1Cl,Original,,,,,,,,
CLINDAMYCIN HYDROCHLORIDE,0,,1,Most,1,,0,,1,,0,,0,,1,Most,CCC[C@@H]1C[C@@H](C(=O)N[C@@H]([C@H]2O[C@H](SC)[C@H](O)[C@@H](O)[C@H]2O)[C@H](C)Cl)N(C)C1,ccc[c@@h]1c[c@@h](c(=o)n[c@@h]([c@h]2o[c@h](sc)[c@h](o)[c@@h](o)[c@h]2o)[c@h](c)cl)n(c)c1,CCC[C@@H]1C[C@@H](C(=O)N[C@@H]([C@H]2O[C@H](SC)[C@H](O)[C@@H](O)[C@H]2O)[C@H](C)Cl)N(C)C1,Original,,,,,,,,
CLINDAMYCIN IN 5 PERCENT DEXTROSE,1,Most,1,Most,1,,0,,1,Most,0,,0,,1,Most,CCCC1CC(C(=O)NC(C(C)Cl)C2OC(SC)C(O)C(O)C2O)N(C)C1,cccc1cc(c(=o)nc(c(c)cl)c2oc(sc)c(o)c(o)c2o)n(c)c1,CCCC1CC(C(=O)NC(C(C)Cl)C2OC(SC)C(O)C(O)C2O)N(C)C1,Original,,,,,,,,
CLINDAMYCIN PALMITATE HYDROCHLORIDE,0,,1,Most,1,,0,,1,Most,0,,0,,0,,CCCCCCCCCCCCCCCC(=O)O[C@@H]1[C@@H](O)[C@@H](O)[C@@H]([C@H](NC(=O)[C@@H]2C[C@@H](CCC)CN2C)[C@H](C)Cl)O[C@@H]1SC,cccccccccccccccc(=o)o[c@@h]1[c@@h](o)[c@@h](o)[c@@h]([c@h](nc(=o)[c@@h]2c[c@@h](ccc)cn2c)[c@h](c)cl)o[c@@h]1sc,CCCCCCCCCCCCCCCC(=O)O[C@@H]1[C@@H](O)[C@@H](O)[C@@H]([C@H](NC(=O)[C@@H]2C[C@@H](CCC)CN2C)[C@H](C)Cl)O[C@@H]1SC,Original,,,,,,,,
CLINDAMYCIN PHOSPHATE,1,Most,1,Most,1,Most,0,,1,,0,,0,,1,Most,CCC[C@@H]1C[C@@H](C(=O)N[C@@H]([C@H]2O[C@H](SC)[C@H](OP(=O)(O)O)[C@@H](O)[C@H]2O)[C@H](C)Cl)N(C)C1,ccc[c@@h]1c[c@@h](c(=o)n[c@@h]([c@h]2o[c@h](sc)[c@h](op(=o)(o)o)[c@@h](o)[c@h]2o)[c@h](c)cl)n(c)c1,CCC[C@@H]1C[C@@H](C(=O)N[C@@H]([C@H]2O[C@H](SC)[C@H](OP(=O)(O)O)[C@@H](O)[C@H]2O)[C@H](C)Cl)N(C)C1,Original,,,,,,,,
CLOBAZAM,0,,1,Most,1,Most,1,Most,1,Most,0,,1,Most,0,,CN1C(=O)CC(=O)N(c2ccccc2)c2cc(Cl)ccc21,cn1c(=o)cc(=o)n(c2ccccc2)c2cc(cl)ccc21,CN1C(=O)CC(=O)N(c2ccccc2)c2cc(Cl)ccc21,Original,,,,,,,,
CLOMIPHENE CITRATE,0,,1,,1,,0,,1,Most,1,,0,,0,,CCN(CC)CCOc1ccc(C(=C(Cl)c2ccccc2)c2ccccc2)cc1.O=C(O)CC(O)(CC(=O)O)C(=O)O,ccn(cc)ccoc1ccc(c(=c(cl)c2ccccc2)c2ccccc2)cc1.o=c(o)cc(o)(cc(=o)o)c(=o)o,CCN(CC)CCOc1ccc(C(=C(Cl)c2ccccc2)c2ccccc2)cc1.O=C(O)CC(O)(CC(=O)O)C(=O)O,Original,,,,,,,,
CLOMIPRAMINE HYDROCHLORIDE CAPSULES,1,Most,1,Most,1,Most,1,,1,,1,,0,,0,,CN(C)CCCN1c2ccccc2CCc2ccc(Cl)cc21,cn(c)cccn1c2ccccc2ccc2ccc(cl)cc21,CN(C)CCCN1c2ccccc2CCc2ccc(Cl)cc21,Original,,,,,,,,
CLONAZEPAM,0,,1,Most,1,Most,1,Most,1,Most,0,,1,Most,0,,O=C1CN=C(c2ccccc2Cl)c2cc([N+](=O)[O-])ccc2N1,o=c1cn=c(c2ccccc2cl)c2cc([n+](=o)[o-])ccc2n1,O=C1CN=C(c2ccccc2Cl)c2cc([N+](=O)[O-])ccc2N1,Original,,,,,,,,
CLONIDINE HYDROCHLORIDE,1,Most,1,,1,,1,,1,,1,,0,,0,,Clc1cccc(Cl)c1NC1=NCCN1,clc1cccc(cl)c1nc1=nccn1,Clc1cccc(Cl)c1NC1=NCCN1,Original,,,,,,,,
CLOPIDOGREL,0,,1,Most,1,Most,0,,1,,0,,1,,1,,COC(=O)[C@H](c1ccccc1Cl)N1CCc2sccc2C1,coc(=o)[c@h](c1ccccc1cl)n1ccc2sccc2c1,COC(=O)[C@H](c1ccccc1Cl)N1CCc2sccc2C1,Original,,,,,,,,
CLORAZEPATE DIPOTASSIUM,0,,1,,1,,0,,1,,0,,1,Most,0,,O=C(O)C1N=C(c2ccccc2)c2cc(Cl)ccc2NC1=O,o=c(o)c1n=c(c2ccccc2)c2cc(cl)ccc2nc1=o,O=C(O)C1N=C(c2ccccc2)c2cc(Cl)ccc2NC1=O,Original,,,,,,,,
CLOZAPINE,1,Most,1,Most,1,Most,0,,1,Most,0,,1,Most,1,Most,CN1CCN(C2=Nc3cc(Cl)ccc3Nc3ccccc32)CC1,cn1ccn(c2=nc3cc(cl)ccc3nc3ccccc32)cc1,CN1CCN(C2=Nc3cc(Cl)ccc3Nc3ccccc32)CC1,Original,,,,,,,,
COBICISTAT,1,,1,Most,1,,0,,0,,0,,0,,1,Most,CC(C)c1nc(CN(C)C(=O)N[C@@H](CCN2CCOCC2)C(=O)N[C@H](CC[C@H](Cc2ccccc2)NC(=O)OCc2cncs2)Cc2ccccc2)cs1,cc(c)c1nc(cn(c)c(=o)n[c@@h](ccn2ccocc2)c(=o)n[c@h](cc[c@h](cc2ccccc2)nc(=o)occ2cncs2)cc2ccccc2)cs1,CC(C)c1nc(CN(C)C(=O)N[C@@H](CCN2CCOCC2)C(=O)N[C@H](CC[C@H](Cc2ccccc2)NC(=O)OCc2cncs2)Cc2ccccc2)cs1,Original,,,,,,,,
COBIMETINIB,1,Most,1,Most,1,Most,1,Most,1,Most,0,,1,Most,1,,O=C(c1ccc(F)c(F)c1Nc1ccc(I)cc1F)N1CC(O)([C@@H]2CCCCN2)C1,o=c(c1ccc(f)c(f)c1nc1ccc(i)cc1f)n1cc(o)([c@@h]2ccccn2)c1,O=C(c1ccc(F)c(F)c1Nc1ccc(I)cc1F)N1CC(O)([C@@H]2CCCCN2)C1,Original,,,,,,,,
CODEINE SULFATE,1,,1,Most,0,,1,Most,0,,0,,1,Most,0,,COc1ccc2c3c1O[C@H]1[C@@H](O)C=C[C@H]4[C@@H](C2)N(C)CC[C@@]341.COc1ccc2c3c1O[C@H]1[C@@H](O)C=C[C@H]4[C@@H](C2)N(C)CC[C@@]341,coc1ccc2c3c1o[c@h]1[c@@h](o)c=c[c@h]4[c@@h](c2)n(c)cc[c@@]341.coc1ccc2c3c1o[c@h]1[c@@h](o)c=c[c@h]4[c@@h](c2)n(c)cc[c@@]341,COc1ccc2c3c1O[C@H]1[C@@H](O)C=C[C@H]4[C@@H](C2)N(C)CC[C@@]341.COc1ccc2c3c1O[C@H]1[C@@H](O)C=C[C@H]4[C@@H](C2)N(C)CC[C@@]341,Original,,,,,,,,
COLCHICINE,1,,1,,1,Most,1,,1,Most,0,,0,,1,Most,COc1cc2c(c(OC)c1OC)-c1ccc(OC)c(=O)cc1[C@@H](NC(C)=O)CC2,coc1cc2c(c(oc)c1oc)-c1ccc(oc)c(=o)cc1[c@@h](nc(c)=o)cc2,COc1cc2c(c(OC)c1OC)-c1ccc(OC)c(=O)cc1[C@@H](NC(C)=O)CC2,Original,,,,,,,,
COLESEVELAM,1,Most,1,,0,,0,,0,,0,,0,,0,,C=CCN.C=CCNCCCCCCCCCC.C=CCNCCCCCC[N+](C)(C)C.ClCC1CO1,c=ccn.c=ccncccccccccc.c=ccncccccc[n+](c)(c)c.clcc1co1,C=CCN.C=CCNCCCCCCCCCC.C=CCNCCCCCC[N+](C)(C)C.ClCC1CO1,Original,,,,,,,,
COLESTIPOL HYDROCHLORIDE,0,,1,,1,,0,,0,,0,,0,,0,,NCCNCCNCCNCCN,nccnccnccnccn,NCCNCCNCCNCCN,Original,,,,,,,,
COLISTIMETHATE SODIUM,0,,1,Most,0,,0,,0,,0,,1,Most,1,Most,CCC(C)CCCCC(=O)NCCC1NC(=O)C(CC(C)C)NC(=O)C(CCN)NC(=O)C(CC(C)C)NC(=O)C(CCN)NC(=O)C(CCN)NC(=O)C(CCN)NC(=O)C(C(C)O)NC1=O,ccc(c)ccccc(=o)nccc1nc(=o)c(cc(c)c)nc(=o)c(ccn)nc(=o)c(cc(c)c)nc(=o)c(ccn)nc(=o)c(ccn)nc(=o)c(ccn)nc(=o)c(c(c)o)nc1=o,CCC(C)CCCCC(=O)NCCC1NC(=O)C(CC(C)C)NC(=O)C(CCN)NC(=O)C(CC(C)C)NC(=O)C(CCN)NC(=O)C(CCN)NC(=O)C(CCN)NC(=O)C(C(C)O)NC1=O,Original,,,,,,,,
CONJUGATED ESTROGENS,1,Most,1,Most,1,Most,1,,1,Most,0,,1,Most,0,,CC12CCC3c4ccc(OS(=O)(=O)O)cc4CCC3C1CCC2=O,cc12ccc3c4ccc(os(=o)(=o)o)cc4ccc3c1ccc2=o,CC12CCC3c4ccc(OS(=O)(=O)O)cc4CCC3C1CCC2=O,Original,,,,,,,,
COPANLISIB,1,,1,Most,1,Most,1,Most,1,Most,0,,1,Most,0,,COc1c(OCCCN2CCOCC2)ccc2c1N=C(NC(=O)c1cnc(N)nc1)N1CCN=C21,coc1c(occcn2ccocc2)ccc2c1n=c(nc(=o)c1cnc(n)nc1)n1ccn=c21,COc1c(OCCCN2CCOCC2)ccc2c1N=C(NC(=O)c1cnc(N)nc1)N1CCN=C21,Original,,,,,,,,
COPPER,0,,1,,1,,1,,0,,0,,0,,0,,[Cu],[cu],[Cu],Original,,,,,,,,
COPPER CU 64 DOTATATE,0,,1,,0,,0,,0,,0,,0,,0,,CC(O)C(NC(=O)C1CSSCC(NC(=O)C(Cc2ccccc2)NC(=O)CN2CCN(CC(=O)[O-])CCN(CC(=O)[O-])CCN(CC(=O)O)CC2)C(=O)NC(Cc2ccc(O)cc2)C(=O)NC(Cc2c[nH]c3ccccc23)C(=O)NC(CCCCN)C(=O)NC(C(C)O)C(=O)N1)C(=O)O.[Cu+2],cc(o)c(nc(=o)c1csscc(nc(=o)c(cc2ccccc2)nc(=o)cn2ccn(cc(=o)[o-])ccn(cc(=o)[o-])ccn(cc(=o)o)cc2)c(=o)nc(cc2ccc(o)cc2)c(=o)nc(cc2c[nh]c3ccccc23)c(=o)nc(ccccn)c(=o)nc(c(c)o)c(=o)n1)c(=o)o.[cu+2],CC(O)C(NC(=O)C1CSSCC(NC(=O)C(Cc2ccccc2)NC(=O)CN2CCN(CC(=O)[O-])CCN(CC(=O)[O-])CCN(CC(=O)O)CC2)C(=O)NC(Cc2ccc(O)cc2)C(=O)NC(Cc2c[nH]c3ccccc23)C(=O)NC(CCCCN)C(=O)NC(C(C)O)C(=O)N1)C(=O)O.[Cu+2],Original,,,,,,,,
CORTISONE ACETATE,1,Most,1,Most,1,,1,Most,0,,0,,1,,0,,CC(=O)OCC(=O)[C@@]1(O)CC[C@H]2[C@@H]3CCC4=CC(=O)CC[C@]4(C)[C@H]3C(=O)C[C@@]21C,cc(=o)occ(=o)[c@@]1(o)cc[c@h]2[c@@h]3ccc4=cc(=o)cc[c@]4(c)[c@h]3c(=o)c[c@@]21c,CC(=O)OCC(=O)[C@@]1(O)CC[C@H]2[C@@H]3CCC4=CC(=O)CC[C@]4(C)[C@H]3C(=O)C[C@@]21C,Original,,,,,,,,
CORTROSYN,0,,1,,0,,1,,0,,0,,0,,0,,CSCCC(NC(=O)C(CO)NC(=O)C(Cc1ccc(O)cc1)NC(=O)C(N)CO)C(=O)NC(CCC(=O)O)C(=O)NC(Cc1c[nH]cn1)C(=O)NC(Cc1ccccc1)C(=O)NC(CCCNC(=N)N)C(=O)NC(Cc1c[nH]c2ccccc12)C(=O)NCC(=O)NC(CCCCN)C(=O)N1CCCC1C(=O)NC(C(=O)NCC(=O)NC(CCCCN)C(=O)NC(CCCCN)C(=O)NC(CCCNC(=N)N)C(=O)NC(CCCNC(=N)N)C(=O)N1CCCC1C(=O)NC(C(=O)NC(CCCCN)C(=O)NC(C(=O)NC(Cc1ccc(O)cc1)C(=O)N1CCCC1C(=O)O)C(C)C)C(C)C)C(C)C,csccc(nc(=o)c(co)nc(=o)c(cc1ccc(o)cc1)nc(=o)c(n)co)c(=o)nc(ccc(=o)o)c(=o)nc(cc1c[nh]cn1)c(=o)nc(cc1ccccc1)c(=o)nc(cccnc(=n)n)c(=o)nc(cc1c[nh]c2ccccc12)c(=o)ncc(=o)nc(ccccn)c(=o)n1cccc1c(=o)nc(c(=o)ncc(=o)nc(ccccn)c(=o)nc(ccccn)c(=o)nc(cccnc(=n)n)c(=o)nc(cccnc(=n)n)c(=o)n1cccc1c(=o)nc(c(=o)nc(ccccn)c(=o)nc(c(=o)nc(cc1ccc(o)cc1)c(=o)n1cccc1c(=o)o)c(c)c)c(c)c)c(c)c,CSCCC(NC(=O)C(CO)NC(=O)C(Cc1ccc(O)cc1)NC(=O)C(N)CO)C(=O)NC(CCC(=O)O)C(=O)NC(Cc1c[nH]cn1)C(=O)NC(Cc1ccccc1)C(=O)NC(CCCNC(=N)N)C(=O)NC(Cc1c[nH]c2ccccc12)C(=O)NCC(=O)NC(CCCCN)C(=O)N1CCCC1C(=O)NC(C(=O)NCC(=O)NC(CCCCN)C(=O)NC(CCCCN)C(=O)NC(CCCNC(=N)N)C(=O)NC(CCCNC(=N)N)C(=O)N1CCCC1C(=O)NC(C(=O)NC(CCCCN)C(=O)NC(C(=O)NC(Cc1ccc(O)cc1)C(=O)N1CCCC1C(=O)O)C(C)C)C(C)C)C(C)C,Original,,,,,,,,
CRIZOTINIB,1,Most,1,Most,1,Most,1,Most,1,Most,0,,1,Most,1,Most,C[C@@H](Oc1cc(-c2cnn(C3CCNCC3)c2)cnc1N)c1c(Cl)ccc(F)c1Cl,c[c@@h](oc1cc(-c2cnn(c3ccncc3)c2)cnc1n)c1c(cl)ccc(f)c1cl,C[C@@H](Oc1cc(-c2cnn(C3CCNCC3)c2)cnc1N)c1c(Cl)ccc(F)c1Cl,Original,,,,,,,,
CROFELEMER,0,,1,,1,,0,,1,,0,,0,,0,,COc1ccccc1CNC(=O)c1cc(-c2ccccc2)on1,coc1ccccc1cnc(=o)c1cc(-c2ccccc2)on1,COc1ccccc1CNC(=O)c1cc(-c2ccccc2)on1,Original,,,,,,,,
CUPRIC CHLORIDE,0,,0,,1,,0,,1,Most,0,,0,,0,,[Cu+2],[cu+2],[Cu+2],Original,,,,,,,,
CYANOCOBALAMIN,0,,1,Most,1,Most,0,,0,,0,,0,,0,,CC1=C2N=C(C=C3NC(=C(C)C4=NC(C)(C5N=C1C(C)(CCC(=O)NCC(C)OP(=O)(O)OC1C(CO)OC([n+]6c[nH]c7cc(C)c(C)cc76)C1O)C5CC(N)=O)C(C)(CC(N)=O)C4CCC(=N)[O-])C(C)(CC(N)=O)C3CCC(=N)[O-])C(C)(C)C2CCC(=N)[O-].[C]#N.[Co+2],cc1=c2n=c(c=c3nc(=c(c)c4=nc(c)(c5n=c1c(c)(ccc(=o)ncc(c)op(=o)(o)oc1c(co)oc([n+]6c[nh]c7cc(c)c(c)cc76)c1o)c5cc(n)=o)c(c)(cc(n)=o)c4ccc(=n)[o-])c(c)(cc(n)=o)c3ccc(=n)[o-])c(c)(c)c2ccc(=n)[o-].[c]#n.[co+2],CC1=C2N=C(C=C3NC(=C(C)C4=NC(C)(C5N=C1C(C)(CCC(=O)NCC(C)OP(=O)(O)OC1C(CO)OC([n+]6c[nH]c7cc(C)c(C)cc76)C1O)C5CC(N)=O)C(C)(CC(N)=O)C4CCC(=N)[O-])C(C)(CC(N)=O)C3CCC(=N)[O-])C(C)(C)C2CCC(=N)[O-].[C]#N.[Co+2],Original,,,,,,,,
CYCLOBENZAPRINE HYDROCHLORIDE,1,Most,1,Most,1,,0,,1,Most,0,,0,,0,,CN(C)CCC=C1c2ccccc2C=Cc2ccccc21,cn(c)ccc=c1c2ccccc2c=cc2ccccc21,CN(C)CCC=C1c2ccccc2C=Cc2ccccc21,Original,,,,,,,,
CYCLOPHOSPHAMIDE,1,Most,1,Most,1,Most,1,Most,1,Most,1,Most,1,Most,1,Most,O=P1(N(CCCl)CCCl)NCCCO1,o=p1(n(cccl)cccl)nccco1,O=P1(N(CCCl)CCCl)NCCCO1,Original,,,,,,,,
CYCLOSERINE,1,Most,1,,1,,1,,1,,0,,0,,1,Most,N[C@@H]1CONC1=O,n[c@@h]1conc1=o,N[C@@H]1CONC1=O,Original,,,,,,,,
CYPROHEPTADINE HYDROCHLORIDE,1,Most,1,Most,1,Most,0,,1,Most,0,,0,,1,,CN1CCC(=C2c3ccccc3C=Cc3ccccc32)CC1,cn1ccc(=c2c3ccccc3c=cc3ccccc32)cc1,CN1CCC(=C2c3ccccc3C=Cc3ccccc32)CC1,Original,,,,,,,,
CYSTEAMINE BITARTRATE,0,,1,Most,1,,1,,1,,0,,0,,0,,NCCS.O=C(O)[C@H](O)[C@@H](O)C(=O)O,nccs.o=c(o)[c@h](o)[c@@h](o)c(=o)o,NCCS.O=C(O)[C@H](O)[C@@H](O)C(=O)O,Original,,,,,,,,
CYSTEINE HYDROCHLORIDE,0,,1,Most,0,,0,,1,Most,0,,1,,1,Most,N[C@@H](CS)C(=O)O,n[c@@h](cs)c(=o)o,N[C@@H](CS)C(=O)O,Original,,,,,,,,
CYTARABINE,1,Most,1,Most,1,Most,1,Most,1,,0,,1,Most,1,,Nc1ccn([C@@H]2O[C@H](CO)[C@@H](O)[C@@H]2O)c(=O)n1,nc1ccn([c@@h]2o[c@h](co)[c@@h](o)[c@@h]2o)c(=o)n1,Nc1ccn([C@@H]2O[C@H](CO)[C@@H](O)[C@@H]2O)c(=O)n1,Original,,,,,,,,
DABIGATRAN ETEXILATE MESYLATE,1,Most,1,,1,Most,1,,0,,0,,0,,1,Most,CCCCCCOC(=O)NC(=N)c1ccc(NCc2nc3cc(C(=O)N(CCC(=O)OCC)c4ccccn4)ccc3n2C)cc1,ccccccoc(=o)nc(=n)c1ccc(ncc2nc3cc(c(=o)n(ccc(=o)occ)c4ccccn4)ccc3n2c)cc1,CCCCCCOC(=O)NC(=N)c1ccc(NCc2nc3cc(C(=O)N(CCC(=O)OCC)c4ccccn4)ccc3n2C)cc1,Original,,,,,,,,
DABRAFENIB,1,Most,1,Most,1,Most,1,Most,1,Most,0,,1,Most,1,,CC(C)(C)c1nc(-c2cccc(NS(=O)(=O)c3c(F)cccc3F)c2F)c(-c2ccnc(N)n2)s1,cc(c)(c)c1nc(-c2cccc(ns(=o)(=o)c3c(f)cccc3f)c2f)c(-c2ccnc(n)n2)s1,CC(C)(C)c1nc(-c2cccc(NS(=O)(=O)c3c(F)cccc3F)c2F)c(-c2ccnc(N)n2)s1,Original,,,,,,,,
DACARBAZINE,0,,1,,1,Most,1,Most,1,Most,0,,0,,0,,CN(C)/N=N/c1[nH]cnc1C(N)=O,cn(c)/n=n/c1[nh]cnc1c(n)=o,CN(C)/N=N/c1[nH]cnc1C(N)=O,Original,,,,,,,,
DACOMITINIB,0,,1,Most,1,Most,1,,0,,0,,1,Most,0,,COc1cc2ncnc(Nc3ccc(F)c(Cl)c3)c2cc1NC(=O)/C=C/CN1CCCCC1,coc1cc2ncnc(nc3ccc(f)c(cl)c3)c2cc1nc(=o)/c=c/cn1ccccc1,COc1cc2ncnc(Nc3ccc(F)c(Cl)c3)c2cc1NC(=O)/C=C/CN1CCCCC1,Original,,,,,,,,
DACTINOMYCIN,0,,1,Most,1,Most,1,Most,1,Most,0,,1,Most,1,Most,Cc1c2oc3c(C)ccc(C(=O)N[C@@H]4C(=O)N[C@H](C(C)C)C(=O)N5CCC[C@H]5C(=O)N(C)CC(=O)N(C)[C@@H](C(C)C)C(=O)O[C@@H]4C)c3nc-2c(C(=O)N[C@@H]2C(=O)N[C@H](C(C)C)C(=O)N3CCC[C@H]3C(=O)N(C)CC(=O)N(C)[C@@H](C(C)C)C(=O)O[C@@H]2C)c(N)c1=O,cc1c2oc3c(c)ccc(c(=o)n[c@@h]4c(=o)n[c@h](c(c)c)c(=o)n5ccc[c@h]5c(=o)n(c)cc(=o)n(c)[c@@h](c(c)c)c(=o)o[c@@h]4c)c3nc-2c(c(=o)n[c@@h]2c(=o)n[c@h](c(c)c)c(=o)n3ccc[c@h]3c(=o)n(c)cc(=o)n(c)[c@@h](c(c)c)c(=o)o[c@@h]2c)c(n)c1=o,Cc1c2oc3c(C)ccc(C(=O)N[C@@H]4C(=O)N[C@H](C(C)C)C(=O)N5CCC[C@H]5C(=O)N(C)CC(=O)N(C)[C@@H](C(C)C)C(=O)O[C@@H]4C)c3nc-2c(C(=O)N[C@@H]2C(=O)N[C@H](C(C)C)C(=O)N3CCC[C@H]3C(=O)N(C)CC(=O)N(C)[C@@H](C(C)C)C(=O)O[C@@H]2C)c(N)c1=O,Original,,,,,,,,
DALBAVANCIN,0,,1,,1,,1,,1,Most,0,,0,,1,,CN[C@H]1C(=O)N[C@@H]2Cc3ccc(cc3)Oc3cc4cc(c3O[C@@H]3O[C@H](C(=O)O)[C@@H](O)[C@H](O)[C@H]3NC(=O)CCCCCCCCC(C)C)Oc3ccc(cc3Cl)[C@@H](O)[C@@H]3NC(=O)[C@H](NC(=O)[C@@H]4NC(=O)[C@@H](NC2=O)c2cc(cc(O)c2Cl)Oc2cc1ccc2O)c1ccc(O)c(c1)-c1c(O[C@H]2O[C@H](CO)[C@@H](O)[C@H](O)[C@@H]2O)cc(O)cc1[C@@H](C(=O)NCCCN(C)C)NC3=O,cn[c@h]1c(=o)n[c@@h]2cc3ccc(cc3)oc3cc4cc(c3o[c@@h]3o[c@h](c(=o)o)[c@@h](o)[c@h](o)[c@h]3nc(=o)ccccccccc(c)c)oc3ccc(cc3cl)[c@@h](o)[c@@h]3nc(=o)[c@h](nc(=o)[c@@h]4nc(=o)[c@@h](nc2=o)c2cc(cc(o)c2cl)oc2cc1ccc2o)c1ccc(o)c(c1)-c1c(o[c@h]2o[c@h](co)[c@@h](o)[c@h](o)[c@@h]2o)cc(o)cc1[c@@h](c(=o)ncccn(c)c)nc3=o,CN[C@H]1C(=O)N[C@@H]2Cc3ccc(cc3)Oc3cc4cc(c3O[C@@H]3O[C@H](C(=O)O)[C@@H](O)[C@H](O)[C@H]3NC(=O)CCCCCCCCC(C)C)Oc3ccc(cc3Cl)[C@@H](O)[C@@H]3NC(=O)[C@H](NC(=O)[C@@H]4NC(=O)[C@@H](NC2=O)c2cc(cc(O)c2Cl)Oc2cc1ccc2O)c1ccc(O)c(c1)-c1c(O[C@H]2O[C@H](CO)[C@@H](O)[C@H](O)[C@@H]2O)cc(O)cc1[C@@H](C(=O)NCCCN(C)C)NC3=O,Original,,,,,,,,
DALFAMPRIDINE,0,,1,Most,0,,0,,0,,0,,0,,1,Most,Nc1ccncc1,nc1ccncc1,Nc1ccncc1,Original,,,,,,,,
DALTEPARIN SODIUM,0,,1,Most,1,Most,0,,1,,0,,0,,0,,OCCN1CN(CCO)CN(CCO)C1,occn1cn(cco)cn(cco)c1,OCCN1CN(CCO)CN(CCO)C1,Original,,,,,,,,
DANAZOL,1,Most,1,Most,1,Most,1,,1,Most,0,,1,,0,,C#C[C@]1(O)CC[C@H]2[C@@H]3CCC4=Cc5oncc5C[C@]4(C)[C@H]3CC[C@@]21C,c#c[c@]1(o)cc[c@h]2[c@@h]3ccc4=cc5oncc5c[c@]4(c)[c@h]3cc[c@@]21c,C#C[C@]1(O)CC[C@H]2[C@@H]3CCC4=Cc5oncc5C[C@]4(C)[C@H]3CC[C@@]21C,Original,,,,,,,,
DANTROLENE,1,,1,,1,Most,0,,1,Most,0,,0,,0,,O=C1CN(/N=C/c2ccc(-c3ccc([N+](=O)[O-])cc3)o2)C(=O)N1,o=c1cn(/n=c/c2ccc(-c3ccc([n+](=o)[o-])cc3)o2)c(=o)n1,O=C1CN(/N=C/c2ccc(-c3ccc([N+](=O)[O-])cc3)o2)C(=O)N1,Original,,,,,,,,
DAPAGLIFLOZIN,0,,1,Most,1,,0,,0,,0,,0,,1,Most,CCOc1ccc(Cc2cc([C@@H]3O[C@H](CO)[C@@H](O)[C@H](O)[C@H]3O)ccc2Cl)cc1,ccoc1ccc(cc2cc([c@@h]3o[c@h](co)[c@@h](o)[c@h](o)[c@h]3o)ccc2cl)cc1,CCOc1ccc(Cc2cc([C@@H]3O[C@H](CO)[C@@H](O)[C@H](O)[C@H]3O)ccc2Cl)cc1,Original,,,,,,,,
DAPTOMYCIN,1,,1,Most,1,Most,0,,1,,0,,1,Most,1,Most,CCCCCCCCCC(=O)N[C@@H](Cc1c[nH]c2ccccc12)C(=O)N[C@@H](CC(N)=O)C(=O)N[C@@H](CC(=O)O)C(=O)N[C@@H]1C(=O)NCC(=O)N[C@@H](CCCN)C(=O)N[C@@H](CC(=O)O)C(=O)N[C@H](C)C(=O)N[C@@H](CC(=O)O)C(=O)NCC(=O)N[C@H](CO)C(=O)N[C@@H]([C@H](C)CC(=O)O)C(=O)N[C@@H](CC(=O)c2ccccc2N)C(=O)O[C@@H]1C,cccccccccc(=o)n[c@@h](cc1c[nh]c2ccccc12)c(=o)n[c@@h](cc(n)=o)c(=o)n[c@@h](cc(=o)o)c(=o)n[c@@h]1c(=o)ncc(=o)n[c@@h](cccn)c(=o)n[c@@h](cc(=o)o)c(=o)n[c@h](c)c(=o)n[c@@h](cc(=o)o)c(=o)ncc(=o)n[c@h](co)c(=o)n[c@@h]([c@h](c)cc(=o)o)c(=o)n[c@@h](cc(=o)c2ccccc2n)c(=o)o[c@@h]1c,CCCCCCCCCC(=O)N[C@@H](Cc1c[nH]c2ccccc12)C(=O)N[C@@H](CC(N)=O)C(=O)N[C@@H](CC(=O)O)C(=O)N[C@@H]1C(=O)NCC(=O)N[C@@H](CCCN)C(=O)N[C@@H](CC(=O)O)C(=O)N[C@H](C)C(=O)N[C@@H](CC(=O)O)C(=O)NCC(=O)N[C@H](CO)C(=O)N[C@@H]([C@H](C)CC(=O)O)C(=O)N[C@@H](CC(=O)c2ccccc2N)C(=O)O[C@@H]1C,Original,,,,,,,,
DARIFENACIN,0,,1,,0,,0,,0,,0,,0,,0,,NC(=O)C(c1ccccc1)(c1ccccc1)[C@@H]1CCN(CCc2ccc3c(c2)CCO3)C1,nc(=o)c(c1ccccc1)(c1ccccc1)[c@@h]1ccn(ccc2ccc3c(c2)cco3)c1,NC(=O)C(c1ccccc1)(c1ccccc1)[C@@H]1CCN(CCc2ccc3c(c2)CCO3)C1,Original,,,,,,,,
DAROLUTAMIDE,1,Most,1,Most,1,Most,1,Most,1,Most,0,,0,,0,,CC(O)c1cc(C(=O)N[C@@H](C)Cn2ccc(-c3ccc(C#N)c(Cl)c3)n2)n[nH]1,cc(o)c1cc(c(=o)n[c@@h](c)cn2ccc(-c3ccc(c#n)c(cl)c3)n2)n[nh]1,CC(O)c1cc(C(=O)N[C@@H](C)Cn2ccc(-c3ccc(C#N)c(Cl)c3)n2)n[nH]1,Original,,,,,,,,
DARUNAVIR,0,,1,Most,1,,0,,1,Most,0,,0,,0,,CC(C)CN(C[C@@H](O)[C@H](Cc1ccccc1)NC(=O)O[C@H]1CO[C@H]2OCC[C@H]21)S(=O)(=O)c1ccc(N)cc1,cc(c)cn(c[c@@h](o)[c@h](cc1ccccc1)nc(=o)o[c@h]1co[c@h]2occ[c@h]21)s(=o)(=o)c1ccc(n)cc1,CC(C)CN(C[C@@H](O)[C@H](Cc1ccccc1)NC(=O)O[C@H]1CO[C@H]2OCC[C@H]21)S(=O)(=O)c1ccc(N)cc1,Original,,,,,,,,
DASATINIB,1,Most,1,Most,1,Most,1,Most,1,Most,1,,1,Most,1,Most,Cc1nc(Nc2ncc(C(=O)Nc3c(C)cccc3Cl)s2)cc(N2CCN(CCO)CC2)n1,cc1nc(nc2ncc(c(=o)nc3c(c)cccc3cl)s2)cc(n2ccn(cco)cc2)n1,Cc1nc(Nc2ncc(C(=O)Nc3c(C)cccc3Cl)s2)cc(N2CCN(CCO)CC2)n1,Original,,,,,,,,
DASIGLUCAGON,1,Most,1,,0,,0,,0,,0,,0,,0,,CC(C)CC(NC(=O)C(Cc1c[nH]c2ccccc12)NC(=O)C(CCCCN)NC(=O)C(NC(=O)C(Cc1ccccc1)NC(=O)C(CCC(=O)O)NC(=O)C(CCC(=O)O)NC(=O)C(C)NC(=O)C(CCCNC(=N)N)NC(=O)C(C)NC(=O)C(C)(C)NC(=O)C(CC(=O)O)NC(=O)C(CC(C)C)NC(=O)C(Cc1ccc(O)cc1)NC(=O)C(CCCCN)NC(=O)C(CO)NC(=O)C(Cc1ccc(O)cc1)NC(=O)C(CC(=O)O)NC(=O)C(CO)NC(=O)C(NC(=O)C(Cc1ccccc1)NC(=O)C(NC(=O)CNC(=O)C(CCC(N)=O)NC(=O)C(CO)NC(=O)C(N)Cc1c[nH]cn1)C(C)O)C(C)O)C(C)C)C(=O)NC(CCC(=O)O)C(=O)NC(CO)C(=O)NC(C(=O)O)C(C)O,cc(c)cc(nc(=o)c(cc1c[nh]c2ccccc12)nc(=o)c(ccccn)nc(=o)c(nc(=o)c(cc1ccccc1)nc(=o)c(ccc(=o)o)nc(=o)c(ccc(=o)o)nc(=o)c(c)nc(=o)c(cccnc(=n)n)nc(=o)c(c)nc(=o)c(c)(c)nc(=o)c(cc(=o)o)nc(=o)c(cc(c)c)nc(=o)c(cc1ccc(o)cc1)nc(=o)c(ccccn)nc(=o)c(co)nc(=o)c(cc1ccc(o)cc1)nc(=o)c(cc(=o)o)nc(=o)c(co)nc(=o)c(nc(=o)c(cc1ccccc1)nc(=o)c(nc(=o)cnc(=o)c(ccc(n)=o)nc(=o)c(co)nc(=o)c(n)cc1c[nh]cn1)c(c)o)c(c)o)c(c)c)c(=o)nc(ccc(=o)o)c(=o)nc(co)c(=o)nc(c(=o)o)c(c)o,CC(C)CC(NC(=O)C(Cc1c[nH]c2ccccc12)NC(=O)C(CCCCN)NC(=O)C(NC(=O)C(Cc1ccccc1)NC(=O)C(CCC(=O)O)NC(=O)C(CCC(=O)O)NC(=O)C(C)NC(=O)C(CCCNC(=N)N)NC(=O)C(C)NC(=O)C(C)(C)NC(=O)C(CC(=O)O)NC(=O)C(CC(C)C)NC(=O)C(Cc1ccc(O)cc1)NC(=O)C(CCCCN)NC(=O)C(CO)NC(=O)C(Cc1ccc(O)cc1)NC(=O)C(CC(=O)O)NC(=O)C(CO)NC(=O)C(NC(=O)C(Cc1ccccc1)NC(=O)C(NC(=O)CNC(=O)C(CCC(N)=O)NC(=O)C(CO)NC(=O)C(N)Cc1c[nH]cn1)C(C)O)C(C)O)C(C)C)C(=O)NC(CCC(=O)O)C(=O)NC(CO)C(=O)NC(C(=O)O)C(C)O,Original,,,,,,,,
DAUNORUBICIN HYDROCHLORIDE,1,Most,1,Most,1,Most,1,Most,1,Most,0,,0,,1,Most,COc1cccc2c1C(=O)c1c(O)c3c(c(O)c1C2=O)C[C@@](O)(C(C)=O)C[C@@H]3O[C@H]1C[C@H](N)[C@H](O)[C@H](C)O1,coc1cccc2c1c(=o)c1c(o)c3c(c(o)c1c2=o)c[c@@](o)(c(c)=o)c[c@@h]3o[c@h]1c[c@h](n)[c@h](o)[c@h](c)o1,COc1cccc2c1C(=O)c1c(O)c3c(c(O)c1C2=O)C[C@@](O)(C(C)=O)C[C@@H]3O[C@H]1C[C@H](N)[C@H](O)[C@H](C)O1,Original,,,,,,,,
DECITABINE,1,Most,1,Most,1,Most,1,Most,1,Most,0,,1,Most,0,,Nc1ncn([C@H]2C[C@H](O)[C@@H](CO)O2)c(=O)n1,nc1ncn([c@h]2c[c@h](o)[c@@h](co)o2)c(=o)n1,Nc1ncn([C@H]2C[C@H](O)[C@@H](CO)O2)c(=O)n1,Original,,,,,,,,
DEFERASIROX,0,,1,Most,1,Most,0,,1,Most,1,,0,,1,Most,O=C(O)c1ccc(-n2nc(-c3ccccc3O)nc2-c2ccccc2O)cc1,o=c(o)c1ccc(-n2nc(-c3ccccc3o)nc2-c2ccccc2o)cc1,O=C(O)c1ccc(-n2nc(-c3ccccc3O)nc2-c2ccccc2O)cc1,Original,,,,,,,,
DEFERIPRONE,0,,1,Most,1,Most,0,,1,Most,0,,0,,0,,Cc1c(O)c(=O)ccn1C,cc1c(o)c(=o)ccn1c,Cc1c(O)c(=O)ccn1C,Original,,,,,,,,
DEFEROXAMINE MESYLATE,1,,1,Most,1,Most,0,,1,,1,Most,1,Most,1,Most,CC(=O)N(O)CCCCCNC(=O)CCC(=O)N(O)CCCCCNC(=O)CCC(=O)N(O)CCCCCN,cc(=o)n(o)cccccnc(=o)ccc(=o)n(o)cccccnc(=o)ccc(=o)n(o)cccccn,CC(=O)N(O)CCCCCNC(=O)CCC(=O)N(O)CCCCCNC(=O)CCC(=O)N(O)CCCCCN,Original,,,,,,,,
DEFIBROTIDE SODIUM,0,,1,,1,Most,0,,0,,0,,1,Most,0,,CC(C)c1cc(-c2n[nH]c(=O)n2-c2ccc3c(ccn3C)c2)c(O)cc1OP(=O)(O)O,cc(c)c1cc(-c2n[nh]c(=o)n2-c2ccc3c(ccn3c)c2)c(o)cc1op(=o)(o)o,CC(C)c1cc(-c2n[nH]c(=O)n2-c2ccc3c(ccn3C)c2)c(O)cc1OP(=O)(O)O,Original,,,,,,,,
DEFLAZACORT,1,Most,1,Most,1,Most,0,,0,,0,,0,,0,,CC(=O)OCC(=O)[C@@]12N=C(C)O[C@@H]1C[C@H]1[C@@H]3CCC4=CC(=O)C=C[C@]4(C)[C@H]3[C@@H](O)C[C@@]12C,cc(=o)occ(=o)[c@@]12n=c(c)o[c@@h]1c[c@h]1[c@@h]3ccc4=cc(=o)c=c[c@]4(c)[c@h]3[c@@h](o)c[c@@]12c,CC(=O)OCC(=O)[C@@]12N=C(C)O[C@@H]1C[C@H]1[C@@H]3CCC4=CC(=O)C=C[C@]4(C)[C@H]3[C@@H](O)C[C@@]12C,Original,,,,,,,,
DEGARELIX,1,,1,Most,0,,1,Most,1,,0,,0,,0,,CC(=O)N[C@H](Cc1ccc2ccccc2c1)C(=O)N[C@H](Cc1ccc(Cl)cc1)C(=O)N[C@H](Cc1cccnc1)C(=O)N[C@@H](CO)C(=O)N[C@@H](Cc1ccc(NC(=O)[C@@H]2CC(=O)NC(=O)N2)cc1)C(=O)N[C@H](Cc1ccc(NC(N)=O)cc1)C(=O)N[C@@H](CC(C)C)C(=O)N[C@@H](CCCCNC(C)C)C(=O)N1CCC[C@H]1C(=O)N[C@H](C)C(N)=O,cc(=o)n[c@h](cc1ccc2ccccc2c1)c(=o)n[c@h](cc1ccc(cl)cc1)c(=o)n[c@h](cc1cccnc1)c(=o)n[c@@h](co)c(=o)n[c@@h](cc1ccc(nc(=o)[c@@h]2cc(=o)nc(=o)n2)cc1)c(=o)n[c@h](cc1ccc(nc(n)=o)cc1)c(=o)n[c@@h](cc(c)c)c(=o)n[c@@h](ccccnc(c)c)c(=o)n1ccc[c@h]1c(=o)n[c@h](c)c(n)=o,CC(=O)N[C@H](Cc1ccc2ccccc2c1)C(=O)N[C@H](Cc1ccc(Cl)cc1)C(=O)N[C@H](Cc1cccnc1)C(=O)N[C@@H](CO)C(=O)N[C@@H](Cc1ccc(NC(=O)[C@@H]2CC(=O)NC(=O)N2)cc1)C(=O)N[C@H](Cc1ccc(NC(N)=O)cc1)C(=O)N[C@@H](CC(C)C)C(=O)N[C@@H](CCCCNC(C)C)C(=O)N1CCC[C@H]1C(=O)N[C@H](C)C(N)=O,Original,,,,,,,,
DELAFLOXACIN MEGLUMINE,0,,1,Most,1,,0,,1,,0,,0,,1,Most,CNC[C@H](O)[C@@H](O)[C@H](O)[C@H](O)CO.Nc1nc(-n2cc(C(=O)O)c(=O)c3cc(F)c(N4CC(O)C4)c(Cl)c32)c(F)cc1F,cnc[c@h](o)[c@@h](o)[c@h](o)[c@h](o)co.nc1nc(-n2cc(c(=o)o)c(=o)c3cc(f)c(n4cc(o)c4)c(cl)c32)c(f)cc1f,CNC[C@H](O)[C@@H](O)[C@H](O)[C@H](O)CO.Nc1nc(-n2cc(C(=O)O)c(=O)c3cc(F)c(N4CC(O)C4)c(Cl)c32)c(F)cc1F,Original,,,,,,,,
DEMECLOCYCLINE HYDROCHLORIDE,0,,1,Most,1,Most,0,,1,Most,0,,1,,1,Most,CN(C)[C@@H]1C(O)=C(C(N)=O)C(=O)[C@@]2(O)C(O)=C3C(=O)c4c(O)ccc(Cl)c4[C@@H](O)[C@H]3C[C@@H]12,cn(c)[c@@h]1c(o)=c(c(n)=o)c(=o)[c@@]2(o)c(o)=c3c(=o)c4c(o)ccc(cl)c4[c@@h](o)[c@h]3c[c@@h]12,CN(C)[C@@H]1C(O)=C(C(N)=O)C(=O)[C@@]2(O)C(O)=C3C(=O)c4c(O)ccc(Cl)c4[C@@H](O)[C@H]3C[C@@H]12,Original,,,,,,,,
DEOXYCHOLIC ACID,0,,1,Most,1,Most,0,,0,,0,,0,,0,,C[C@H](CCC(=O)O)[C@H]1CC[C@H]2[C@@H]3CC[C@@H]4C[C@H](O)CC[C@]4(C)[C@H]3C[C@H](O)[C@]12C,c[c@h](ccc(=o)o)[c@h]1cc[c@h]2[c@@h]3cc[c@@h]4c[c@h](o)cc[c@]4(c)[c@h]3c[c@h](o)[c@]12c,C[C@H](CCC(=O)O)[C@H]1CC[C@H]2[C@@H]3CC[C@@H]4C[C@H](O)CC[C@]4(C)[C@H]3C[C@H](O)[C@]12C,Original,,,,,,,,
DESIPRAMINE HYDROCHLORIDE,1,Most,1,Most,1,Most,0,,1,,0,,0,,0,,CNCCCN1c2ccccc2CCc2ccccc21,cncccn1c2ccccc2ccc2ccccc21,CNCCCN1c2ccccc2CCc2ccccc21,Original,,,,,,,,
DESLORATADINE,1,,1,Most,0,,1,,1,,0,,0,,0,,Clc1ccc2c(c1)CCc1cccnc1C2=C1CCNCC1,clc1ccc2c(c1)ccc1cccnc1c2=c1ccncc1,Clc1ccc2c(c1)CCc1cccnc1C2=C1CCNCC1,Original,,,,,,,,
DESMOPRESSIN ACETATE,1,Most,0,,0,,0,,0,,0,,0,,0,,N=C(N)NCCC[C@@H](NC(=O)[C@@H]1CCCN1C(=O)[C@@H]1CSSCCC(=O)N[C@@H](Cc2ccc(O)cc2)C(=O)N[C@@H](Cc2ccccc2)C(=O)N[C@@H](CCC(N)=O)C(=O)N[C@@H](CC(N)=O)C(=O)N1)C(=O)NCC(N)=O,n=c(n)nccc[c@@h](nc(=o)[c@@h]1cccn1c(=o)[c@@h]1cssccc(=o)n[c@@h](cc2ccc(o)cc2)c(=o)n[c@@h](cc2ccccc2)c(=o)n[c@@h](ccc(n)=o)c(=o)n[c@@h](cc(n)=o)c(=o)n1)c(=o)ncc(n)=o,N=C(N)NCCC[C@@H](NC(=O)[C@@H]1CCCN1C(=O)[C@@H]1CSSCCC(=O)N[C@@H](Cc2ccc(O)cc2)C(=O)N[C@@H](Cc2ccccc2)C(=O)N[C@@H](CCC(N)=O)C(=O)N[C@@H](CC(N)=O)C(=O)N1)C(=O)NCC(N)=O,Original,,,,,,,,
DESVENLAFAXINE,1,Most,1,Most,1,Most,1,Most,0,,1,,1,,0,,CN(C)CC(c1ccc(O)cc1)C1(O)CCCCC1,cn(c)cc(c1ccc(o)cc1)c1(o)ccccc1,CN(C)CC(c1ccc(O)cc1)C1(O)CCCCC1,Original,,,,,,,,
DESVENLAFAXINE SUCCINATE,1,,1,Most,1,Most,1,Most,1,,1,,1,,0,,CN(C)CC(c1ccc(O)cc1)C1(O)CCCCC1.O=C(O)CCC(=O)O,cn(c)cc(c1ccc(o)cc1)c1(o)ccccc1.o=c(o)ccc(=o)o,CN(C)CC(c1ccc(O)cc1)C1(O)CCCCC1.O=C(O)CCC(=O)O,Original,,,,,,,,
DEUTETRABENAZINE,1,,0,,0,,1,Most,1,Most,0,,0,,0,,[2H]C([2H])([2H])Oc1cc2c(cc1OC([2H])([2H])[2H])C1CC(=O)C(CC(C)C)CN1CC2,[2h]c([2h])([2h])oc1cc2c(cc1oc([2h])([2h])[2h])c1cc(=o)c(cc(c)c)cn1cc2,[2H]C([2H])([2H])Oc1cc2c(cc1OC([2H])([2H])[2H])C1CC(=O)C(CC(C)C)CN1CC2,Original,,,,,,,,
DEXAMETHASONE,0,,0,,0,,0,,0,,0,,0,,0,,C[C@@H]1C[C@H]2[C@@H]3CCC4=CC(=O)C=C[C@]4(C)[C@@]3(F)[C@@H](O)C[C@]2(C)[C@@]1(O)C(=O)CO,c[c@@h]1c[c@h]2[c@@h]3ccc4=cc(=o)c=c[c@]4(c)[c@@]3(f)[c@@h](o)c[c@]2(c)[c@@]1(o)c(=o)co,C[C@@H]1C[C@H]2[C@@H]3CCC4=CC(=O)C=C[C@]4(C)[C@@]3(F)[C@@H](O)C[C@]2(C)[C@@]1(O)C(=O)CO,Original,,,,,,,,
DEXCHLORPHENIRAMINE MALEATE,0,,1,Most,1,Most,0,,0,,1,,1,Most,0,,CN(C)CC[C@@H](c1ccc(Cl)cc1)c1ccccn1.O=C(O)/C=C\C(=O)O,cn(c)cc[c@@h](c1ccc(cl)cc1)c1ccccn1.o=c(o)/c=c\c(=o)o,CN(C)CC[C@@H](c1ccc(Cl)cc1)c1ccccn1.O=C(O)/C=C\C(=O)O,Original,,,,,,,,
DEXMEDETOMIDINE HYDROCHLORIDE,1,Most,1,,1,,0,,1,,0,,1,Most,0,,Cc1cccc([C@H](C)c2c[nH]cn2)c1C,cc1cccc([c@h](c)c2c[nh]cn2)c1c,Cc1cccc([C@H](C)c2c[nH]cn2)c1C,Original,,,,,,,,
DEXMETHYLPHENIDATE HYDROCHLORIDE,1,Most,1,Most,1,Most,0,,1,,0,,0,,0,,COC(=O)[C@H](c1ccccc1)[C@H]1CCCCN1,coc(=o)[c@h](c1ccccc1)[c@h]1ccccn1,COC(=O)[C@H](c1ccccc1)[C@H]1CCCCN1,Original,,,,,,,,
DEXRAZOXANE HYDROCHLORIDE,0,,1,,1,Most,1,Most,0,,0,,0,,1,Most,C[C@@H](CN1CC(=O)NC(=O)C1)N1CC(=O)NC(=O)C1,c[c@@h](cn1cc(=o)nc(=o)c1)n1cc(=o)nc(=o)c1,C[C@@H](CN1CC(=O)NC(=O)C1)N1CC(=O)NC(=O)C1,Original,,,,,,,,
DEXTRAN 40,1,Most,1,,1,Most,0,,0,,0,,1,Most,1,Most,O=CC(O)C(O)C(O)C(O)COC1OC(COC2OC(CO)C(O)C(O)C2O)C(O)C(O)C1O,o=cc(o)c(o)c(o)c(o)coc1oc(coc2oc(co)c(o)c(o)c2o)c(o)c(o)c1o,O=CC(O)C(O)C(O)C(O)COC1OC(COC2OC(CO)C(O)C(O)C2O)C(O)C(O)C1O,Original,,,,,,,,
DEXTROAMPHETAMINE SULFATE,1,Most,1,Most,0,,0,,0,,0,,0,,0,,C[C@H](N)Cc1ccccc1.C[C@H](N)Cc1ccccc1,c[c@h](n)cc1ccccc1.c[c@h](n)cc1ccccc1,C[C@H](N)Cc1ccccc1.C[C@H](N)Cc1ccccc1,Original,,,,,,,,
DEXTROSE,1,Most,0,,1,,0,,0,,0,,1,Most,1,,OC[C@H]1OC(O)[C@H](O)[C@@H](O)[C@@H]1O,oc[c@h]1oc(o)[c@h](o)[c@@h](o)[c@@h]1o,OC[C@H]1OC(O)[C@H](O)[C@@H](O)[C@@H]1O,Original,,,,,,,,
DIATRIZOATE MEGLUMINE,0,,1,,0,,0,,0,,0,,1,Most,0,,CC(=O)Nc1c(I)c(NC(C)=O)c(I)c(C(=O)O)c1I.CNC[C@H](O)[C@@H](O)[C@H](O)[C@H](O)CO,cc(=o)nc1c(i)c(nc(c)=o)c(i)c(c(=o)o)c1i.cnc[c@h](o)[c@@h](o)[c@h](o)[c@h](o)co,CC(=O)Nc1c(I)c(NC(C)=O)c(I)c(C(=O)O)c1I.CNC[C@H](O)[C@@H](O)[C@H](O)[C@H](O)CO,Original,,,,,,,,
DIAZEPAM,1,,1,Most,1,,1,,1,,0,,1,Most,0,,CN1C(=O)CN=C(c2ccccc2)c2cc(Cl)ccc21,cn1c(=o)cn=c(c2ccccc2)c2cc(cl)ccc21,CN1C(=O)CN=C(c2ccccc2)c2cc(Cl)ccc21,Original,,,,,,,,
DIAZOXIDE,1,Most,1,Most,1,Most,0,,1,,0,,1,Most,1,Most,CC1=Nc2ccc(Cl)cc2S(=O)(=O)N1,cc1=nc2ccc(cl)cc2s(=o)(=o)n1,CC1=Nc2ccc(Cl)cc2S(=O)(=O)N1,Original,,,,,,,,
DICHLORPHENAMIDE,0,,1,Most,1,Most,0,,1,Most,1,,1,Most,1,,NS(=O)(=O)c1cc(Cl)c(Cl)c(S(N)(=O)=O)c1,ns(=o)(=o)c1cc(cl)c(cl)c(s(n)(=o)=o)c1,NS(=O)(=O)c1cc(Cl)c(Cl)c(S(N)(=O)=O)c1,Original,,,,,,,,
DICLOFENAC,1,Most,1,Most,1,Most,1,Most,1,Most,0,,1,,1,Most,O=C(O)Cc1ccccc1Nc1c(Cl)cccc1Cl,o=c(o)cc1ccccc1nc1c(cl)cccc1cl,O=C(O)Cc1ccccc1Nc1c(Cl)cccc1Cl,Original,,,,,,,,
DICLOFENAC POTASSIUM,1,Most,1,Most,1,Most,1,Most,1,Most,1,,1,Most,1,Most,O=C(O)Cc1ccccc1Nc1c(Cl)cccc1Cl,o=c(o)cc1ccccc1nc1c(cl)cccc1cl,O=C(O)Cc1ccccc1Nc1c(Cl)cccc1Cl,Original,,,,,,,,
DICLOXACILLIN SODIUM,0,,1,Most,1,Most,0,,1,,0,,0,,0,,Cc1onc(-c2c(Cl)cccc2Cl)c1C(=O)N[C@@H]1C(=O)N2[C@@H]1SC(C)(C)[C@@H]2C(=O)O,cc1onc(-c2c(cl)cccc2cl)c1c(=o)n[c@@h]1c(=o)n2[c@@h]1sc(c)(c)[c@@h]2c(=o)o,Cc1onc(-c2c(Cl)cccc2Cl)c1C(=O)N[C@@H]1C(=O)N2[C@@H]1SC(C)(C)[C@@H]2C(=O)O,Original,,,,,,,,
DICYCLOMINE HYDROCHLORIDE,1,Most,1,,0,,0,,0,,0,,0,,0,,CCN(CC)CCOC(=O)C1(C2CCCCC2)CCCCC1,ccn(cc)ccoc(=o)c1(c2ccccc2)ccccc1,CCN(CC)CCOC(=O)C1(C2CCCCC2)CCCCC1,Original,,,,,,,,
DIDANOSINE,0,,1,,1,Most,0,,1,Most,0,,0,,1,Most,O=c1[nH]cnc2c1ncn2[C@H]1CC[C@@H](CO)O1,o=c1[nh]cnc2c1ncn2[c@h]1cc[c@@h](co)o1,O=c1[nH]cnc2c1ncn2[C@H]1CC[C@@H](CO)O1,Original,,,,,,,,
DIETHYLPROPION HYDROCHLORIDE ER,1,Most,1,Most,1,Most,0,,0,,0,,1,Most,0,,CCN(CC)C(C)C(=O)c1ccccc1,ccn(cc)c(c)c(=o)c1ccccc1,CCN(CC)C(C)C(=O)c1ccccc1,Original,,,,,,,,
DIFELIKEFALIN,0,,0,,0,,0,,0,,0,,0,,0,,CC(C)C[C@@H](NC(=O)[C@@H](Cc1ccccc1)NC(=O)[C@H](N)Cc1ccccc1)C(=O)N[C@H](CCCCN)C(=O)N1CCC(N)(C(=O)O)CC1,cc(c)c[c@@h](nc(=o)[c@@h](cc1ccccc1)nc(=o)[c@h](n)cc1ccccc1)c(=o)n[c@h](ccccn)c(=o)n1ccc(n)(c(=o)o)cc1,CC(C)C[C@@H](NC(=O)[C@@H](Cc1ccccc1)NC(=O)[C@H](N)Cc1ccccc1)C(=O)N[C@H](CCCCN)C(=O)N1CCC(N)(C(=O)O)CC1,Original,,,,,,,,
DIFLUNISAL,1,Most,1,Most,1,Most,0,,1,Most,1,Most,1,,1,Most,O=C(O)c1cc(-c2ccc(F)cc2F)ccc1O,o=c(o)c1cc(-c2ccc(f)cc2f)ccc1o,O=C(O)c1cc(-c2ccc(F)cc2F)ccc1O,Original,,,,,,,,
DIGOXIN,1,Most,1,,1,,0,,0,,0,,0,,1,Most,C[C@H]1O[C@@H](O[C@H]2[C@@H](O)C[C@H](O[C@H]3[C@@H](O)C[C@H](O[C@H]4CC[C@@]5(C)[C@H](CC[C@@H]6[C@@H]5C[C@@H](O)[C@]5(C)[C@@H](C7=CC(=O)OC7)CC[C@]65O)C4)O[C@@H]3C)O[C@@H]2C)C[C@H](O)[C@@H]1O,c[c@h]1o[c@@h](o[c@h]2[c@@h](o)c[c@h](o[c@h]3[c@@h](o)c[c@h](o[c@h]4cc[c@@]5(c)[c@h](cc[c@@h]6[c@@h]5c[c@@h](o)[c@]5(c)[c@@h](c7=cc(=o)oc7)cc[c@]65o)c4)o[c@@h]3c)o[c@@h]2c)c[c@h](o)[c@@h]1o,C[C@H]1O[C@@H](O[C@H]2[C@@H](O)C[C@H](O[C@H]3[C@@H](O)C[C@H](O[C@H]4CC[C@@]5(C)[C@H](CC[C@@H]6[C@@H]5C[C@@H](O)[C@]5(C)[C@@H](C7=CC(=O)OC7)CC[C@]65O)C4)O[C@@H]3C)O[C@@H]2C)C[C@H](O)[C@@H]1O,Original,,,,,,,,
DILTIAZEM HYDROCHLORIDE,1,Most,1,,0,,0,,0,,0,,0,,0,,COc1ccc([C@@H]2Sc3ccccc3N(CCN(C)C)C(=O)[C@@H]2OC(C)=O)cc1,coc1ccc([c@@h]2sc3ccccc3n(ccn(c)c)c(=o)[c@@h]2oc(c)=o)cc1,COc1ccc([C@@H]2Sc3ccccc3N(CCN(C)C)C(=O)[C@@H]2OC(C)=O)cc1,Original,,,,,,,,
DIMENHYDRINATE,1,,1,,0,,0,,0,,0,,0,,0,,CN(C)CCOC(c1ccccc1)c1ccccc1.Cn1c(=O)c2[nH]c(Cl)nc2n(C)c1=O,cn(c)ccoc(c1ccccc1)c1ccccc1.cn1c(=o)c2[nh]c(cl)nc2n(c)c1=o,CN(C)CCOC(c1ccccc1)c1ccccc1.Cn1c(=O)c2[nH]c(Cl)nc2n(C)c1=O,Original,,,,,,,,
DIMERCAPROL,1,Most,1,,1,,0,,1,Most,0,,0,,1,Most,OCC(S)CS,occ(s)cs,OCC(S)CS,Original,,,,,,,,
DIMETHYL FUMARATE,0,,1,Most,1,Most,1,Most,1,Most,0,,0,,1,Most,COC(=O)/C=C/C(=O)OC,coc(=o)/c=c/c(=o)oc,COC(=O)/C=C/C(=O)OC,Original,,,,,,,,
DIMETHYL SULFOXIDE,0,,0,,0,,0,,0,,0,,0,,0,,C[S+](C)[O-],c[s+](c)[o-],C[S+](C)[O-],Original,,,,,,,,
DIPHENHYDRAMINE HYDROCHLORIDE,1,Most,1,Most,1,Most,0,,0,,1,,0,,0,,CN(C)CCOC(c1ccccc1)c1ccccc1,cn(c)ccoc(c1ccccc1)c1ccccc1,CN(C)CCOC(c1ccccc1)c1ccccc1,Original,,,,,,,,
DIPYRIDAMOLE,1,Most,1,,0,,1,,0,,0,,1,Most,0,,OCCN(CCO)c1nc(N2CCCCC2)c2nc(N(CCO)CCO)nc(N3CCCCC3)c2n1,occn(cco)c1nc(n2ccccc2)c2nc(n(cco)cco)nc(n3ccccc3)c2n1,OCCN(CCO)c1nc(N2CCCCC2)c2nc(N(CCO)CCO)nc(N3CCCCC3)c2n1,Original,,,,,,,,
DIROXIMEL FUMARATE,0,,1,Most,1,Most,0,,1,,0,,0,,1,Most,COC(=O)/C=C/C(=O)OCCN1C(=O)CCC1=O,coc(=o)/c=c/c(=o)occn1c(=o)ccc1=o,COC(=O)/C=C/C(=O)OCCN1C(=O)CCC1=O,Original,,,,,,,,
DISOPYRAMIDE PHOSPHATE,1,Most,1,,1,,0,,1,,0,,0,,1,Most,CC(C)N(CCC(C(N)=O)(c1ccccc1)c1ccccn1)C(C)C,cc(c)n(ccc(c(n)=o)(c1ccccc1)c1ccccn1)c(c)c,CC(C)N(CCC(C(N)=O)(c1ccccc1)c1ccccn1)C(C)C,Original,,,,,,,,
DISULFIRAM,1,,1,Most,0,,0,,1,Most,0,,0,,0,,CCN(CC)C(=S)SSC(=S)N(CC)CC,ccn(cc)c(=s)ssc(=s)n(cc)cc,CCN(CC)C(=S)SSC(=S)N(CC)CC,Original,,,,,,,,
DIVALPROEX SODIUM,1,,1,Most,1,Most,1,Most,1,Most,1,Most,0,,1,,CCCC(CCC)C(=O)O.CCCC(CCC)C(=O)O,cccc(ccc)c(=o)o.cccc(ccc)c(=o)o,CCCC(CCC)C(=O)O.CCCC(CCC)C(=O)O,Original,,,,,,,,
DOBUTAMINE,1,Most,1,,1,,0,,0,,0,,0,,0,,CC(CCc1ccc(O)cc1)NCCc1ccc(O)c(O)c1,cc(ccc1ccc(o)cc1)nccc1ccc(o)c(o)c1,CC(CCc1ccc(O)cc1)NCCc1ccc(O)c(O)c1,Original,,,,,,,,
DOCETAXEL ANHYDROUS,1,Most,1,Most,1,Most,1,Most,1,Most,1,,1,Most,1,,CC(=O)O[C@@]12CO[C@@H]1C[C@H](O)[C@@]1(C)C(=O)[C@H](O)C3=C(C)[C@@H](OC(=O)[C@H](O)[C@@H](NC(=O)OC(C)(C)C)c4ccccc4)C[C@@](O)([C@@H](OC(=O)c4ccccc4)[C@H]21)C3(C)C,cc(=o)o[c@@]12co[c@@h]1c[c@h](o)[c@@]1(c)c(=o)[c@h](o)c3=c(c)[c@@h](oc(=o)[c@h](o)[c@@h](nc(=o)oc(c)(c)c)c4ccccc4)c[c@@](o)([c@@h](oc(=o)c4ccccc4)[c@h]21)c3(c)c,CC(=O)O[C@@]12CO[C@@H]1C[C@H](O)[C@@]1(C)C(=O)[C@H](O)C3=C(C)[C@@H](OC(=O)[C@H](O)[C@@H](NC(=O)OC(C)(C)C)c4ccccc4)C[C@@](O)([C@@H](OC(=O)c4ccccc4)[C@H]21)C3(C)C,Original,,,,,,,,
DOFETILIDE,1,Most,1,,0,,1,,1,,0,,0,,0,,CN(CCOc1ccc(NS(C)(=O)=O)cc1)CCc1ccc(NS(C)(=O)=O)cc1,cn(ccoc1ccc(ns(c)(=o)=o)cc1)ccc1ccc(ns(c)(=o)=o)cc1,CN(CCOc1ccc(NS(C)(=O)=O)cc1)CCc1ccc(NS(C)(=O)=O)cc1,Original,,,,,,,,
DOLASETRON MESYLATE,1,Most,1,,1,Most,0,,1,,1,,0,,1,Most,O=C(O[C@@H]1C[C@@H]2C[C@H]3C[C@H](C1)N2CC3=O)c1c[nH]c2ccccc12,o=c(o[c@@h]1c[c@@h]2c[c@h]3c[c@h](c1)n2cc3=o)c1c[nh]c2ccccc12,O=C(O[C@@H]1C[C@@H]2C[C@H]3C[C@H](C1)N2CC3=O)c1c[nH]c2ccccc12,Original,,,,,,,,
DOLUTEGRAVIR SODIUM,0,,1,,1,,0,,1,Most,0,,0,,0,,C[C@@H]1CCO[C@H]2Cn3cc(C(=O)NCc4ccc(F)cc4F)c(=O)c(O)c3C(=O)N12,c[c@@h]1cco[c@h]2cn3cc(c(=o)ncc4ccc(f)cc4f)c(=o)c(o)c3c(=o)n12,C[C@@H]1CCO[C@H]2Cn3cc(C(=O)NCc4ccc(F)cc4F)c(=O)c(O)c3C(=O)N12,Original,,,,,,,,
DONEPEZIL HYDROCHLORIDE,1,Most,1,Most,1,,0,,0,,0,,1,,0,,COc1cc2c(cc1OC)C(=O)C(CC1CCN(Cc3ccccc3)CC1)C2,coc1cc2c(cc1oc)c(=o)c(cc1ccn(cc3ccccc3)cc1)c2,COc1cc2c(cc1OC)C(=O)C(CC1CCN(Cc3ccccc3)CC1)C2,Original,,,,,,,,
DOPAMINE HYDROCHLORIDE,1,Most,1,Most,0,,0,,0,,0,,0,,1,,NCCc1ccc(O)c(O)c1,nccc1ccc(o)c(o)c1,NCCc1ccc(O)c(O)c1,Original,,,,,,,,
DORAVIRINE,0,,1,,0,,0,,1,,0,,0,,0,,Cn1c(Cn2ccc(C(F)(F)F)c(Oc3cc(Cl)cc(C#N)c3)c2=O)n[nH]c1=O,cn1c(cn2ccc(c(f)(f)f)c(oc3cc(cl)cc(c#n)c3)c2=o)n[nh]c1=o,Cn1c(Cn2ccc(C(F)(F)F)c(Oc3cc(Cl)cc(C#N)c3)c2=O)n[nH]c1=O,Original,,,,,,,,
DOXAPRAM HYDROCHLORIDE,1,Most,1,Most,1,Most,0,,0,,0,,1,Most,1,Most,CCN1CC(CCN2CCOCC2)C(c2ccccc2)(c2ccccc2)C1=O,ccn1cc(ccn2ccocc2)c(c2ccccc2)(c2ccccc2)c1=o,CCN1CC(CCN2CCOCC2)C(c2ccccc2)(c2ccccc2)C1=O,Original,,,,,,,,
DOXEPIN HYDROCHLORIDE,1,,1,Most,1,,1,Most,1,,1,,1,,0,,CN(C)CCC=C1c2ccccc2COc2ccccc21,cn(c)ccc=c1c2ccccc2coc2ccccc21,CN(C)CCC=C1c2ccccc2COc2ccccc21,Original,,,,,,,,
DOXERCALCIFEROL,1,Most,1,Most,1,Most,0,,0,,0,,0,,0,,C=C1/C(=C\C=C2/CCC[C@]3(C)[C@@H]([C@H](C)/C=C/[C@H](C)C(C)C)CC[C@@H]23)C[C@@H](O)C[C@@H]1O,c=c1/c(=c\c=c2/ccc[c@]3(c)[c@@h]([c@h](c)/c=c/[c@h](c)c(c)c)cc[c@@h]23)c[c@@h](o)c[c@@h]1o,C=C1/C(=C\C=C2/CCC[C@]3(C)[C@@H]([C@H](C)/C=C/[C@H](C)C(C)C)CC[C@@H]23)C[C@@H](O)C[C@@H]1O,Original,,,,,,,,
DOXORUBICIN HYDROCHLORIDE,1,Most,1,Most,1,Most,1,Most,1,Most,0,,1,Most,0,,COc1cccc2c1C(=O)c1c(O)c3c(c(O)c1C2=O)C[C@@](O)(C(=O)CO)C[C@@H]3O[C@H]1C[C@H](N)[C@H](O)[C@H](C)O1,coc1cccc2c1c(=o)c1c(o)c3c(c(o)c1c2=o)c[c@@](o)(c(=o)co)c[c@@h]3o[c@h]1c[c@h](n)[c@h](o)[c@h](c)o1,COc1cccc2c1C(=O)c1c(O)c3c(c(O)c1C2=O)C[C@@](O)(C(=O)CO)C[C@@H]3O[C@H]1C[C@H](N)[C@H](O)[C@H](C)O1,Original,,,,,,,,
DOXYCYCLINE,0,,1,Most,1,,1,Most,1,,0,,0,,1,Most,C[C@H]1c2cccc(O)c2C(=O)C2=C(O)[C@]3(O)C(=O)C(C(N)=O)=C(O)[C@@H](N(C)C)[C@@H]3[C@@H](O)[C@@H]21,c[c@h]1c2cccc(o)c2c(=o)c2=c(o)[c@]3(o)c(=o)c(c(n)=o)=c(o)[c@@h](n(c)c)[c@@h]3[c@@h](o)[c@@h]21,C[C@H]1c2cccc(O)c2C(=O)C2=C(O)[C@]3(O)C(=O)C(C(N)=O)=C(O)[C@@H](N(C)C)[C@@H]3[C@@H](O)[C@@H]21,Original,,,,,,,,
DOXYCYCLINE HYCLATE,0,,1,Most,1,Most,0,,1,,0,,0,,1,,C[C@H]1c2cccc(O)c2C(=O)C2=C(O)[C@]3(O)C(=O)C(C(N)=O)=C(O)[C@@H](N(C)C)[C@@H]3[C@@H](O)[C@@H]21.C[C@H]1c2cccc(O)c2C(=O)C2=C(O)[C@]3(O)C(=O)C(C(N)=O)=C(O)[C@@H](N(C)C)[C@@H]3[C@@H](O)[C@@H]21,c[c@h]1c2cccc(o)c2c(=o)c2=c(o)[c@]3(o)c(=o)c(c(n)=o)=c(o)[c@@h](n(c)c)[c@@h]3[c@@h](o)[c@@h]21.c[c@h]1c2cccc(o)c2c(=o)c2=c(o)[c@]3(o)c(=o)c(c(n)=o)=c(o)[c@@h](n(c)c)[c@@h]3[c@@h](o)[c@@h]21,C[C@H]1c2cccc(O)c2C(=O)C2=C(O)[C@]3(O)C(=O)C(C(N)=O)=C(O)[C@@H](N(C)C)[C@@H]3[C@@H](O)[C@@H]21.C[C@H]1c2cccc(O)c2C(=O)C2=C(O)[C@]3(O)C(=O)C(C(N)=O)=C(O)[C@@H](N(C)C)[C@@H]3[C@@H](O)[C@@H]21,Original,,,,,,,,
DRONABINOL,1,Most,1,Most,0,,1,,0,,0,,0,,0,,CCCCCc1cc(O)c2c(c1)OC(C)(C)[C@@H]1CCC(C)=C[C@@H]21,cccccc1cc(o)c2c(c1)oc(c)(c)[c@@h]1ccc(c)=c[c@@h]21,CCCCCc1cc(O)c2c(c1)OC(C)(C)[C@@H]1CCC(C)=C[C@@H]21,Original,,,,,,,,
DRONEDARONE,1,Most,1,Most,0,,1,Most,1,Most,0,,1,Most,1,Most,CCCCc1oc2ccc(NS(C)(=O)=O)cc2c1C(=O)c1ccc(OCCCN(CCCC)CCCC)cc1,ccccc1oc2ccc(ns(c)(=o)=o)cc2c1c(=o)c1ccc(occcn(cccc)cccc)cc1,CCCCc1oc2ccc(NS(C)(=O)=O)cc2c1C(=O)c1ccc(OCCCN(CCCC)CCCC)cc1,Original,,,,,,,,
DROPERIDOL,1,Most,0,,0,,0,,0,,0,,1,,0,,O=C(CCCN1CC=C(n2c(=O)[nH]c3ccccc32)CC1)c1ccc(F)cc1,o=c(cccn1cc=c(n2c(=o)[nh]c3ccccc32)cc1)c1ccc(f)cc1,O=C(CCCN1CC=C(n2c(=O)[nH]c3ccccc32)CC1)c1ccc(F)cc1,Original,,,,,,,,
DROSPIRENONE,1,,1,,0,,0,,1,Most,0,,0,,1,Most,C[C@]12CCC(=O)C=C1[C@@H]1C[C@@H]1[C@H]1[C@@H]3[C@@H]4C[C@@H]4[C@@]4(CCC(=O)O4)[C@@]3(C)CC[C@@H]12,c[c@]12ccc(=o)c=c1[c@@h]1c[c@@h]1[c@h]1[c@@h]3[c@@h]4c[c@@h]4[c@@]4(ccc(=o)o4)[c@@]3(c)cc[c@@h]12,C[C@]12CCC(=O)C=C1[C@@H]1C[C@@H]1[C@H]1[C@@H]3[C@@H]4C[C@@H]4[C@@]4(CCC(=O)O4)[C@@]3(C)CC[C@@H]12,Original,,,,,,,,
DROXIDOPA,1,Most,1,,0,,0,,0,,0,,0,,1,,N[C@H](C(=O)O)[C@H](O)c1ccc(O)c(O)c1,n[c@h](c(=o)o)[c@h](o)c1ccc(o)c(o)c1,N[C@H](C(=O)O)[C@H](O)c1ccc(O)c(O)c1,Original,,,,,,,,
DULOXETINE,1,Most,1,Most,1,Most,0,,1,Most,0,,0,,0,,CNCC[C@H](Oc1cccc2ccccc12)c1cccs1,cncc[c@h](oc1cccc2ccccc12)c1cccs1,CNCC[C@H](Oc1cccc2ccccc12)c1cccs1,Original,,,,,,,,
DUTASTERIDE,1,,1,Most,0,,1,Most,0,,0,,0,,0,,C[C@]12C=CC(=O)N[C@@H]1CC[C@@H]1[C@@H]2CC[C@]2(C)[C@@H](C(=O)Nc3cc(C(F)(F)F)ccc3C(F)(F)F)CC[C@@H]12,c[c@]12c=cc(=o)n[c@@h]1cc[c@@h]1[c@@h]2cc[c@]2(c)[c@@h](c(=o)nc3cc(c(f)(f)f)ccc3c(f)(f)f)cc[c@@h]12,C[C@]12C=CC(=O)N[C@@H]1CC[C@@H]1[C@@H]2CC[C@]2(C)[C@@H](C(=O)Nc3cc(C(F)(F)F)ccc3C(F)(F)F)CC[C@@H]12,Original,,,,,,,,
DUVELISIB,0,,1,Most,1,Most,1,Most,1,Most,0,,1,Most,0,,C[C@H](Nc1ncnc2nc[nH]c12)c1cc2cccc(Cl)c2c(=O)n1-c1ccccc1,c[c@h](nc1ncnc2nc[nh]c12)c1cc2cccc(cl)c2c(=o)n1-c1ccccc1,C[C@H](Nc1ncnc2nc[nH]c12)c1cc2cccc(Cl)c2c(=O)n1-c1ccccc1,Original,,,,,,,,
EDARAVONE,0,,1,Most,0,,0,,0,,0,,0,,0,,CC1=NN(c2ccccc2)C(=O)C1,cc1=nn(c2ccccc2)c(=o)c1,CC1=NN(c2ccccc2)C(=O)C1,Original,,,,,,,,
EDETATE CALCIUM DISODIUM,1,Most,1,,1,,0,,1,,0,,0,,1,Most,O=C(O)CN(CCN(CC(=O)O)CC(=O)O)CC(=O)O,o=c(o)cn(ccn(cc(=o)o)cc(=o)o)cc(=o)o,O=C(O)CN(CCN(CC(=O)O)CC(=O)O)CC(=O)O,Original,,,,,,,,
EDOTREOTIDE GALLIUM GA-68,0,,1,,0,,0,,0,,0,,0,,0,,CC(O)C(CO)NC(=O)C1CSSCC(NC(=O)C(Cc2ccccc2)NC(=O)CN2CCN(CC(=O)[O-])CCN(CC(=O)[O-])CCN(CC(=O)[O-])CC2)C(=O)NC(Cc2ccc(O)cc2)C(=O)NC(Cc2c[nH]c3ccccc23)C(=O)NC(CCCCN)C(=O)NC(C(C)O)C(=O)N1.[Ga+3],cc(o)c(co)nc(=o)c1csscc(nc(=o)c(cc2ccccc2)nc(=o)cn2ccn(cc(=o)[o-])ccn(cc(=o)[o-])ccn(cc(=o)[o-])cc2)c(=o)nc(cc2ccc(o)cc2)c(=o)nc(cc2c[nh]c3ccccc23)c(=o)nc(ccccn)c(=o)nc(c(c)o)c(=o)n1.[ga+3],CC(O)C(CO)NC(=O)C1CSSCC(NC(=O)C(Cc2ccccc2)NC(=O)CN2CCN(CC(=O)[O-])CCN(CC(=O)[O-])CCN(CC(=O)[O-])CC2)C(=O)NC(Cc2ccc(O)cc2)C(=O)NC(Cc2c[nH]c3ccccc23)C(=O)NC(CCCCN)C(=O)NC(C(C)O)C(=O)N1.[Ga+3],Original,,,,,,,,
EDOXABAN TOSYLATE,0,,1,,1,Most,0,,0,,0,,1,,1,,CN1CCc2nc(C(=O)N[C@@H]3C[C@@H](C(=O)N(C)C)CC[C@@H]3NC(=O)C(=O)Nc3ccc(Cl)cn3)sc2C1.Cc1ccc(S(=O)(=O)O)cc1,cn1ccc2nc(c(=o)n[c@@h]3c[c@@h](c(=o)n(c)c)cc[c@@h]3nc(=o)c(=o)nc3ccc(cl)cn3)sc2c1.cc1ccc(s(=o)(=o)o)cc1,CN1CCc2nc(C(=O)N[C@@H]3C[C@@H](C(=O)N(C)C)CC[C@@H]3NC(=O)C(=O)Nc3ccc(Cl)cn3)sc2C1.Cc1ccc(S(=O)(=O)O)cc1,Original,,,,,,,,
EFAVIRENZ,0,,1,Most,1,Most,0,,1,Most,0,,0,,0,,O=C1Nc2ccc(Cl)cc2[C@@](C#CC2CC2)(C(F)(F)F)O1,o=c1nc2ccc(cl)cc2[c@@](c#cc2cc2)(c(f)(f)f)o1,O=C1Nc2ccc(Cl)cc2[C@@](C#CC2CC2)(C(F)(F)F)O1,Original,,,,,,,,
ELAGOLIX,0,,1,,0,,0,,1,Most,0,,0,,0,,COc1cccc(-c2c(C)n(Cc3c(F)cccc3C(F)(F)F)c(=O)n(C[C@H](NCCCC(=O)O)c3ccccc3)c2=O)c1F,coc1cccc(-c2c(c)n(cc3c(f)cccc3c(f)(f)f)c(=o)n(c[c@h](ncccc(=o)o)c3ccccc3)c2=o)c1f,COc1cccc(-c2c(C)n(Cc3c(F)cccc3C(F)(F)F)c(=O)n(C[C@H](NCCCC(=O)O)c3ccccc3)c2=O)c1F,Original,,,,,,,,
ELETRIPTAN HYDROBROMIDE,1,Most,1,Most,0,,1,Most,0,,0,,0,,0,,CN1CCC[C@@H]1Cc1c[nH]c2ccc(CCS(=O)(=O)c3ccccc3)cc12,cn1ccc[c@@h]1cc1c[nh]c2ccc(ccs(=o)(=o)c3ccccc3)cc12,CN1CCC[C@@H]1Cc1c[nH]c2ccc(CCS(=O)(=O)c3ccccc3)cc12,Original,,,,,,,,
ELIGLUSTAT,1,Most,1,,0,,1,Most,1,Most,0,,0,,0,,CCCCCCCC(=O)N[C@H](CN1CCCC1)[C@H](O)c1ccc2c(c1)OCCO2,cccccccc(=o)n[c@h](cn1cccc1)[c@h](o)c1ccc2c(c1)occo2,CCCCCCCC(=O)N[C@H](CN1CCCC1)[C@H](O)c1ccc2c(c1)OCCO2,Original,,,,,,,,
ELTROMBOPAG OLAMINE,0,,1,Most,1,Most,0,,1,Most,0,,0,,1,,CC1=NN(c2ccc(C)c(C)c2)C(=O)/C1=N\Nc1cccc(-c2cccc(C(=O)O)c2)c1O.NCCO.NCCO,cc1=nn(c2ccc(c)c(c)c2)c(=o)/c1=n\nc1cccc(-c2cccc(c(=o)o)c2)c1o.ncco.ncco,CC1=NN(c2ccc(C)c(C)c2)C(=O)/C1=N\Nc1cccc(-c2cccc(C(=O)O)c2)c1O.NCCO.NCCO,Original,,,,,,,,
ELUXADOLINE,0,,1,Most,0,,0,,1,Most,0,,0,,0,,COc1ccc(CN(C(=O)[C@@H](N)Cc2c(C)cc(C(N)=O)cc2C)[C@@H](C)c2ncc(-c3ccccc3)[nH]2)cc1C(=O)O,coc1ccc(cn(c(=o)[c@@h](n)cc2c(c)cc(c(n)=o)cc2c)[c@@h](c)c2ncc(-c3ccccc3)[nh]2)cc1c(=o)o,COc1ccc(CN(C(=O)[C@@H](N)Cc2c(C)cc(C(N)=O)cc2C)[C@@H](C)c2ncc(-c3ccccc3)[nH]2)cc1C(=O)O,Original,,,,,,,,
EMPAGLIFLOZIN,0,,1,Most,1,,0,,0,,0,,0,,1,Most,OC[C@H]1O[C@@H](c2ccc(Cl)c(Cc3ccc(O[C@H]4CCOC4)cc3)c2)[C@H](O)[C@@H](O)[C@@H]1O,oc[c@h]1o[c@@h](c2ccc(cl)c(cc3ccc(o[c@h]4ccoc4)cc3)c2)[c@h](o)[c@@h](o)[c@@h]1o,OC[C@H]1O[C@@H](c2ccc(Cl)c(Cc3ccc(O[C@H]4CCOC4)cc3)c2)[C@H](O)[C@@H](O)[C@@H]1O,Original,,,,,,,,
EMTRICITABINE,0,,1,Most,1,Most,0,,1,,0,,0,,0,,Nc1nc(=O)n([C@@H]2CS[C@H](CO)O2)cc1F,nc1nc(=o)n([c@@h]2cs[c@h](co)o2)cc1f,Nc1nc(=O)n([C@@H]2CS[C@H](CO)O2)cc1F,Original,,,,,,,,
ENALAPRILAT,1,Most,1,Most,1,Most,0,,1,Most,0,,1,Most,1,Most,C[C@H](N[C@@H](CCc1ccccc1)C(=O)O)C(=O)N1CCC[C@H]1C(=O)O,c[c@h](n[c@@h](ccc1ccccc1)c(=o)o)c(=o)n1ccc[c@h]1c(=o)o,C[C@H](N[C@@H](CCc1ccccc1)C(=O)O)C(=O)N1CCC[C@H]1C(=O)O,Original,,,,,,,,
ENASIDENIB MESYLATE,0,,1,,1,Most,1,Most,0,,0,,1,Most,1,Most,CC(C)(O)CNc1nc(Nc2ccnc(C(F)(F)F)c2)nc(-c2cccc(C(F)(F)F)n2)n1,cc(c)(o)cnc1nc(nc2ccnc(c(f)(f)f)c2)nc(-c2cccc(c(f)(f)f)n2)n1,CC(C)(O)CNc1nc(Nc2ccnc(C(F)(F)F)c2)nc(-c2cccc(C(F)(F)F)n2)n1,Original,,,,,,,,
ENCORAFENIB,1,Most,1,Most,1,Most,1,Most,1,Most,0,,1,,1,,COC(=O)N[C@@H](C)CNc1nccc(-c2cn(C(C)C)nc2-c2cc(Cl)cc(NS(C)(=O)=O)c2F)n1,coc(=o)n[c@@h](c)cnc1nccc(-c2cn(c(c)c)nc2-c2cc(cl)cc(ns(c)(=o)=o)c2f)n1,COC(=O)N[C@@H](C)CNc1nccc(-c2cn(C(C)C)nc2-c2cc(Cl)cc(NS(C)(=O)=O)c2F)n1,Original,,,,,,,,
ENFUVIRTIDE,0,,1,Most,1,,0,,1,,0,,1,Most,0,,CC[C@H](C)[C@H](NC(=O)[C@H](CC(C)C)NC(=O)[C@H](CO)NC(=O)[C@H](Cc1cnc[nH]1)NC(=O)[C@@H](NC(=O)[C@H](CC(C)C)NC(=O)[C@H](CO)NC(=O)[C@@H](NC(=O)[C@H](Cc1ccc(O)cc1)NC(C)=O)[C@@H](C)O)[C@@H](C)CC)C(=O)N[C@@H](CCC(=O)O)C(=O)N[C@@H](CCC(=O)O)C(=O)N[C@@H](CO)C(=O)N[C@@H](CCC(N)=O)C(=O)N[C@@H](CC(N)=O)C(=O)N[C@@H](CCC(N)=O)C(=O)N[C@@H](CCC(N)=O)C(=O)N[C@@H](CCC(=O)O)C(=O)N[C@@H](CCCCN)C(=O)N[C@@H](CC(N)=O)C(=O)N[C@@H](CCC(=O)O)C(=O)N[C@@H](CCC(N)=O)C(=O)N[C@@H](CCC(=O)O)C(=O)N[C@@H](CC(C)C)C(=O)N[C@@H](CC(C)C)C(=O)N[C@@H](CCC(=O)O)C(=O)N[C@@H](CC(C)C)C(=O)N[C@@H](CC(=O)O)C(=O)N[C@@H](CCCCN)C(=O)N[C@@H](Cc1c[nH]c2ccccc12)C(=O)N[C@@H](C)C(=O)N[C@@H](CO)C(=O)N[C@@H](CC(C)C)C(=O)N[C@@H](Cc1c[nH]c2ccccc12)C(=O)N[C@@H](CC(N)=O)C(=O)N[C@@H](Cc1c[nH]c2ccccc12)C(=O)N[C@@H](Cc1ccccc1)C(N)=O,cc[c@h](c)[c@h](nc(=o)[c@h](cc(c)c)nc(=o)[c@h](co)nc(=o)[c@h](cc1cnc[nh]1)nc(=o)[c@@h](nc(=o)[c@h](cc(c)c)nc(=o)[c@h](co)nc(=o)[c@@h](nc(=o)[c@h](cc1ccc(o)cc1)nc(c)=o)[c@@h](c)o)[c@@h](c)cc)c(=o)n[c@@h](ccc(=o)o)c(=o)n[c@@h](ccc(=o)o)c(=o)n[c@@h](co)c(=o)n[c@@h](ccc(n)=o)c(=o)n[c@@h](cc(n)=o)c(=o)n[c@@h](ccc(n)=o)c(=o)n[c@@h](ccc(n)=o)c(=o)n[c@@h](ccc(=o)o)c(=o)n[c@@h](ccccn)c(=o)n[c@@h](cc(n)=o)c(=o)n[c@@h](ccc(=o)o)c(=o)n[c@@h](ccc(n)=o)c(=o)n[c@@h](ccc(=o)o)c(=o)n[c@@h](cc(c)c)c(=o)n[c@@h](cc(c)c)c(=o)n[c@@h](ccc(=o)o)c(=o)n[c@@h](cc(c)c)c(=o)n[c@@h](cc(=o)o)c(=o)n[c@@h](ccccn)c(=o)n[c@@h](cc1c[nh]c2ccccc12)c(=o)n[c@@h](c)c(=o)n[c@@h](co)c(=o)n[c@@h](cc(c)c)c(=o)n[c@@h](cc1c[nh]c2ccccc12)c(=o)n[c@@h](cc(n)=o)c(=o)n[c@@h](cc1c[nh]c2ccccc12)c(=o)n[c@@h](cc1ccccc1)c(n)=o,CC[C@H](C)[C@H](NC(=O)[C@H](CC(C)C)NC(=O)[C@H](CO)NC(=O)[C@H](Cc1cnc[nH]1)NC(=O)[C@@H](NC(=O)[C@H](CC(C)C)NC(=O)[C@H](CO)NC(=O)[C@@H](NC(=O)[C@H](Cc1ccc(O)cc1)NC(C)=O)[C@@H](C)O)[C@@H](C)CC)C(=O)N[C@@H](CCC(=O)O)C(=O)N[C@@H](CCC(=O)O)C(=O)N[C@@H](CO)C(=O)N[C@@H](CCC(N)=O)C(=O)N[C@@H](CC(N)=O)C(=O)N[C@@H](CCC(N)=O)C(=O)N[C@@H](CCC(N)=O)C(=O)N[C@@H](CCC(=O)O)C(=O)N[C@@H](CCCCN)C(=O)N[C@@H](CC(N)=O)C(=O)N[C@@H](CCC(=O)O)C(=O)N[C@@H](CCC(N)=O)C(=O)N[C@@H](CCC(=O)O)C(=O)N[C@@H](CC(C)C)C(=O)N[C@@H](CC(C)C)C(=O)N[C@@H](CCC(=O)O)C(=O)N[C@@H](CC(C)C)C(=O)N[C@@H](CC(=O)O)C(=O)N[C@@H](CCCCN)C(=O)N[C@@H](Cc1c[nH]c2ccccc12)C(=O)N[C@@H](C)C(=O)N[C@@H](CO)C(=O)N[C@@H](CC(C)C)C(=O)N[C@@H](Cc1c[nH]c2ccccc12)C(=O)N[C@@H](CC(N)=O)C(=O)N[C@@H](Cc1c[nH]c2ccccc12)C(=O)N[C@@H](Cc1ccccc1)C(N)=O,Original,,,,,,,,
ENTACAPONE,1,Most,1,,1,,0,,1,Most,0,,0,,1,Most,CCN(CC)C(=O)/C(C#N)=C/c1cc(O)c(O)c([N+](=O)[O-])c1,ccn(cc)c(=o)/c(c#n)=c/c1cc(o)c(o)c([n+](=o)[o-])c1,CCN(CC)C(=O)/C(C#N)=C/c1cc(O)c(O)c([N+](=O)[O-])c1,Original,,,,,,,,
ENTECAVIR,0,,1,,0,,0,,1,Most,0,,0,,1,Most,C=C1[C@H](CO)[C@@H](O)C[C@@H]1n1cnc2c(=O)[nH]c(N)nc21,c=c1[c@h](co)[c@@h](o)c[c@@h]1n1cnc2c(=o)[nh]c(n)nc21,C=C1[C@H](CO)[C@@H](O)C[C@@H]1n1cnc2c(=O)[nH]c(N)nc21,Original,,,,,,,,
ENTRECTINIB,1,Most,1,,1,Most,0,,1,Most,0,,1,Most,0,,CN1CCN(c2ccc(C(=O)Nc3n[nH]c4ccc(Cc5cc(F)cc(F)c5)cc34)c(NC3CCOCC3)c2)CC1,cn1ccn(c2ccc(c(=o)nc3n[nh]c4ccc(cc5cc(f)cc(f)c5)cc34)c(nc3ccocc3)c2)cc1,CN1CCN(c2ccc(C(=O)Nc3n[nH]c4ccc(Cc5cc(F)cc(F)c5)cc34)c(NC3CCOCC3)c2)CC1,Original,,,,,,,,
ENZALUTAMIDE,1,Most,1,Most,1,,1,Most,0,,0,,0,,0,,CNC(=O)c1ccc(N2C(=S)N(c3ccc(C#N)c(C(F)(F)F)c3)C(=O)C2(C)C)cc1F,cnc(=o)c1ccc(n2c(=s)n(c3ccc(c#n)c(c(f)(f)f)c3)c(=o)c2(c)c)cc1f,CNC(=O)c1ccc(N2C(=S)N(c3ccc(C#N)c(C(F)(F)F)c3)C(=O)C2(C)C)cc1F,Original,,,,,,,,
EPHEDRINE HYDROCHLORIDE,1,Most,0,,0,,0,,0,,0,,0,,0,,CN[C@@H](C)[C@H](O)c1ccccc1,cn[c@@h](c)[c@h](o)c1ccccc1,CN[C@@H](C)[C@H](O)c1ccccc1,Original,,,,,,,,
EPHEDRINE SULFATE,1,Most,0,,0,,0,,0,,0,,0,,1,,CN[C@@H](C)[C@H](O)c1ccccc1.CN[C@@H](C)[C@H](O)c1ccccc1,cn[c@@h](c)[c@h](o)c1ccccc1.cn[c@@h](c)[c@h](o)c1ccccc1,CN[C@@H](C)[C@H](O)c1ccccc1.CN[C@@H](C)[C@H](O)c1ccccc1,Original,,,,,,,,
EPIRUBICIN HYDROCHLORIDE,1,Most,1,Most,1,Most,1,Most,1,Most,0,,1,Most,0,,COc1cccc2c1C(=O)c1c(O)c3c(c(O)c1C2=O)C[C@@](O)(C(=O)CO)C[C@@H]3O[C@H]1C[C@H](N)[C@@H](O)[C@H](C)O1,coc1cccc2c1c(=o)c1c(o)c3c(c(o)c1c2=o)c[c@@](o)(c(=o)co)c[c@@h]3o[c@h]1c[c@h](n)[c@@h](o)[c@h](c)o1,COc1cccc2c1C(=O)c1c(O)c3c(c(O)c1C2=O)C[C@@](O)(C(=O)CO)C[C@@H]3O[C@H]1C[C@H](N)[C@@H](O)[C@H](C)O1,Original,,,,,,,,
EPLERENONE,1,,1,,0,,1,Most,0,,0,,0,,1,Most,COC(=O)[C@@H]1CC2=CC(=O)CC[C@]2(C)[C@@]23O[C@@H]2C[C@@]2(C)[C@@H](CC[C@@]24CCC(=O)O4)[C@H]13,coc(=o)[c@@h]1cc2=cc(=o)cc[c@]2(c)[c@@]23o[c@@h]2c[c@@]2(c)[c@@h](cc[c@@]24ccc(=o)o4)[c@h]13,COC(=O)[C@@H]1CC2=CC(=O)CC[C@]2(C)[C@@]23O[C@@H]2C[C@@]2(C)[C@@H](CC[C@@]24CCC(=O)O4)[C@H]13,Original,,,,,,,,
EPOPROSTENOL,1,Most,1,Most,1,Most,0,,0,,0,,1,Most,0,,CCCCC[C@H](O)/C=C/[C@@H]1[C@H]2C/C(=C/CCCC(=O)O)O[C@H]2C[C@H]1O,ccccc[c@h](o)/c=c/[c@@h]1[c@h]2c/c(=c/cccc(=o)o)o[c@h]2c[c@h]1o,CCCCC[C@H](O)/C=C/[C@@H]1[C@H]2C/C(=C/CCCC(=O)O)O[C@H]2C[C@H]1O,Original,,,,,,,,
EPTIFIBATIDE,0,,0,,1,Most,0,,0,,0,,0,,0,,N=C(N)NCCCC[C@@H]1NC(=O)CCSSC[C@@H](C(N)=O)NC(=O)[C@@H]2CCCN2C(=O)[C@H](Cc2c[nH]c3ccccc23)NC(=O)[C@H](CC(=O)O)NC(=O)CNC1=O,n=c(n)ncccc[c@@h]1nc(=o)ccssc[c@@h](c(n)=o)nc(=o)[c@@h]2cccn2c(=o)[c@h](cc2c[nh]c3ccccc23)nc(=o)[c@h](cc(=o)o)nc(=o)cnc1=o,N=C(N)NCCCC[C@@H]1NC(=O)CCSSC[C@@H](C(N)=O)NC(=O)[C@@H]2CCCN2C(=O)[C@H](Cc2c[nH]c3ccccc23)NC(=O)[C@H](CC(=O)O)NC(=O)CNC1=O,Original,,,,,,,,
ERAVACYCLINE,0,,1,Most,1,Most,1,Most,1,Most,0,,0,,0,,CN(C)[C@@H]1C(O)=C(C(N)=O)C(=O)[C@@]2(O)C(O)=C3C(=O)c4c(O)c(NC(=O)CN5CCCC5)cc(F)c4C[C@H]3C[C@@H]12,cn(c)[c@@h]1c(o)=c(c(n)=o)c(=o)[c@@]2(o)c(o)=c3c(=o)c4c(o)c(nc(=o)cn5cccc5)cc(f)c4c[c@h]3c[c@@h]12,CN(C)[C@@H]1C(O)=C(C(N)=O)C(=O)[C@@]2(O)C(O)=C3C(=O)c4c(O)c(NC(=O)CN5CCCC5)cc(F)c4C[C@H]3C[C@@H]12,Original,,,,,,,,
ERDAFITINIB,0,,1,Most,1,Most,1,Most,1,,0,,0,,1,Most,COc1cc(OC)cc(N(CCNC(C)C)c2ccc3ncc(-c4cnn(C)c4)nc3c2)c1,coc1cc(oc)cc(n(ccnc(c)c)c2ccc3ncc(-c4cnn(c)c4)nc3c2)c1,COc1cc(OC)cc(N(CCNC(C)C)c2ccc3ncc(-c4cnn(C)c4)nc3c2)c1,Original,,,,,,,,
"ERGOCALCIFEROL CAPSULES,",1,Most,0,,1,,0,,0,,0,,0,,1,Most,Not found,not found,CC(C)[C@@H](C)/C=C/[C@@H](C)[C@H]1CC[C@H]2\C(CCC[C@]12C)=C\C=C3/C[C@@H](O)CCC3=C,NCI/Cactus,,,,,,,,
ERGOTAMINE TARTRATE,1,Most,1,Most,0,,0,,0,,0,,1,Most,1,,CN1C[C@H](C(=O)N[C@]2(C)O[C@@]3(O)[C@@H]4CCCN4C(=O)[C@H](Cc4ccccc4)N3C2=O)C=C2c3cccc4[nH]cc(c34)C[C@H]21.CN1C[C@H](C(=O)N[C@]2(C)O[C@@]3(O)[C@@H]4CCCN4C(=O)[C@H](Cc4ccccc4)N3C2=O)C=C2c3cccc4[nH]cc(c34)C[C@H]21.O=C(O)C(O)C(O)C(=O)O,cn1c[c@h](c(=o)n[c@]2(c)o[c@@]3(o)[c@@h]4cccn4c(=o)[c@h](cc4ccccc4)n3c2=o)c=c2c3cccc4[nh]cc(c34)c[c@h]21.cn1c[c@h](c(=o)n[c@]2(c)o[c@@]3(o)[c@@h]4cccn4c(=o)[c@h](cc4ccccc4)n3c2=o)c=c2c3cccc4[nh]cc(c34)c[c@h]21.o=c(o)c(o)c(o)c(=o)o,CN1C[C@H](C(=O)N[C@]2(C)O[C@@]3(O)[C@@H]4CCCN4C(=O)[C@H](Cc4ccccc4)N3C2=O)C=C2c3cccc4[nH]cc(c34)C[C@H]21.CN1C[C@H](C(=O)N[C@]2(C)O[C@@]3(O)[C@@H]4CCCN4C(=O)[C@H](Cc4ccccc4)N3C2=O)C=C2c3cccc4[nH]cc(c34)C[C@H]21.O=C(O)C(O)C(O)C(=O)O,Original,,,,,,,,
ERIBULIN MESYLATE,0,,0,,0,Most,0,,0,,0,,0,,0,,C=C1C[C@@H]2CC[C@@]34C[C@H]5O[C@H]6[C@@H](O3)[C@H]3O[C@H](CC[C@@H]3O[C@H]6[C@H]5O4)CC(=O)C[C@@H]3[C@@H](OC)[C@@H](C[C@H](O)CN)O[C@H]3C[C@H]3O[C@@H](CC[C@@H]1O2)C[C@@H](C)C3=C,c=c1c[c@@h]2cc[c@@]34c[c@h]5o[c@h]6[c@@h](o3)[c@h]3o[c@h](cc[c@@h]3o[c@h]6[c@h]5o4)cc(=o)c[c@@h]3[c@@h](oc)[c@@h](c[c@h](o)cn)o[c@h]3c[c@h]3o[c@@h](cc[c@@h]1o2)c[c@@h](c)c3=c,C=C1C[C@@H]2CC[C@@]34C[C@H]5O[C@H]6[C@@H](O3)[C@H]3O[C@H](CC[C@@H]3O[C@H]6[C@H]5O4)CC(=O)C[C@@H]3[C@@H](OC)[C@@H](C[C@H](O)CN)O[C@H]3C[C@H]3O[C@@H](CC[C@@H]1O2)C[C@@H](C)C3=C,Original,,,,,,,,
ERLOTINIB,1,,1,Most,1,Most,0,,1,Most,0,,1,Most,1,Most,C#Cc1cccc(Nc2ncnc3cc(OCCOC)c(OCCOC)cc23)c1,c#cc1cccc(nc2ncnc3cc(occoc)c(occoc)cc23)c1,C#Cc1cccc(Nc2ncnc3cc(OCCOC)c(OCCOC)cc23)c1,Original,,,,,,,,
ERLOTINIB HYDROCHLORIDE,1,Most,1,Most,1,Most,0,,1,Most,0,,1,Most,1,Most,C#Cc1cccc(Nc2ncnc3cc(OCCOC)c(OCCOC)cc23)c1,c#cc1cccc(nc2ncnc3cc(occoc)c(occoc)cc23)c1,C#Cc1cccc(Nc2ncnc3cc(OCCOC)c(OCCOC)cc23)c1,Original,,,,,,,,
ERTAPENEM SODIUM,0,,1,Most,1,Most,0,,1,,0,,0,,1,,C[C@@H](O)[C@H]1C(=O)N2C(C(=O)O)=C(S[C@@H]3CN[C@H](C(=O)Nc4cccc(C(=O)O)c4)C3)[C@H](C)[C@H]12,c[c@@h](o)[c@h]1c(=o)n2c(c(=o)o)=c(s[c@@h]3cn[c@h](c(=o)nc4cccc(c(=o)o)c4)c3)[c@h](c)[c@h]12,C[C@@H](O)[C@H]1C(=O)N2C(C(=O)O)=C(S[C@@H]3CN[C@H](C(=O)Nc4cccc(C(=O)O)c4)C3)[C@H](C)[C@H]12,Original,,,,,,,,
ERTUGLIFLOZIN,0,,1,Most,0,,0,,0,,0,,0,,1,Most,CCOc1ccc(Cc2cc([C@]34OC[C@](CO)(O3)[C@@H](O)[C@H](O)[C@H]4O)ccc2Cl)cc1,ccoc1ccc(cc2cc([c@]34oc[c@](co)(o3)[c@@h](o)[c@h](o)[c@h]4o)ccc2cl)cc1,CCOc1ccc(Cc2cc([C@]34OC[C@](CO)(O3)[C@@H](O)[C@H](O)[C@H]4O)ccc2Cl)cc1,Original,,,,,,,,
ERYTHROMYCIN ETHYLSUCCINATE,1,Most,1,Most,0,,0,,1,Most,1,,0,,1,,CCOC(=O)CCC(=O)O[C@H]1[C@H](O[C@@H]2[C@@H](C)[C@H](O[C@H]3C[C@@](C)(OC)[C@@H](O)[C@H](C)O3)[C@@H](C)C(=O)O[C@H](CC)[C@@](C)(O)[C@H](O)[C@@H](C)C(=O)[C@H](C)C[C@@]2(C)O)O[C@H](C)C[C@@H]1N(C)C,ccoc(=o)ccc(=o)o[c@h]1[c@h](o[c@@h]2[c@@h](c)[c@h](o[c@h]3c[c@@](c)(oc)[c@@h](o)[c@h](c)o3)[c@@h](c)c(=o)o[c@h](cc)[c@@](c)(o)[c@h](o)[c@@h](c)c(=o)[c@h](c)c[c@@]2(c)o)o[c@h](c)c[c@@h]1n(c)c,CCOC(=O)CCC(=O)O[C@H]1[C@H](O[C@@H]2[C@@H](C)[C@H](O[C@H]3C[C@@](C)(OC)[C@@H](O)[C@H](C)O3)[C@@H](C)C(=O)O[C@H](CC)[C@@](C)(O)[C@H](O)[C@@H](C)C(=O)[C@H](C)C[C@@]2(C)O)O[C@H](C)C[C@@H]1N(C)C,Original,,,,,,,,
ERYTHROMYCIN LACTOBIONATE,1,Most,1,Most,0,,0,,1,Most,1,Most,0,,0,,CC[C@H]1OC(=O)[C@H](C)[C@@H](O[C@H]2C[C@@](C)(OC)[C@@H](O)[C@H](C)O2)[C@H](C)[C@@H](O[C@@H]2O[C@H](C)C[C@H](N(C)C)[C@H]2O)[C@](C)(O)C[C@@H](C)C(=O)[C@H](C)[C@@H](O)[C@]1(C)O.O=C(O)[C@H](O)[C@@H](O)[C@H](O[C@@H]1O[C@H](CO)[C@H](O)[C@H](O)[C@H]1O)[C@H](O)CO,cc[c@h]1oc(=o)[c@h](c)[c@@h](o[c@h]2c[c@@](c)(oc)[c@@h](o)[c@h](c)o2)[c@h](c)[c@@h](o[c@@h]2o[c@h](c)c[c@h](n(c)c)[c@h]2o)[c@](c)(o)c[c@@h](c)c(=o)[c@h](c)[c@@h](o)[c@]1(c)o.o=c(o)[c@h](o)[c@@h](o)[c@h](o[c@@h]1o[c@h](co)[c@h](o)[c@h](o)[c@h]1o)[c@h](o)co,CC[C@H]1OC(=O)[C@H](C)[C@@H](O[C@H]2C[C@@](C)(OC)[C@@H](O)[C@H](C)O2)[C@H](C)[C@@H](O[C@@H]2O[C@H](C)C[C@H](N(C)C)[C@H]2O)[C@](C)(O)C[C@@H](C)C(=O)[C@H](C)[C@@H](O)[C@]1(C)O.O=C(O)[C@H](O)[C@@H](O)[C@H](O[C@@H]1O[C@H](CO)[C@H](O)[C@H](O)[C@H]1O)[C@H](O)CO,Original,,,,,,,,
ERYTHROMYCIN STEARATE,1,Most,1,Most,0,,0,,1,Most,1,,0,,1,,CCCCCCCCCCCCCCCCCC(=O)O.CC[C@H]1OC(=O)[C@H](C)[C@@H](O[C@H]2C[C@@](C)(OC)[C@@H](O)[C@H](C)O2)[C@H](C)[C@@H](O[C@@H]2O[C@H](C)C[C@H](N(C)C)[C@H]2O)[C@](C)(O)C[C@@H](C)C(=O)[C@H](C)[C@@H](O)[C@]1(C)O,cccccccccccccccccc(=o)o.cc[c@h]1oc(=o)[c@h](c)[c@@h](o[c@h]2c[c@@](c)(oc)[c@@h](o)[c@h](c)o2)[c@h](c)[c@@h](o[c@@h]2o[c@h](c)c[c@h](n(c)c)[c@h]2o)[c@](c)(o)c[c@@h](c)c(=o)[c@h](c)[c@@h](o)[c@]1(c)o,CCCCCCCCCCCCCCCCCC(=O)O.CC[C@H]1OC(=O)[C@H](C)[C@@H](O[C@H]2C[C@@](C)(OC)[C@@H](O)[C@H](C)O2)[C@H](C)[C@@H](O[C@@H]2O[C@H](C)C[C@H](N(C)C)[C@H]2O)[C@](C)(O)C[C@@H](C)C(=O)[C@H](C)[C@@H](O)[C@]1(C)O,Original,,,,,,,,
ESCITALOPRAM,1,,1,Most,1,Most,1,,1,Most,0,,1,Most,1,,CN(C)CCC[C@@]1(c2ccc(F)cc2)OCc2cc(C#N)ccc21,cn(c)ccc[c@@]1(c2ccc(f)cc2)occ2cc(c#n)ccc21,CN(C)CCC[C@@]1(c2ccc(F)cc2)OCc2cc(C#N)ccc21,Original,,,,,,,,
ESLICARBAZEPINE ACETATE,0,,1,Most,1,Most,1,Most,1,,0,,0,,1,Most,CC(=O)O[C@H]1Cc2ccccc2N(C(N)=O)c2ccccc21,cc(=o)o[c@h]1cc2ccccc2n(c(n)=o)c2ccccc21,CC(=O)O[C@H]1Cc2ccccc2N(C(N)=O)c2ccccc21,Original,,,,,,,,
ESMOLOL HYDROCHLORIDE,1,Most,1,Most,0,,0,,0,,0,,0,,0,,COC(=O)CCc1ccc(OCC(O)CNC(C)C)cc1,coc(=o)ccc1ccc(occ(o)cnc(c)c)cc1,COC(=O)CCc1ccc(OCC(O)CNC(C)C)cc1,Original,,,,,,,,
ESOMEPRAZOLE MAGNESIUM,0,,1,Most,1,Most,0,,1,Most,0,,0,,1,Most,COc1ccc2[nH]c([S@@+]([O-])Cc3ncc(C)c(OC)c3C)nc2c1.COc1ccc2[nH]c([S@@+]([O-])Cc3ncc(C)c(OC)c3C)nc2c1,coc1ccc2[nh]c([s@@+]([o-])cc3ncc(c)c(oc)c3c)nc2c1.coc1ccc2[nh]c([s@@+]([o-])cc3ncc(c)c(oc)c3c)nc2c1,COc1ccc2[nH]c([S@@+]([O-])Cc3ncc(C)c(OC)c3C)nc2c1.COc1ccc2[nH]c([S@@+]([O-])Cc3ncc(C)c(OC)c3C)nc2c1,Original,,,,,,,,
ESOMEPRAZOLE SODIUM,0,,1,Most,1,Most,0,,1,Most,0,,0,,1,Most,COc1ccc2[nH]c([S@@+]([O-])Cc3ncc(C)c(OC)c3C)nc2c1,coc1ccc2[nh]c([s@@+]([o-])cc3ncc(c)c(oc)c3c)nc2c1,COc1ccc2[nH]c([S@@+]([O-])Cc3ncc(C)c(OC)c3C)nc2c1,Original,,,,,,,,
ESTAZOLAM,0,,1,Most,1,,0,,0,,0,,1,Most,0,,Clc1ccc2c(c1)C(c1ccccc1)=NCc1nncn1-2,clc1ccc2c(c1)c(c1ccccc1)=ncc1nncn1-2,Clc1ccc2c(c1)C(c1ccccc1)=NCc1nncn1-2,Original,,,,,,,,
ESTERIFIED ESTROGENS,1,Most,1,Most,1,Most,1,Most,1,Most,0,,1,Most,0,,Not found,not found,CC#C[C@]1(O)CC[C@H]2[C@@H]3CCc4cc(O)ccc4[C@H]3CC[C@@]21C,ChEMBL,ESTERIFIED ESTROGENS,ESTERIFIED ESTROGENS,CC#C[C@]1(O)CC[C@H]2[C@@H]3CCc4cc(O)ccc4[C@H]3CC[C@@]21C,ChEMBL,found_chembl | variants_tried=2,,,
ESTRADIOL,1,Most,0,,1,Most,0,,1,,0,,0,,0,,C[C@]12CC[C@@H]3c4ccc(O)cc4CC[C@H]3[C@@H]1CC[C@@H]2O,c[c@]12cc[c@@h]3c4ccc(o)cc4cc[c@h]3[c@@h]1cc[c@@h]2o,C[C@]12CC[C@@H]3c4ccc(O)cc4CC[C@H]3[C@@H]1CC[C@@H]2O,Original,,,,,,,,
ESTRADIOL CYPIONATE,1,Most,1,Most,1,Most,1,Most,1,,0,,1,Most,0,,C[C@]12CC[C@@H]3c4ccc(O)cc4CC[C@H]3[C@@H]1CC[C@@H]2OC(=O)CCC1CCCC1,c[c@]12cc[c@@h]3c4ccc(o)cc4cc[c@h]3[c@@h]1cc[c@@h]2oc(=o)ccc1cccc1,C[C@]12CC[C@@H]3c4ccc(O)cc4CC[C@H]3[C@@H]1CC[C@@H]2OC(=O)CCC1CCCC1,Original,,,,,,,,
ESTRADIOL VALERATE,1,Most,1,Most,1,Most,1,Most,1,Most,0,,1,Most,0,,CCCCC(=O)O[C@H]1CC[C@H]2[C@@H]3CCc4cc(O)ccc4[C@H]3CC[C@]12C,ccccc(=o)o[c@h]1cc[c@h]2[c@@h]3ccc4cc(o)ccc4[c@h]3cc[c@]12c,CCCCC(=O)O[C@H]1CC[C@H]2[C@@H]3CCc4cc(O)ccc4[C@H]3CC[C@]12C,Original,,,,,,,,
ESTRAMUSTINE PHOSPHATE SODIUM,1,Most,1,Most,1,,1,Most,1,Most,0,,0,,0,,C[C@]12CC[C@@H]3c4ccc(OC(=O)N(CCCl)CCCl)cc4CC[C@H]3[C@@H]1CC[C@@H]2OP(=O)(O)O,c[c@]12cc[c@@h]3c4ccc(oc(=o)n(cccl)cccl)cc4cc[c@h]3[c@@h]1cc[c@@h]2op(=o)(o)o,C[C@]12CC[C@@H]3c4ccc(OC(=O)N(CCCl)CCCl)cc4CC[C@H]3[C@@H]1CC[C@@H]2OP(=O)(O)O,Original,,,,,,,,
ESTROPIPATE,1,Most,1,Most,1,Most,0,,1,,0,,1,Most,0,,C1CNCCN1.C[C@]12CC[C@@H]3c4ccc(OS(=O)(=O)O)cc4CC[C@H]3[C@@H]1CCC2=O,c1cnccn1.c[c@]12cc[c@@h]3c4ccc(os(=o)(=o)o)cc4cc[c@h]3[c@@h]1ccc2=o,C1CNCCN1.C[C@]12CC[C@@H]3c4ccc(OS(=O)(=O)O)cc4CC[C@H]3[C@@H]1CCC2=O,Original,,,,,,,,
ESZOPICLONE,0,,1,Most,1,,1,Most,1,,0,,0,,0,,CN1CCN(C(=O)O[C@H]2c3nccnc3C(=O)N2c2ccc(Cl)cn2)CC1,cn1ccn(c(=o)o[c@h]2c3nccnc3c(=o)n2c2ccc(cl)cn2)cc1,CN1CCN(C(=O)O[C@H]2c3nccnc3C(=O)N2c2ccc(Cl)cn2)CC1,Original,,,,,,,,
ETELCALCETIDE,1,Most,1,Most,0,,0,,0,,0,,0,,0,,CC(=O)N[C@H](CSSC[C@H](N)C(=O)O)C(=O)N[C@H](C)C(=O)N[C@H](CCCNC(=N)N)C(=O)N[C@H](CCCNC(=N)N)C(=O)N[C@H](CCCNC(=N)N)C(=O)N[C@H](C)C(=O)N[C@H](CCCNC(=N)N)C(N)=O,cc(=o)n[c@h](cssc[c@h](n)c(=o)o)c(=o)n[c@h](c)c(=o)n[c@h](cccnc(=n)n)c(=o)n[c@h](cccnc(=n)n)c(=o)n[c@h](cccnc(=n)n)c(=o)n[c@h](c)c(=o)n[c@h](cccnc(=n)n)c(n)=o,CC(=O)N[C@H](CSSC[C@H](N)C(=O)O)C(=O)N[C@H](C)C(=O)N[C@H](CCCNC(=N)N)C(=O)N[C@H](CCCNC(=N)N)C(=O)N[C@H](CCCNC(=N)N)C(=O)N[C@H](C)C(=O)N[C@H](CCCNC(=N)N)C(N)=O,Original,,,,,,,,
ETEPLIRSEN,0,,1,Most,0,,0,,0,,0,,1,,1,Most,Not found,not found,,NotFound,ETEPLIRSEN,ETEPLIRSEN,,,not_found | variants_tried=1,,,
ETHACRYNIC ACID,1,Most,1,,1,Most,0,,1,Most,1,Most,0,,1,Most,C=C(CC)C(=O)c1ccc(OCC(=O)O)c(Cl)c1Cl,c=c(cc)c(=o)c1ccc(occ(=o)o)c(cl)c1cl,C=C(CC)C(=O)c1ccc(OCC(=O)O)c(Cl)c1Cl,Original,,,,,,,,
ETHACRYNIC SODIUM,1,Most,1,,1,,0,,1,Most,1,Most,0,,1,Most,C=C(CC)C(=O)c1ccc(OCC(=O)O)c(Cl)c1Cl,c=c(cc)c(=o)c1ccc(occ(=o)o)c(cl)c1cl,C=C(CC)C(=O)c1ccc(OCC(=O)O)c(Cl)c1Cl,Original,,,,,,,,
ETHAMBUTOL HYDROCHLORIDE,1,Most,1,Most,1,Most,0,,1,Most,0,,1,Most,1,Most,CC[C@@H](CO)NCCN[C@@H](CC)CO,cc[c@@h](co)nccn[c@@h](cc)co,CC[C@@H](CO)NCCN[C@@H](CC)CO,Original,,,,,,,,
ETHANOLAMINE OLEATE,1,Most,1,Most,1,,0,,0,,0,,1,Most,1,Most,CCCCCCCC/C=C\CCCCCCCC(=O)O.NCCO,cccccccc/c=c\cccccccc(=o)o.ncco,CCCCCCCC/C=C\CCCCCCCC(=O)O.NCCO,Original,,,,,,,,
ETHIONAMIDE,0,,1,Most,1,,0,,1,Most,0,,0,,0,,CCc1cc(C(N)=S)ccn1,ccc1cc(c(n)=s)ccn1,CCc1cc(C(N)=S)ccn1,Original,,,,,,,,
ETHOSUXIMIDE,0,,1,Most,1,Most,0,,1,Most,0,,0,,1,,CCC1(C)CC(=O)NC1=O,ccc1(c)cc(=o)nc1=o,CCC1(C)CC(=O)NC1=O,Original,,,,,,,,
ETODOLAC,1,Most,1,Most,1,Most,1,,1,Most,1,,1,,1,Most,CCc1cccc2c3c([nH]c12)C(CC)(CC(=O)O)OCC3,ccc1cccc2c3c([nh]c12)c(cc)(cc(=o)o)occ3,CCc1cccc2c3c([nH]c12)C(CC)(CC(=O)O)OCC3,Original,,,,,,,,
ETOMIDATE,0,,0,,0,,0,,0,,0,,0,,0,,CCOC(=O)c1cncn1[C@H](C)c1ccccc1,ccoc(=o)c1cncn1[c@h](c)c1ccccc1,CCOC(=O)c1cncn1[C@H](C)c1ccccc1,Original,,,,,,,,
ETONOGESTREL,1,Most,1,Most,0,,1,,1,Most,0,,0,,0,,C#C[C@]1(O)CC[C@H]2[C@@H]3CCC4=CC(=O)CC[C@@H]4[C@H]3C(=C)C[C@@]21CC,c#c[c@]1(o)cc[c@h]2[c@@h]3ccc4=cc(=o)cc[c@@h]4[c@h]3c(=c)c[c@@]21cc,C#C[C@]1(O)CC[C@H]2[C@@H]3CCC4=CC(=O)CC[C@@H]4[C@H]3C(=C)C[C@@]21CC,Original,,,,,,,,
ETOPOSIDE,0,,1,Most,1,Most,1,Most,1,,0,,1,Most,0,,COc1cc([C@@H]2c3cc4c(cc3[C@@H](O[C@@H]3O[C@@H]5CO[C@@H](C)O[C@H]5[C@H](O)[C@H]3O)[C@H]3COC(=O)[C@H]23)OCO4)cc(OC)c1O,coc1cc([c@@h]2c3cc4c(cc3[c@@h](o[c@@h]3o[c@@h]5co[c@@h](c)o[c@h]5[c@h](o)[c@h]3o)[c@h]3coc(=o)[c@h]23)oco4)cc(oc)c1o,COc1cc([C@@H]2c3cc4c(cc3[C@@H](O[C@@H]3O[C@@H]5CO[C@@H](C)O[C@H]5[C@H](O)[C@H]3O)[C@H]3COC(=O)[C@H]23)OCO4)cc(OC)c1O,Original,,,,,,,,
ETOPOSIDE PHOSPHATE,0,,1,Most,1,Most,1,Most,1,Most,0,,1,Most,1,Most,COc1cc([C@@H]2c3cc4c(cc3[C@@H](O[C@@H]3O[C@@H]5CO[C@@H](C)O[C@H]5[C@H](O)[C@H]3O)[C@H]3COC(=O)[C@H]23)OCO4)cc(OC)c1OP(=O)(O)O,coc1cc([c@@h]2c3cc4c(cc3[c@@h](o[c@@h]3o[c@@h]5co[c@@h](c)o[c@h]5[c@h](o)[c@h]3o)[c@h]3coc(=o)[c@h]23)oco4)cc(oc)c1op(=o)(o)o,COc1cc([C@@H]2c3cc4c(cc3[C@@H](O[C@@H]3O[C@@H]5CO[C@@H](C)O[C@H]5[C@H](O)[C@H]3O)[C@H]3COC(=O)[C@H]23)OCO4)cc(OC)c1OP(=O)(O)O,Original,,,,,,,,
ETRAVIRINE,0,,1,Most,1,,0,,1,Most,0,,0,,0,,Cc1cc(C#N)cc(C)c1Oc1nc(Nc2ccc(C#N)cc2)nc(N)c1Br,cc1cc(c#n)cc(c)c1oc1nc(nc2ccc(c#n)cc2)nc(n)c1br,Cc1cc(C#N)cc(C)c1Oc1nc(Nc2ccc(C#N)cc2)nc(N)c1Br,Original,,,,,,,,
EVEROLIMUS,1,Most,1,Most,1,Most,1,Most,1,Most,0,,1,Most,1,Most,CO[C@H]1C[C@@H]2CC[C@@H](C)[C@@](O)(O2)C(=O)C(=O)N2CCCC[C@H]2C(=O)O[C@H]([C@H](C)C[C@@H]2CC[C@@H](OCCO)[C@H](OC)C2)CC(=O)[C@H](C)/C=C(\C)[C@@H](O)[C@@H](OC)C(=O)[C@H](C)C[C@H](C)/C=C/C=C/C=C/1C,co[c@h]1c[c@@h]2cc[c@@h](c)[c@@](o)(o2)c(=o)c(=o)n2cccc[c@h]2c(=o)o[c@h]([c@h](c)c[c@@h]2cc[c@@h](occo)[c@h](oc)c2)cc(=o)[c@h](c)/c=c(\c)[c@@h](o)[c@@h](oc)c(=o)[c@h](c)c[c@h](c)/c=c/c=c/c=c/1c,CO[C@H]1C[C@@H]2CC[C@@H](C)[C@@](O)(O2)C(=O)C(=O)N2CCCC[C@H]2C(=O)O[C@H]([C@H](C)C[C@@H]2CC[C@@H](OCCO)[C@H](OC)C2)CC(=O)[C@H](C)/C=C(\C)[C@@H](O)[C@@H](OC)C(=O)[C@H](C)C[C@H](C)/C=C/C=C/C=C/1C,Original,,,,,,,,
EXEMESTANE,1,Most,1,Most,1,,1,Most,1,Most,0,,0,,0,,C=C1C[C@@H]2[C@H](CC[C@]3(C)C(=O)CC[C@@H]23)[C@@]2(C)C=CC(=O)C=C12,c=c1c[c@@h]2[c@h](cc[c@]3(c)c(=o)cc[c@@h]23)[c@@]2(c)c=cc(=o)c=c12,C=C1C[C@@H]2[C@H](CC[C@]3(C)C(=O)CC[C@@H]23)[C@@]2(C)C=CC(=O)C=C12,Original,,,,,,,,
EXENATIDE,0,,1,Most,1,Most,0,,0,,0,,0,,1,Most,CC[C@H](C)[C@H](NC(=O)[C@H](Cc1ccccc1)NC(=O)[C@H](CC(C)C)NC(=O)[C@H](CCCNC(=N)N)NC(=O)[C@@H](NC(=O)[C@H](C)NC(=O)[C@H](CCC(=O)O)NC(=O)[C@H](CCC(=O)O)NC(=O)[C@H](CCC(=O)O)NC(=O)[C@H](CCSC)NC(=O)[C@H](CCC(N)=O)NC(=O)[C@H](CCCCN)NC(=O)[C@H](CO)NC(=O)[C@H](CC(C)C)NC(=O)[C@H](CC(=O)O)NC(=O)[C@H](CO)NC(=O)[C@@H](NC(=O)[C@H](Cc1ccccc1)NC(=O)[C@@H](NC(=O)CNC(=O)[C@H](CCC(=O)O)NC(=O)CNC(=O)[C@@H](N)Cc1cnc[nH]1)[C@@H](C)O)[C@@H](C)O)C(C)C)C(=O)N[C@@H](CCC(=O)O)C(=O)N[C@@H](Cc1c[nH]c2ccccc12)C(=O)N[C@@H](CC(C)C)C(=O)N[C@@H](CCCCN)C(=O)N[C@@H](CC(N)=O)C(=O)NCC(=O)NCC(=O)N1CCC[C@H]1C(=O)N[C@@H](CO)C(=O)N[C@@H](CO)C(=O)NCC(=O)N[C@@H](C)C(=O)N1CCC[C@H]1C(=O)N1CCC[C@H]1C(=O)N1CCC[C@H]1C(=O)N[C@@H](CO)C(N)=O,cc[c@h](c)[c@h](nc(=o)[c@h](cc1ccccc1)nc(=o)[c@h](cc(c)c)nc(=o)[c@h](cccnc(=n)n)nc(=o)[c@@h](nc(=o)[c@h](c)nc(=o)[c@h](ccc(=o)o)nc(=o)[c@h](ccc(=o)o)nc(=o)[c@h](ccc(=o)o)nc(=o)[c@h](ccsc)nc(=o)[c@h](ccc(n)=o)nc(=o)[c@h](ccccn)nc(=o)[c@h](co)nc(=o)[c@h](cc(c)c)nc(=o)[c@h](cc(=o)o)nc(=o)[c@h](co)nc(=o)[c@@h](nc(=o)[c@h](cc1ccccc1)nc(=o)[c@@h](nc(=o)cnc(=o)[c@h](ccc(=o)o)nc(=o)cnc(=o)[c@@h](n)cc1cnc[nh]1)[c@@h](c)o)[c@@h](c)o)c(c)c)c(=o)n[c@@h](ccc(=o)o)c(=o)n[c@@h](cc1c[nh]c2ccccc12)c(=o)n[c@@h](cc(c)c)c(=o)n[c@@h](ccccn)c(=o)n[c@@h](cc(n)=o)c(=o)ncc(=o)ncc(=o)n1ccc[c@h]1c(=o)n[c@@h](co)c(=o)n[c@@h](co)c(=o)ncc(=o)n[c@@h](c)c(=o)n1ccc[c@h]1c(=o)n1ccc[c@h]1c(=o)n1ccc[c@h]1c(=o)n[c@@h](co)c(n)=o,CC[C@H](C)[C@H](NC(=O)[C@H](Cc1ccccc1)NC(=O)[C@H](CC(C)C)NC(=O)[C@H](CCCNC(=N)N)NC(=O)[C@@H](NC(=O)[C@H](C)NC(=O)[C@H](CCC(=O)O)NC(=O)[C@H](CCC(=O)O)NC(=O)[C@H](CCC(=O)O)NC(=O)[C@H](CCSC)NC(=O)[C@H](CCC(N)=O)NC(=O)[C@H](CCCCN)NC(=O)[C@H](CO)NC(=O)[C@H](CC(C)C)NC(=O)[C@H](CC(=O)O)NC(=O)[C@H](CO)NC(=O)[C@@H](NC(=O)[C@H](Cc1ccccc1)NC(=O)[C@@H](NC(=O)CNC(=O)[C@H](CCC(=O)O)NC(=O)CNC(=O)[C@@H](N)Cc1cnc[nH]1)[C@@H](C)O)[C@@H](C)O)C(C)C)C(=O)N[C@@H](CCC(=O)O)C(=O)N[C@@H](Cc1c[nH]c2ccccc12)C(=O)N[C@@H](CC(C)C)C(=O)N[C@@H](CCCCN)C(=O)N[C@@H](CC(N)=O)C(=O)NCC(=O)NCC(=O)N1CCC[C@H]1C(=O)N[C@@H](CO)C(=O)N[C@@H](CO)C(=O)NCC(=O)N[C@@H](C)C(=O)N1CCC[C@H]1C(=O)N1CCC[C@H]1C(=O)N1CCC[C@H]1C(=O)N[C@@H](CO)C(N)=O,Original,,,,,,,,
EXTENDED PHENYTOIN SODIUM; PHENYTOIN SODIUM,1,Most,1,Most,1,Most,0,,1,Most,0,,0,,1,Most,Not found,not found,O=C1N=C([O-])NC1(c1ccccc1)c1ccccc1.[Na+],ChEMBL,,,,,,,,
EZETIMIBE,0,,1,,1,,0,,1,Most,0,,0,,0,,O=C1[C@H](CC[C@H](O)c2ccc(F)cc2)[C@@H](c2ccc(O)cc2)N1c1ccc(F)cc1,o=c1[c@h](cc[c@h](o)c2ccc(f)cc2)[c@@h](c2ccc(o)cc2)n1c1ccc(f)cc1,O=C1[C@H](CC[C@H](O)c2ccc(F)cc2)[C@@H](c2ccc(O)cc2)N1c1ccc(F)cc1,Original,,,,,,,,
FAMCICLOVIR,0,,1,Most,1,,1,,0,,0,,0,,1,Most,CC(=O)OCC(CCn1cnc2cnc(N)nc21)COC(C)=O,cc(=o)occ(ccn1cnc2cnc(n)nc21)coc(c)=o,CC(=O)OCC(CCn1cnc2cnc(N)nc21)COC(C)=O,Original,,,,,,,,
FAMOTIDINE,1,,1,,1,,0,,1,,0,,0,,1,,NC(N)=Nc1nc(CSCC/C(N)=N/S(N)(=O)=O)cs1,nc(n)=nc1nc(cscc/c(n)=n/s(n)(=o)=o)cs1,NC(N)=Nc1nc(CSCC/C(N)=N/S(N)(=O)=O)cs1,Original,,,,,,,,
FEBUXOSTAT,1,Most,1,Most,1,Most,0,,1,Most,0,,0,,1,,Cc1nc(-c2ccc(OCC(C)C)c(C#N)c2)sc1C(=O)O,cc1nc(-c2ccc(occ(c)c)c(c#n)c2)sc1c(=o)o,Cc1nc(-c2ccc(OCC(C)C)c(C#N)c2)sc1C(=O)O,Original,,,,,,,,
FEDRATINIB HYDROCHLORIDE,1,,0,,1,Most,0,,1,Most,0,,0,,1,,Cc1cnc(Nc2ccc(OCCN3CCCC3)cc2)nc1Nc1cccc(S(=O)(=O)NC(C)(C)C)c1,cc1cnc(nc2ccc(occn3cccc3)cc2)nc1nc1cccc(s(=o)(=o)nc(c)(c)c)c1,Cc1cnc(Nc2ccc(OCCN3CCCC3)cc2)nc1Nc1cccc(S(=O)(=O)NC(C)(C)C)c1,Original,,,,,,,,
FELBAMATE,1,,1,Most,1,Most,0,,1,Most,1,,1,Most,1,,NC(=O)OCC(COC(N)=O)c1ccccc1,nc(=o)occ(coc(n)=o)c1ccccc1,NC(=O)OCC(COC(N)=O)c1ccccc1,Original,,,,,,,,
FELODIPINE,1,,1,Most,0,,0,,1,,0,,0,,0,,CCOC(=O)C1=C(C)NC(C)=C(C(=O)OC)C1c1cccc(Cl)c1Cl,ccoc(=o)c1=c(c)nc(c)=c(c(=o)oc)c1c1cccc(cl)c1cl,CCOC(=O)C1=C(C)NC(C)=C(C(=O)OC)C1c1cccc(Cl)c1Cl,Original,,,,,,,,
FENFLURAMINE,1,Most,1,Most,0,,1,Most,1,,0,,1,Most,0,,CCNC(C)Cc1cccc(C(F)(F)F)c1,ccnc(c)cc1cccc(c(f)(f)f)c1,CCNC(C)Cc1cccc(C(F)(F)F)c1,Original,,,,,,,,
FENOFIBRATE,1,Most,1,Most,1,Most,0,,1,Most,0,,1,Most,1,Most,CC(C)OC(=O)C(C)(C)Oc1ccc(C(=O)c2ccc(Cl)cc2)cc1,cc(c)oc(=o)c(c)(c)oc1ccc(c(=o)c2ccc(cl)cc2)cc1,CC(C)OC(=O)C(C)(C)Oc1ccc(C(=O)c2ccc(Cl)cc2)cc1,Original,,,,,,,,
FENOFIBRIC ACID,1,,1,Most,1,Most,0,,1,Most,0,,1,Most,1,Most,CC(C)(Oc1ccc(C(=O)c2ccc(Cl)cc2)cc1)C(=O)O,cc(c)(oc1ccc(c(=o)c2ccc(cl)cc2)cc1)c(=o)o,CC(C)(Oc1ccc(C(=O)c2ccc(Cl)cc2)cc1)C(=O)O,Original,,,,,,,,
FENOPROFEN CALCIUM,1,Most,1,Most,1,Most,1,Most,1,Most,1,Most,0,,1,Most,CC(C(=O)O)c1cccc(Oc2ccccc2)c1.CC(C(=O)O)c1cccc(Oc2ccccc2)c1,cc(c(=o)o)c1cccc(oc2ccccc2)c1.cc(c(=o)o)c1cccc(oc2ccccc2)c1,CC(C(=O)O)c1cccc(Oc2ccccc2)c1.CC(C(=O)O)c1cccc(Oc2ccccc2)c1,Original,,,,,,,,
FERRIC CARBOXYMALTOSE; FERRIC CARBOXYMALTOSE INJECTION,1,Most,1,Most,1,Most,0,,1,,0,,0,,0,,Not found,not found,,NotFound,FERRIC CARBOXYMALTOSE; FERRIC CARBOXYMALTOSE INJECTION,FERRIC CARBOXYMALTOSE; FERRIC CARBOXYMALTOSE INJECTION,,,not_found | variants_tried=4,,None,"no_hit | variants=['FERRIC CARBOXYMALTOSE FERRIC CARBOXYMALTOSE', 'FERRIC', 'FERRIC CARBOXYMALTOSE', 'FERRIC CARBOXYMALTOSE FERRIC']"
FERRIC CITRATE,0,,0,,1,Most,0,,0,,0,,0,,0,,O=C([O-])CC(O)(CC(=O)[O-])C(=O)[O-].[Fe+3],o=c([o-])cc(o)(cc(=o)[o-])c(=o)[o-].[fe+3],O=C([O-])CC(O)(CC(=O)[O-])C(=O)[O-].[Fe+3],Original,,,,,,,,
FERRIC DERISOMALTOSE,1,,1,Most,1,Most,0,,0,,0,,0,,0,,OCC(O)C(O)C(O)C(O)COC1OC(COC2OC(CO)C(O)C(O)C2O)C(O)C(O)C1O.[Fe+3],occ(o)c(o)c(o)c(o)coc1oc(coc2oc(co)c(o)c(o)c2o)c(o)c(o)c1o.[fe+3],OCC(O)C(O)C(O)C(O)COC1OC(COC2OC(CO)C(O)C(O)C2O)C(O)C(O)C1O.[Fe+3],Original,,,,,,,,
FERRIC MALTOL,0,,0,,1,,0,,0,,0,,0,,0,,Cc1occc(=O)c1[O-].Cc1occc(=O)c1[O-].Cc1occc(=O)c1[O-].[Fe+3],cc1occc(=o)c1[o-].cc1occc(=o)c1[o-].cc1occc(=o)c1[o-].[fe+3],Cc1occc(=O)c1[O-].Cc1occc(=O)c1[O-].Cc1occc(=O)c1[O-].[Fe+3],Original,,,,,,,,
FERRIC PYROPHOSPHATE CITRATE,0,,1,,1,,0,,0,,0,,0,,0,,O=C([O-])CC(O)(CC(=O)[O-])C(=O)[O-].O=C([O-])CC(O)(CC(=O)[O-])C(=O)[O-].O=C([O-])CC(O)(CC(=O)[O-])C(=O)[O-].O=P(O)(O)OP(=O)(O)O.O=P(O)(O)OP(=O)(O)O.O=P([O-])([O-])OP(=O)([O-])O.[Fe+3].[Fe+3].[Fe+3].[Fe+3],o=c([o-])cc(o)(cc(=o)[o-])c(=o)[o-].o=c([o-])cc(o)(cc(=o)[o-])c(=o)[o-].o=c([o-])cc(o)(cc(=o)[o-])c(=o)[o-].o=p(o)(o)op(=o)(o)o.o=p(o)(o)op(=o)(o)o.o=p([o-])([o-])op(=o)([o-])o.[fe+3].[fe+3].[fe+3].[fe+3],O=C([O-])CC(O)(CC(=O)[O-])C(=O)[O-].O=C([O-])CC(O)(CC(=O)[O-])C(=O)[O-].O=C([O-])CC(O)(CC(=O)[O-])C(=O)[O-].O=P(O)(O)OP(=O)(O)O.O=P(O)(O)OP(=O)(O)O.O=P([O-])([O-])OP(=O)([O-])O.[Fe+3].[Fe+3].[Fe+3].[Fe+3],Original,,,,,,,,
FERUMOXYTOL,1,Most,1,Most,1,Most,1,Most,0,,0,,0,,0,,[Fe+2].[Fe+3].[Fe+3],[fe+2].[fe+3].[fe+3],[Fe+2].[Fe+3].[Fe+3],Original,,,,,,,,
FESOTERODINE FUMARATE,1,,1,,0,,1,,0,,0,,0,,0,,CC(C)C(=O)Oc1ccc(CO)cc1[C@H](CCN(C(C)C)C(C)C)c1ccccc1.O=C(O)/C=C/C(=O)O,cc(c)c(=o)oc1ccc(co)cc1[c@h](ccn(c(c)c)c(c)c)c1ccccc1.o=c(o)/c=c/c(=o)o,CC(C)C(=O)Oc1ccc(CO)cc1[C@H](CCN(C(C)C)C(C)C)c1ccccc1.O=C(O)/C=C/C(=O)O,Original,,,,,,,,
FEXINIDAZOLE,1,Most,1,,1,Most,0,,1,Most,0,,0,,0,,CSc1ccc(OCc2ncc([N+](=O)[O-])n2C)cc1,csc1ccc(occ2ncc([n+](=o)[o-])n2c)cc1,CSc1ccc(OCc2ncc([N+](=O)[O-])n2C)cc1,Original,,,,,,,,
FEXOFENADINE HYDROCHLORIDE,0,,1,,0,,1,,0,,0,,0,,0,,CC(C)(C(=O)O)c1ccc(C(O)CCCN2CCC(C(O)(c3ccccc3)c3ccccc3)CC2)cc1,cc(c)(c(=o)o)c1ccc(c(o)cccn2ccc(c(o)(c3ccccc3)c3ccccc3)cc2)cc1,CC(C)(C(=O)O)c1ccc(C(O)CCCN2CCC(C(O)(c3ccccc3)c3ccccc3)CC2)cc1,Original,,,,,,,,
FIDAXOMICIN,0,,1,,1,,0,,1,,0,,0,,0,,CCc1c(Cl)c(O)c(Cl)c(O)c1C(=O)O[C@H]1[C@H](O)[C@H](OC)[C@H](OC/C2=C\C=C\C[C@H](O)/C(C)=C/[C@H](CC)[C@@H](O[C@@H]3OC(C)(C)[C@@H](OC(=O)C(C)C)[C@H](O)[C@@H]3O)/C(C)=C/C(C)=C/C[C@@H]([C@@H](C)O)OC2=O)O[C@@H]1C,ccc1c(cl)c(o)c(cl)c(o)c1c(=o)o[c@h]1[c@h](o)[c@h](oc)[c@h](oc/c2=c\c=c\c[c@h](o)/c(c)=c/[c@h](cc)[c@@h](o[c@@h]3oc(c)(c)[c@@h](oc(=o)c(c)c)[c@h](o)[c@@h]3o)/c(c)=c/c(c)=c/c[c@@h]([c@@h](c)o)oc2=o)o[c@@h]1c,CCc1c(Cl)c(O)c(Cl)c(O)c1C(=O)O[C@H]1[C@H](O)[C@H](OC)[C@H](OC/C2=C\C=C\C[C@H](O)/C(C)=C/[C@H](CC)[C@@H](O[C@@H]3OC(C)(C)[C@@H](OC(=O)C(C)C)[C@H](O)[C@@H]3O)/C(C)=C/C(C)=C/C[C@@H]([C@@H](C)O)OC2=O)O[C@@H]1C,Original,,,,,,,,
FINASTERIDE,0,,1,,1,,1,Most,0,,0,,0,,0,,CC(C)(C)NC(=O)[C@H]1CC[C@H]2[C@@H]3CC[C@H]4NC(=O)C=C[C@]4(C)[C@H]3CC[C@]12C,cc(c)(c)nc(=o)[c@h]1cc[c@h]2[c@@h]3cc[c@h]4nc(=o)c=c[c@]4(c)[c@h]3cc[c@]12c,CC(C)(C)NC(=O)[C@H]1CC[C@H]2[C@@H]3CC[C@H]4NC(=O)C=C[C@]4(C)[C@H]3CC[C@]12C,Original,,,,,,,,
FINERENONE,0,,0,,0,,1,,0,,0,,0,,0,,CCOc1ncc(C)c2c1[C@H](c1ccc(C#N)cc1OC)C(C(N)=O)=C(C)N2,ccoc1ncc(c)c2c1[c@h](c1ccc(c#n)cc1oc)c(c(n)=o)=c(c)n2,CCOc1ncc(C)c2c1[C@H](c1ccc(C#N)cc1OC)C(C(N)=O)=C(C)N2,Original,,,,,,,,
FINGOLIMOD HCL,1,Most,1,Most,1,Most,0,,1,Most,0,,1,,0,,CCCCCCCCc1ccc(CCC(N)(CO)CO)cc1,ccccccccc1ccc(ccc(n)(co)co)cc1,CCCCCCCCc1ccc(CCC(N)(CO)CO)cc1,Original,,,,,,,,
FISH OIL,0,,1,Most,1,Most,0,,0,,0,,1,Most,1,Most,Not found,not found,CC[C@H](C)[C@H](NC(=O)[C@H](CCCN=C(N)N)NC(=O)[C@H](C)NC(=O)[C@H](CCSC)NC(=O)[C@H](CCC(=O)O)NC(=O)[C@@H](NC(=O)[C@H](CCSC)NC(=O)[C@H](CC(N)=O)NC(=O)[C@H](CCCN=C(N)N)NC(=O)[C@H](CC(C)C)NC(=O)[C@H](CC(C)C)NC(=O)[C@H](Cc1c[nH]cn1)NC(=O)[C@H](Cc1ccccc1)NC(=O)[C@@H](NC(=O)[C@H](CC(C)C)NC(=O)[C@H](CC(=O)O)NC(=O)[C@@H](NC(=O)[C@H](CO)NC(=O)[C@@H](NC(=O)[C@@H]1CCCN1C(=O)[C@H]1CCCN1C(=O)N[C@@H](CC(=O)O)C(=O)[C@H](CC(=O)O)NC(=O)[C@@H](N)CC(N)=O)[C@@H](C)CC)[C@@H](C)CC)[C@@H](C)O)[C@@H](C)CC)C(=O)N[C@@H](CCC(=O)O)C(=O)N[C@@H](CC(N)=O)C(=O)N[C@@H](CCC(=O)O)C(=O)N[C@@H](CCCN=C(N)N)C(=O)N[C@@H](CCC(=O)O)C(=O)N[C@@H](CCC(N)=O)C(=O)N[C@@H](C)C(=O)NCC(=O)N[C@@H](CC(C)C)C(=O)N[C@@H](CC(N)=O)C(=O)N[C@@H](CCCN=C(N)N)C(=O)N[C@@H](CCCCN)C(=O)N[C@@H](Cc1ccc(O)cc1)C(=O)N[C@@H](CC(C)C)C(=O)N[C@@H](CC(=O)O)C(=O)N[C@@H](CCC(=O)O)C(=O)N[C@H](C(N)=O)C(C)C,ChEMBL,FISH,FISH OIL,CC[C@H](C)[C@H](NC(=O)[C@H](CCCN=C(N)N)NC(=O)[C@H](C)NC(=O)[C@H](CCSC)NC(=O)[C@H](CCC(=O)O)NC(=O)[C@@H](NC(=O)[C@H](CCSC)NC(=O)[C@H](CC(N)=O)NC(=O)[C@H](CCCN=C(N)N)NC(=O)[C@H](CC(C)C)NC(=O)[C@H](CC(C)C)NC(=O)[C@H](Cc1c[nH]cn1)NC(=O)[C@H](Cc1ccccc1)NC(=O)[C@@H](NC(=O)[C@H](CC(C)C)NC(=O)[C@H](CC(=O)O)NC(=O)[C@@H](NC(=O)[C@H](CO)NC(=O)[C@@H](NC(=O)[C@@H]1CCCN1C(=O)[C@H]1CCCN1C(=O)N[C@@H](CC(=O)O)C(=O)[C@H](CC(=O)O)NC(=O)[C@@H](N)CC(N)=O)[C@@H](C)CC)[C@@H](C)CC)[C@@H](C)O)[C@@H](C)CC)C(=O)N[C@@H](CCC(=O)O)C(=O)N[C@@H](CC(N)=O)C(=O)N[C@@H](CCC(=O)O)C(=O)N[C@@H](CCCN=C(N)N)C(=O)N[C@@H](CCC(=O)O)C(=O)N[C@@H](CCC(N)=O)C(=O)N[C@@H](C)C(=O)NCC(=O)N[C@@H](CC(C)C)C(=O)N[C@@H](CC(N)=O)C(=O)N[C@@H](CCCN=C(N)N)C(=O)N[C@@H](CCCCN)C(=O)N[C@@H](Cc1ccc(O)cc1)C(=O)N[C@@H](CC(C)C)C(=O)N[C@@H](CC(=O)O)C(=O)N[C@@H](CCC(=O)O)C(=O)N[C@H](C(N)=O)C(C)C,ChEMBL,found_chembl | variants_tried=2,,,
FLAVOXATE HYDROCHLORIDE,1,,1,,1,,0,,0,,0,,0,,0,,Cc1c(-c2ccccc2)oc2c(C(=O)OCCN3CCCCC3)cccc2c1=O,cc1c(-c2ccccc2)oc2c(c(=o)occn3ccccc3)cccc2c1=o,Cc1c(-c2ccccc2)oc2c(C(=O)OCCN3CCCCC3)cccc2c1=O,Original,,,,,,,,
FLECAINIDE ACETATE,1,Most,1,,1,,0,,1,,0,,1,,0,,O=C(NCC1CCCCN1)c1cc(OCC(F)(F)F)ccc1OCC(F)(F)F,o=c(ncc1ccccn1)c1cc(occ(f)(f)f)ccc1occ(f)(f)f,O=C(NCC1CCCCN1)c1cc(OCC(F)(F)F)ccc1OCC(F)(F)F,Original,,,,,,,,
FLIBANSERIN,1,Most,1,,0,,0,,1,Most,0,,0,,0,,O=c1[nH]c2ccccc2n1CCN1CCN(c2cccc(C(F)(F)F)c2)CC1,o=c1[nh]c2ccccc2n1ccn1ccn(c2cccc(c(f)(f)f)c2)cc1,O=c1[nH]c2ccccc2n1CCN1CCN(c2cccc(C(F)(F)F)c2)CC1,Original,,,,,,,,
FLORBETABEN F 18,0,,1,,0,,0,,0,,0,,0,,0,,CNc1ccc(C=Cc2ccc(OCCOCCOCCF)cc2)cc1,cnc1ccc(c=cc2ccc(occoccoccf)cc2)cc1,CNc1ccc(C=Cc2ccc(OCCOCCOCCF)cc2)cc1,Original,,,,,,,,
FLORBETAPIR F 18,0,,1,,0,,0,,0,,0,,0,,0,,CNc1ccc(/C=C/c2ccc(OCCOCCOCC[18F])nc2)cc1,cnc1ccc(/c=c/c2ccc(occoccocc[18f])nc2)cc1,CNc1ccc(/C=C/c2ccc(OCCOCCOCC[18F])nc2)cc1,Original,,,,,,,,
FLORTAUCIPIR F-18,0,,0,,0,,0,,0,,0,,0,,0,,Fc1ccc(-c2ccc3c(c2)[nH]c2ccncc23)cn1,fc1ccc(-c2ccc3c(c2)[nh]c2ccncc23)cn1,Fc1ccc(-c2ccc3c(c2)[nH]c2ccncc23)cn1,Original,,,,,,,,
FLUCICLOVINE F-18,0,,1,,0,,0,,0,,0,,0,,0,,NC1(C(=O)O)CC(F)C1,nc1(c(=o)o)cc(f)c1,NC1(C(=O)O)CC(F)C1,Original,,,,,,,,
FLUCONAZOLE,1,Most,1,Most,1,Most,0,,1,Most,0,,0,,1,,OC(Cn1cncn1)(Cn1cncn1)c1ccc(F)cc1F,oc(cn1cncn1)(cn1cncn1)c1ccc(f)cc1f,OC(Cn1cncn1)(Cn1cncn1)c1ccc(F)cc1F,Original,,,,,,,,
FLUDARABINE PHOSPHATE,1,Most,1,Most,1,Most,1,Most,1,,1,,1,Most,1,Most,Nc1nc(F)nc2c1ncn2[C@@H]1O[C@H](COP(=O)(O)O)[C@@H](O)[C@@H]1O,nc1nc(f)nc2c1ncn2[c@@h]1o[c@h](cop(=o)(o)o)[c@@h](o)[c@@h]1o,Nc1nc(F)nc2c1ncn2[C@@H]1O[C@H](COP(=O)(O)O)[C@@H](O)[C@@H]1O,Original,,,,,,,,
FLUDEOXYGLUCOSE F-18,0,,1,,0,,0,,0,,0,,0,,0,,O=CC(F)C(O)C(O)C(O)CO,o=cc(f)c(o)c(o)c(o)co,O=CC(F)C(O)C(O)C(O)CO,Original,,,,,,,,
FLUDROCORTISONE ACETATE,1,Most,1,Most,0,,0,,0,,0,,0,,1,Most,CC(=O)OCC(=O)[C@@]1(O)CC[C@H]2[C@@H]3CCC4=CC(=O)CC[C@]4(C)[C@@]3(F)[C@@H](O)C[C@@]21C,cc(=o)occ(=o)[c@@]1(o)cc[c@h]2[c@@h]3ccc4=cc(=o)cc[c@]4(c)[c@@]3(f)[c@@h](o)c[c@@]21c,CC(=O)OCC(=O)[C@@]1(O)CC[C@H]2[C@@H]3CCC4=CC(=O)CC[C@]4(C)[C@@]3(F)[C@@H](O)C[C@@]21C,Original,,,,,,,,
FLUMAZENIL,1,,1,,0,,0,,1,,1,,0,,0,,CCOC(=O)c1ncn2c1CN(C)C(=O)c1cc(F)ccc1-2,ccoc(=o)c1ncn2c1cn(c)c(=o)c1cc(f)ccc1-2,CCOC(=O)c1ncn2c1CN(C)C(=O)c1cc(F)ccc1-2,Original,,,,,,,,
FLUORODOPA F18,0,,0,,0,,0,,0,,0,,0,,0,,NC(Cc1cc(O)c(O)cc1F)C(=O)O,nc(cc1cc(o)c(o)cc1f)c(=o)o,NC(Cc1cc(O)c(O)cc1F)C(=O)O,Original,,,,,,,,
FLUOROESTRADIOL F 18,0,,0,,0,,0,,0,,0,,0,,0,,CC12CCC3c4ccc(O)cc4CCC3C1CC(F)C2O,cc12ccc3c4ccc(o)cc4ccc3c1cc(f)c2o,CC12CCC3c4ccc(O)cc4CCC3C1CC(F)C2O,Original,,,,,,,,
FLUOXETINE HYDROCHLORIDE,1,Most,1,Most,1,Most,1,Most,1,Most,0,,1,,0,,CNCCC(Oc1ccc(C(F)(F)F)cc1)c1ccccc1,cnccc(oc1ccc(c(f)(f)f)cc1)c1ccccc1,CNCCC(Oc1ccc(C(F)(F)F)cc1)c1ccccc1,Original,,,,,,,,
FLUPHENAZINE DECANOATE,1,Most,1,Most,1,Most,1,,1,Most,0,,1,Most,0,,CCCCCCCCCC(=O)OCCN1CCN(CCCN2c3ccccc3Sc3ccc(C(F)(F)F)cc32)CC1,cccccccccc(=o)occn1ccn(cccn2c3ccccc3sc3ccc(c(f)(f)f)cc32)cc1,CCCCCCCCCC(=O)OCCN1CCN(CCCN2c3ccccc3Sc3ccc(C(F)(F)F)cc32)CC1,Original,,,,,,,,
FLUPHENAZINE HYDROCHLORIDE,1,Most,1,Most,1,Most,1,,1,Most,0,,1,Most,1,Most,OCCN1CCN(CCCN2c3ccccc3Sc3ccc(C(F)(F)F)cc32)CC1,occn1ccn(cccn2c3ccccc3sc3ccc(c(f)(f)f)cc32)cc1,OCCN1CCN(CCCN2c3ccccc3Sc3ccc(C(F)(F)F)cc32)CC1,Original,,,,,,,,
FLURAZEPAM HYDROCHLORIDE,0,,1,,1,,0,,0,,0,,0,,0,,CCN(CC)CCN1C(=O)CN=C(c2ccccc2F)c2cc(Cl)ccc21,ccn(cc)ccn1c(=o)cn=c(c2ccccc2f)c2cc(cl)ccc21,CCN(CC)CCN1C(=O)CN=C(c2ccccc2F)c2cc(Cl)ccc21,Original,,,,,,,,
FLURBIPROFEN,1,Most,1,Most,1,Most,1,Most,1,Most,1,Most,1,Most,1,Most,CC(C(=O)O)c1ccc(-c2ccccc2)c(F)c1,cc(c(=o)o)c1ccc(-c2ccccc2)c(f)c1,CC(C(=O)O)c1ccc(-c2ccccc2)c(F)c1,Original,,,,,,,,
FLUTAMIDE,1,,1,Most,1,Most,1,Most,1,Most,0,,1,,0,,CC(C)C(=O)Nc1ccc([N+](=O)[O-])c(C(F)(F)F)c1,cc(c)c(=o)nc1ccc([n+](=o)[o-])c(c(f)(f)f)c1,CC(C)C(=O)Nc1ccc([N+](=O)[O-])c(C(F)(F)F)c1,Original,,,,,,,,
FLUTEMETAMOL F-18,0,,1,,0,,0,,0,,0,,0,,0,,CNc1ccc(-c2nc3ccc(O)cc3s2)cc1F,cnc1ccc(-c2nc3ccc(o)cc3s2)cc1f,CNc1ccc(-c2nc3ccc(O)cc3s2)cc1F,Original,,,,,,,,
FLUVASTATIN,0,,1,Most,0,,1,,1,Most,0,,1,,1,,CC(C)n1c(/C=C/C(O)CC(O)CC(=O)O)c(-c2ccc(F)cc2)c2ccccc21,cc(c)n1c(/c=c/c(o)cc(o)cc(=o)o)c(-c2ccc(f)cc2)c2ccccc21,CC(C)n1c(/C=C/C(O)CC(O)CC(=O)O)c(-c2ccc(F)cc2)c2ccccc21,Original,,,,,,,,
FLUVOXAMINE MALEATE,0,,1,Most,1,,0,,0,,0,,0,,0,,COCCCC/C(=N\OCCN)c1ccc(C(F)(F)F)cc1.O=C(O)/C=C\C(=O)O,cocccc/c(=n\occn)c1ccc(c(f)(f)f)cc1.o=c(o)/c=c\c(=o)o,COCCCC/C(=N\OCCN)c1ccc(C(F)(F)F)cc1.O=C(O)/C=C\C(=O)O,Original,,,,,,,,
FOLIC ACID,0,,1,,1,,0,,0,,0,,0,,0,,Nc1nc(=O)c2nc(CNc3ccc(C(=O)N[C@@H](CCC(=O)O)C(=O)O)cc3)cnc2[nH]1,nc1nc(=o)c2nc(cnc3ccc(c(=o)n[c@@h](ccc(=o)o)c(=o)o)cc3)cnc2[nh]1,Nc1nc(=O)c2nc(CNc3ccc(C(=O)N[C@@H](CCC(=O)O)C(=O)O)cc3)cnc2[nH]1,Original,,,,,,,,
FOMEPIZOLE,1,,1,,1,,1,Most,1,,0,,0,,0,,Cc1cn[nH]c1,cc1cn[nh]c1,Cc1cn[nH]c1,Original,,,,,,,,
FONDAPARINUX SODIUM,0,,1,Most,1,Most,0,,1,,0,,0,,1,Most,CO[C@H]1O[C@H](COS(=O)(=O)O)[C@@H](O[C@@H]2O[C@@H](C(=O)O)[C@@H](O[C@H]3O[C@H](COS(=O)(=O)O)[C@@H](O[C@@H]4O[C@H](C(=O)O)[C@@H](O[C@H]5O[C@H](COS(=O)(=O)O)[C@@H](O)[C@H](O)[C@H]5NS(=O)(=O)O)[C@H](O)[C@H]4O)[C@H](OS(=O)(=O)O)[C@H]3NS(=O)(=O)O)[C@H](O)[C@H]2OS(=O)(=O)O)[C@H](O)[C@H]1NS(=O)(=O)O,co[c@h]1o[c@h](cos(=o)(=o)o)[c@@h](o[c@@h]2o[c@@h](c(=o)o)[c@@h](o[c@h]3o[c@h](cos(=o)(=o)o)[c@@h](o[c@@h]4o[c@h](c(=o)o)[c@@h](o[c@h]5o[c@h](cos(=o)(=o)o)[c@@h](o)[c@h](o)[c@h]5ns(=o)(=o)o)[c@h](o)[c@h]4o)[c@h](os(=o)(=o)o)[c@h]3ns(=o)(=o)o)[c@h](o)[c@h]2os(=o)(=o)o)[c@h](o)[c@h]1ns(=o)(=o)o,CO[C@H]1O[C@H](COS(=O)(=O)O)[C@@H](O[C@@H]2O[C@@H](C(=O)O)[C@@H](O[C@H]3O[C@H](COS(=O)(=O)O)[C@@H](O[C@@H]4O[C@H](C(=O)O)[C@@H](O[C@H]5O[C@H](COS(=O)(=O)O)[C@@H](O)[C@H](O)[C@H]5NS(=O)(=O)O)[C@H](O)[C@H]4O)[C@H](OS(=O)(=O)O)[C@H]3NS(=O)(=O)O)[C@H](O)[C@H]2OS(=O)(=O)O)[C@H](O)[C@H]1NS(=O)(=O)O,Original,,,,,,,,
FOSAMPRENAVIR CALCIUM,1,Most,1,Most,1,Most,0,,1,Most,0,,0,,0,,CC(C)CN(C[C@@H](OP(=O)(O)O)[C@H](Cc1ccccc1)NC(=O)O[C@H]1CCOC1)S(=O)(=O)c1ccc(N)cc1,cc(c)cn(c[c@@h](op(=o)(o)o)[c@h](cc1ccccc1)nc(=o)o[c@h]1ccoc1)s(=o)(=o)c1ccc(n)cc1,CC(C)CN(C[C@@H](OP(=O)(O)O)[C@H](Cc1ccccc1)NC(=O)O[C@H]1CCOC1)S(=O)(=O)c1ccc(N)cc1,Original,,,,,,,,
FOSAPREPITANT,0,,1,Most,1,Most,0,,0,,0,,0,,0,,C[C@@H](O[C@H]1OCCN(Cc2nn(P(=O)(O)O)c(=O)[nH]2)[C@H]1c1ccc(F)cc1)c1cc(C(F)(F)F)cc(C(F)(F)F)c1,c[c@@h](o[c@h]1occn(cc2nn(p(=o)(o)o)c(=o)[nh]2)[c@h]1c1ccc(f)cc1)c1cc(c(f)(f)f)cc(c(f)(f)f)c1,C[C@@H](O[C@H]1OCCN(Cc2nn(P(=O)(O)O)c(=O)[nH]2)[C@H]1c1ccc(F)cc1)c1cc(C(F)(F)F)cc(C(F)(F)F)c1,Original,,,,,,,,
FOSAPREPITANT DIMEGLUMINE,0,,1,Most,1,Most,0,,1,,0,,0,,0,,CNC[C@H](O)[C@@H](O)[C@H](O)[C@H](O)CO.CNC[C@H](O)[C@@H](O)[C@H](O)[C@H](O)CO.C[C@@H](O[C@H]1OCCN(Cc2nn(P(=O)(O)O)c(=O)[nH]2)[C@H]1c1ccc(F)cc1)c1cc(C(F)(F)F)cc(C(F)(F)F)c1,cnc[c@h](o)[c@@h](o)[c@h](o)[c@h](o)co.cnc[c@h](o)[c@@h](o)[c@h](o)[c@h](o)co.c[c@@h](o[c@h]1occn(cc2nn(p(=o)(o)o)c(=o)[nh]2)[c@h]1c1ccc(f)cc1)c1cc(c(f)(f)f)cc(c(f)(f)f)c1,CNC[C@H](O)[C@@H](O)[C@H](O)[C@H](O)CO.CNC[C@H](O)[C@@H](O)[C@H](O)[C@H](O)CO.C[C@@H](O[C@H]1OCCN(Cc2nn(P(=O)(O)O)c(=O)[nH]2)[C@H]1c1ccc(F)cc1)c1cc(C(F)(F)F)cc(C(F)(F)F)c1,Original,,,,,,,,
FOSCARNET SODIUM,1,Most,1,Most,1,Most,0,,1,,0,,0,,1,Most,O=C(O)P(=O)(O)O,o=c(o)p(=o)(o)o,O=C(O)P(=O)(O)O,Original,,,,,,,,
FOSDENOPTERIN HYDROBROMIDE,0,,1,Most,1,,0,,0,,0,,0,,0,,Nc1nc(=O)c2c([nH]1)N[C@@H]1O[C@@H]3COP(=O)(O)O[C@@H]3C(O)(O)[C@@H]1N2,nc1nc(=o)c2c([nh]1)n[c@@h]1o[c@@h]3cop(=o)(o)o[c@@h]3c(o)(o)[c@@h]1n2,Nc1nc(=O)c2c([nH]1)N[C@@H]1O[C@@H]3COP(=O)(O)O[C@@H]3C(O)(O)[C@@H]1N2,Original,,,,,,,,
FOSFOMYCIN TROMETHAMINE,0,,1,,1,,0,,1,,1,,0,,0,,C[C@@H]1O[C@@H]1P(=O)(O)O.NC(CO)(CO)CO,c[c@@h]1o[c@@h]1p(=o)(o)o.nc(co)(co)co,C[C@@H]1O[C@@H]1P(=O)(O)O.NC(CO)(CO)CO,Original,,,,,,,,
FOSINOPIRL SODIUM; FOSINOPRIL SODIUM,1,Most,1,Most,1,,0,,1,,0,,1,,1,Most,Not found,not found,CCC(=O)O[C@@H](O[P@](=O)(CCCCc1ccccc1)CC(=O)N1C[C@H](C2CCCCC2)C[C@H]1C(=O)[O-])C(C)C.[Na+],ChEMBL,,,,,,,,
FOSPHENYTOIN SODIUM,1,Most,1,Most,1,Most,0,Most,1,Most,1,,0,,1,Most,O=C1NC(c2ccccc2)(c2ccccc2)C(=O)N1COP(=O)(O)O,o=c1nc(c2ccccc2)(c2ccccc2)c(=o)n1cop(=o)(o)o,O=C1NC(c2ccccc2)(c2ccccc2)C(=O)N1COP(=O)(O)O,Original,,,,,,,,
FOSTAMATINIB,1,Most,1,Most,1,Most,1,,1,Most,0,,0,,0,,COc1cc(Nc2ncc(F)c(Nc3ccc4c(n3)N(COP(=O)(O)O)C(=O)C(C)(C)O4)n2)cc(OC)c1OC,coc1cc(nc2ncc(f)c(nc3ccc4c(n3)n(cop(=o)(o)o)c(=o)c(c)(c)o4)n2)cc(oc)c1oc,COc1cc(Nc2ncc(F)c(Nc3ccc4c(n3)N(COP(=O)(O)O)C(=O)C(C)(C)O4)n2)cc(OC)c1OC,Original,,,,,,,,
FOSTEMSAVIR TROMETHAMINE,1,Most,1,,1,Most,0,,1,Most,0,,0,,0,,COc1cnc(-n2cnc(C)n2)c2c1c(C(=O)C(=O)N1CCN(C(=O)c3ccccc3)CC1)cn2COP(=O)(O)O.NC(CO)(CO)CO,coc1cnc(-n2cnc(c)n2)c2c1c(c(=o)c(=o)n1ccn(c(=o)c3ccccc3)cc1)cn2cop(=o)(o)o.nc(co)(co)co,COc1cnc(-n2cnc(C)n2)c2c1c(C(=O)C(=O)N1CCN(C(=O)c3ccccc3)CC1)cn2COP(=O)(O)O.NC(CO)(CO)CO,Original,,,,,,,,
FROVATRIPTAN SUCCINATE,1,Most,1,Most,0,,1,Most,0,,0,,0,,0,,CN[C@@H]1CCc2[nH]c3ccc(C(N)=O)cc3c2C1.O=C(O)CCC(=O)O,cn[c@@h]1ccc2[nh]c3ccc(c(n)=o)cc3c2c1.o=c(o)ccc(=o)o,CN[C@@H]1CCc2[nH]c3ccc(C(N)=O)cc3c2C1.O=C(O)CCC(=O)O,Original,,,,,,,,
FULVESTRANT,0,,1,Most,1,Most,1,Most,1,Most,0,,0,,0,,C[C@]12CC[C@@H]3c4ccc(O)cc4C[C@@H](CCCCCCCCC[S+]([O-])CCCC(F)(F)C(F)(F)F)[C@H]3[C@@H]1CC[C@@H]2O,c[c@]12cc[c@@h]3c4ccc(o)cc4c[c@@h](ccccccccc[s+]([o-])cccc(f)(f)c(f)(f)f)[c@h]3[c@@h]1cc[c@@h]2o,C[C@]12CC[C@@H]3c4ccc(O)cc4C[C@@H](CCCCCCCCC[S+]([O-])CCCC(F)(F)C(F)(F)F)[C@H]3[C@@H]1CC[C@@H]2O,Original,,,,,,,,
FUROSEMIDE,1,Most,1,Most,1,Most,0,,1,Most,1,Most,0,,1,Most,NS(=O)(=O)c1cc(C(=O)O)c(NCc2ccco2)cc1Cl,ns(=o)(=o)c1cc(c(=o)o)c(ncc2ccco2)cc1cl,NS(=O)(=O)c1cc(C(=O)O)c(NCc2ccco2)cc1Cl,Original,,,,,,,,
GABAPENTIN,0,,1,Most,1,,0,,0,,0,,1,Most,0,,NCC1(CC(=O)O)CCCCC1,ncc1(cc(=o)o)ccccc1,NCC1(CC(=O)O)CCCCC1,Original,,,,,,,,
GABAPENTIN ENACARBIL,0,,1,Most,1,Most,0,,1,,0,,1,Most,1,,CC(OC(=O)NCC1(CC(=O)O)CCCCC1)OC(=O)C(C)C,cc(oc(=o)ncc1(cc(=o)o)ccccc1)oc(=o)c(c)c,CC(OC(=O)NCC1(CC(=O)O)CCCCC1)OC(=O)C(C)C,Original,,,,,,,,
GADOBENATE DIMEGLUMINE,1,,1,Most,1,,1,,0,,0,,1,Most,1,Most,CNCC(O)C(O)C(O)C(O)CO.CNCC(O)C(O)C(O)C(O)CO.O=C([O-])CN(CCN(CC(=O)[O-])CC(=O)O)CCN(CC(=O)O)C(COCc1ccccc1)C(=O)[O-].[Gd+3],cncc(o)c(o)c(o)c(o)co.cncc(o)c(o)c(o)c(o)co.o=c([o-])cn(ccn(cc(=o)[o-])cc(=o)o)ccn(cc(=o)o)c(cocc1ccccc1)c(=o)[o-].[gd+3],CNCC(O)C(O)C(O)C(O)CO.CNCC(O)C(O)C(O)C(O)CO.O=C([O-])CN(CCN(CC(=O)[O-])CC(=O)O)CCN(CC(=O)O)C(COCc1ccccc1)C(=O)[O-].[Gd+3],Original,,,,,,,,
GADOBUTROL,0,,1,Most,0,,0,,0,,0,,1,Most,1,Most,O=C([O-])CN1CCN(CC(=O)[O-])CCN(C(CO)C(O)CO)CCN(CC(=O)[O-])CC1.[Gd+3],o=c([o-])cn1ccn(cc(=o)[o-])ccn(c(co)c(o)co)ccn(cc(=o)[o-])cc1.[gd+3],O=C([O-])CN1CCN(CC(=O)[O-])CCN(C(CO)C(O)CO)CCN(CC(=O)[O-])CC1.[Gd+3],Original,,,,,,,,
GADODIAMIDE,1,Most,1,Most,1,,0,,1,,1,,0,,1,Most,CNC(=O)CN(CCN(CCN(CC(=O)[O-])CC(=O)NC)CC(=O)[O-])CC(=O)[O-].[Gd+3],cnc(=o)cn(ccn(ccn(cc(=o)[o-])cc(=o)nc)cc(=o)[o-])cc(=o)[o-].[gd+3],CNC(=O)CN(CCN(CCN(CC(=O)[O-])CC(=O)NC)CC(=O)[O-])CC(=O)[O-].[Gd+3],Original,,,,,,,,
GADOTERATE MEGLUMINE,1,,1,Most,0,,0,,0,,0,,0,,1,Most,CNCC(O)C(O)C(O)C(O)CO.O=C([O-])CN1CCN(CC(=O)[O-])CCN(CC(=O)O)CCN(CC(=O)[O-])CC1.[Gd+3],cncc(o)c(o)c(o)c(o)co.o=c([o-])cn1ccn(cc(=o)[o-])ccn(cc(=o)o)ccn(cc(=o)[o-])cc1.[gd+3],CNCC(O)C(O)C(O)C(O)CO.O=C([O-])CN1CCN(CC(=O)[O-])CCN(CC(=O)O)CCN(CC(=O)[O-])CC1.[Gd+3],Original,,,,,,,,
GADOTERIDOL,1,Most,1,Most,0,,0,,0,,0,,1,Most,1,Most,CC(O)CN1CCN(CC(=O)[O-])CCN(CC(=O)[O-])CCN(CC(=O)[O-])CC1.[Gd+3],cc(o)cn1ccn(cc(=o)[o-])ccn(cc(=o)[o-])ccn(cc(=o)[o-])cc1.[gd+3],CC(O)CN1CCN(CC(=O)[O-])CCN(CC(=O)[O-])CCN(CC(=O)[O-])CC1.[Gd+3],Original,,,,,,,,
GADOXETATE DISODIUM,1,,1,Most,1,,0,,0,,0,,0,,1,Most,CCOc1ccc(CC(CN(CCN(CC(=O)O)CC(=O)O)CC(=O)[O-])N(CC(=O)[O-])CC(=O)[O-])cc1.[Gd+3],ccoc1ccc(cc(cn(ccn(cc(=o)o)cc(=o)o)cc(=o)[o-])n(cc(=o)[o-])cc(=o)[o-])cc1.[gd+3],CCOc1ccc(CC(CN(CCN(CC(=O)O)CC(=O)O)CC(=O)[O-])N(CC(=O)[O-])CC(=O)[O-])cc1.[Gd+3],Original,,,,,,,,
GALANTAMINE HYDROBROMIDE,1,Most,1,Most,0,,0,,1,,0,,1,,0,,COc1ccc2c3c1O[C@H]1C[C@@H](O)C=C[C@@]31CCN(C)C2,coc1ccc2c3c1o[c@h]1c[c@@h](o)c=c[c@@]31ccn(c)c2,COc1ccc2c3c1O[C@H]1C[C@@H](O)C=C[C@@]31CCN(C)C2,Original,,,,,,,,
GALLIUM CITRATE GA-67,0,,1,,0,,0,,0,,0,,0,,0,,O=C([O-])CC(O)(CC(=O)[O-])C(=O)[O-].[Ga+3],o=c([o-])cc(o)(cc(=o)[o-])c(=o)[o-].[ga+3],O=C([O-])CC(O)(CC(=O)[O-])C(=O)[O-].[Ga+3],Original,,,,,,,,
GALLIUM GA-68 GOZETOTIDE,0,,0,,0,,0,,0,,0,,0,,0,,O=C([O-])CN(CCN(CC(=O)[O-])Cc1cc(CCC(=O)O)ccc1O)Cc1cc(CCC(=O)NCCCCCC(=O)NCCCCC(NC(=O)NC(CCC(=O)O)C(=O)O)C(=O)O)ccc1[O-].[Ga+3],o=c([o-])cn(ccn(cc(=o)[o-])cc1cc(ccc(=o)o)ccc1o)cc1cc(ccc(=o)ncccccc(=o)nccccc(nc(=o)nc(ccc(=o)o)c(=o)o)c(=o)o)ccc1[o-].[ga+3],O=C([O-])CN(CCN(CC(=O)[O-])Cc1cc(CCC(=O)O)ccc1O)Cc1cc(CCC(=O)NCCCCCC(=O)NCCCCC(NC(=O)NC(CCC(=O)O)C(=O)O)C(=O)O)ccc1[O-].[Ga+3],Original,,,,,,,,
GALLIUM NITRATE,0,,1,,1,Most,0,,0,,1,Most,1,Most,1,Most,[Ga+3],[ga+3],[Ga+3],Original,,,,,,,,
GANCICLOVIR SODIUM,1,Most,1,Most,1,Most,1,Most,1,Most,1,,1,Most,1,Most,Nc1nc(O)c2ncn(COC(CO)CO)c2n1,nc1nc(o)c2ncn(coc(co)co)c2n1,Nc1nc(O)c2ncn(COC(CO)CO)c2n1,Original,,,,,,,,
GANIRELIX ACETATE,0,,1,Most,1,,0,,0,,0,,0,,0,,CC/N=C(\NCC)NCCCC[C@H](NC(=O)[C@H](CC(C)C)NC(=O)[C@@H](CCCCN/C(=N/CC)NCC)NC(=O)[C@H](Cc1ccc(O)cc1)NC(=O)[C@H](CO)NC(=O)[C@@H](Cc1cccnc1)NC(=O)[C@@H](Cc1ccc(Cl)cc1)NC(=O)[C@@H](Cc1ccc2ccccc2c1)NC(C)=O)C(=O)N1CCC[C@H]1C(=O)N[C@H](C)C(N)=O,cc/n=c(\ncc)ncccc[c@h](nc(=o)[c@h](cc(c)c)nc(=o)[c@@h](ccccn/c(=n/cc)ncc)nc(=o)[c@h](cc1ccc(o)cc1)nc(=o)[c@h](co)nc(=o)[c@@h](cc1cccnc1)nc(=o)[c@@h](cc1ccc(cl)cc1)nc(=o)[c@@h](cc1ccc2ccccc2c1)nc(c)=o)c(=o)n1ccc[c@h]1c(=o)n[c@h](c)c(n)=o,CC/N=C(\NCC)NCCCC[C@H](NC(=O)[C@H](CC(C)C)NC(=O)[C@@H](CCCCN/C(=N/CC)NCC)NC(=O)[C@H](Cc1ccc(O)cc1)NC(=O)[C@H](CO)NC(=O)[C@@H](Cc1cccnc1)NC(=O)[C@@H](Cc1ccc(Cl)cc1)NC(=O)[C@@H](Cc1ccc2ccccc2c1)NC(C)=O)C(=O)N1CCC[C@H]1C(=O)N[C@H](C)C(N)=O,Original,,,,,,,,
GEFITINIB,0,,1,Most,1,,1,Most,1,Most,0,,1,Most,0,,COc1cc2ncnc(Nc3ccc(F)c(Cl)c3)c2cc1OCCCN1CCOCC1,coc1cc2ncnc(nc3ccc(f)c(cl)c3)c2cc1occcn1ccocc1,COc1cc2ncnc(Nc3ccc(F)c(Cl)c3)c2cc1OCCCN1CCOCC1,Original,,,,,,,,
GEMCITABINE,1,Most,1,Most,1,Most,1,Most,1,Most,0,,1,Most,1,Most,Nc1ccn([C@@H]2O[C@H](CO)[C@@H](O)C2(F)F)c(=O)n1,nc1ccn([c@@h]2o[c@h](co)[c@@h](o)c2(f)f)c(=o)n1,Nc1ccn([C@@H]2O[C@H](CO)[C@@H](O)C2(F)F)c(=O)n1,Original,,,,,,,,
GEMFIBROZIL,1,,1,Most,1,Most,1,Most,1,Most,0,,0,,1,Most,Cc1ccc(C)c(OCCCC(C)(C)C(=O)O)c1,cc1ccc(c)c(occcc(c)(c)c(=o)o)c1,Cc1ccc(C)c(OCCCC(C)(C)C(=O)O)c1,Original,,,,,,,,
GEMIFLOXACIN MESYLATE,1,Most,1,Most,1,Most,0,,1,,0,,1,,1,Most,CO/N=C1\CN(c2nc3c(cc2F)c(=O)c(C(=O)O)cn3C2CC2)CC1CN,co/n=c1\cn(c2nc3c(cc2f)c(=o)c(c(=o)o)cn3c2cc2)cc1cn,CO/N=C1\CN(c2nc3c(cc2F)c(=O)c(C(=O)O)cn3C2CC2)CC1CN,Original,,,,,,,,
GILTERITINIB,1,Most,1,Most,1,,1,Most,1,Most,0,,1,Most,1,Most,CCc1nc(C(N)=O)c(Nc2ccc(N3CCC(N4CCN(C)CC4)CC3)c(OC)c2)nc1NC1CCOCC1,ccc1nc(c(n)=o)c(nc2ccc(n3ccc(n4ccn(c)cc4)cc3)c(oc)c2)nc1nc1ccocc1,CCc1nc(C(N)=O)c(Nc2ccc(N3CCC(N4CCN(C)CC4)CC3)c(OC)c2)nc1NC1CCOCC1,Original,,,,,,,,
GIVOSIRAN SODIUM,0,,1,Most,1,,0,,1,Most,0,,0,,1,Most,Not found,not found,O=N[O-].[Na+],ChEMBL,GIVOSIRAN SODIUM,GIVOSIRAN SODIUM,O=N[O-].[Na+],ChEMBL,found_chembl | variants_tried=2,,,
GLASDEGIB,1,Most,1,Most,1,Most,1,Most,0,,0,,1,,1,Most,CN1CC[C@@H](NC(=O)Nc2ccc(C#N)cc2)C[C@@H]1c1nc2ccccc2[nH]1,cn1cc[c@@h](nc(=o)nc2ccc(c#n)cc2)c[c@@h]1c1nc2ccccc2[nh]1,CN1CC[C@@H](NC(=O)Nc2ccc(C#N)cc2)C[C@@H]1c1nc2ccccc2[nH]1,Original,,,,,,,,
GLATIRAMER ACETATE,1,Most,1,Most,1,Most,0,,1,Most,0,,1,Most,0,,CC(N)C(=O)O.NC(CCC(=O)O)C(=O)O.NC(Cc1ccc(O)cc1)C(=O)O.NCCCCC(N)C(=O)O,cc(n)c(=o)o.nc(ccc(=o)o)c(=o)o.nc(cc1ccc(o)cc1)c(=o)o.nccccc(n)c(=o)o,CC(N)C(=O)O.NC(CCC(=O)O)C(=O)O.NC(Cc1ccc(O)cc1)C(=O)O.NCCCCC(N)C(=O)O,Original,,,,,,,,
GLIMEPIRIDE,1,Most,1,Most,1,Most,0,,1,,0,,0,,0,,CCC1=C(C)CN(C(=O)NCCc2ccc(S(=O)(=O)NC(=O)N[C@H]3CC[C@H](C)CC3)cc2)C1=O,ccc1=c(c)cn(c(=o)nccc2ccc(s(=o)(=o)nc(=o)n[c@h]3cc[c@h](c)cc3)cc2)c1=o,CCC1=C(C)CN(C(=O)NCCc2ccc(S(=O)(=O)NC(=O)N[C@H]3CC[C@H](C)CC3)cc2)C1=O,Original,,,,,,,,
GLIPIZIDE,1,Most,1,,1,Most,0,,1,Most,0,,0,,0,,Cc1cnc(C(=O)NCCc2ccc(S(=O)(=O)NC(=O)NC3CCCCC3)cc2)cn1,cc1cnc(c(=o)nccc2ccc(s(=o)(=o)nc(=o)nc3ccccc3)cc2)cn1,Cc1cnc(C(=O)NCCc2ccc(S(=O)(=O)NC(=O)NC3CCCCC3)cc2)cn1,Original,,,,,,,,
GLUCAGON,1,Most,1,,0,,0,,0,,0,,0,,0,,CSCCC(NC(=O)C(CC(C)C)NC(=O)C(Cc1c[nH]c2ccccc12)NC(=O)C(CCC(N)=O)NC(=O)C(NC(=O)C(Cc1ccccc1)NC(=O)C(CC(=O)O)NC(=O)C(CCC(N)=O)NC(=O)C(C)NC(=O)C(CCCNC(=N)N)NC(=O)C(CCCNC(=N)N)NC(=O)C(CO)NC(=O)C(CC(=O)O)NC(=O)C(CC(C)C)NC(=O)C(Cc1ccc(O)cc1)NC(=O)C(CCCCN)NC(=O)C(CO)NC(=O)C(Cc1ccc(O)cc1)NC(=O)C(CC(=O)O)NC(=O)C(CO)NC(=O)C(NC(=O)C(Cc1ccccc1)NC(=O)C(NC(=O)CNC(=O)C(CCC(N)=O)NC(=O)C(CO)NC(=O)C(N)Cc1cnc[nH]1)C(C)O)C(C)O)C(C)C)C(=O)NC(CC(N)=O)C(=O)NC(C(=O)O)C(C)O,csccc(nc(=o)c(cc(c)c)nc(=o)c(cc1c[nh]c2ccccc12)nc(=o)c(ccc(n)=o)nc(=o)c(nc(=o)c(cc1ccccc1)nc(=o)c(cc(=o)o)nc(=o)c(ccc(n)=o)nc(=o)c(c)nc(=o)c(cccnc(=n)n)nc(=o)c(cccnc(=n)n)nc(=o)c(co)nc(=o)c(cc(=o)o)nc(=o)c(cc(c)c)nc(=o)c(cc1ccc(o)cc1)nc(=o)c(ccccn)nc(=o)c(co)nc(=o)c(cc1ccc(o)cc1)nc(=o)c(cc(=o)o)nc(=o)c(co)nc(=o)c(nc(=o)c(cc1ccccc1)nc(=o)c(nc(=o)cnc(=o)c(ccc(n)=o)nc(=o)c(co)nc(=o)c(n)cc1cnc[nh]1)c(c)o)c(c)o)c(c)c)c(=o)nc(cc(n)=o)c(=o)nc(c(=o)o)c(c)o,CSCCC(NC(=O)C(CC(C)C)NC(=O)C(Cc1c[nH]c2ccccc12)NC(=O)C(CCC(N)=O)NC(=O)C(NC(=O)C(Cc1ccccc1)NC(=O)C(CC(=O)O)NC(=O)C(CCC(N)=O)NC(=O)C(C)NC(=O)C(CCCNC(=N)N)NC(=O)C(CCCNC(=N)N)NC(=O)C(CO)NC(=O)C(CC(=O)O)NC(=O)C(CC(C)C)NC(=O)C(Cc1ccc(O)cc1)NC(=O)C(CCCCN)NC(=O)C(CO)NC(=O)C(Cc1ccc(O)cc1)NC(=O)C(CC(=O)O)NC(=O)C(CO)NC(=O)C(NC(=O)C(Cc1ccccc1)NC(=O)C(NC(=O)CNC(=O)C(CCC(N)=O)NC(=O)C(CO)NC(=O)C(N)Cc1cnc[nH]1)C(C)O)C(C)O)C(C)C)C(=O)NC(CC(N)=O)C(=O)NC(C(=O)O)C(C)O,Original,,,,,,,,
GLUCAGON HYDROCHLORIDE,1,Most,1,Most,0,,0,,0,,0,,0,,0,,CSCCC(NC(=O)C(CC(C)C)NC(=O)C(Cc1c[nH]c2ccccc12)NC(=O)C(CCC(N)=O)NC(=O)C(NC(=O)C(Cc1ccccc1)NC(=O)C(CC(=O)O)NC(=O)C(CCC(N)=O)NC(=O)C(C)NC(=O)C(CCCNC(=N)N)NC(=O)C(CCCNC(=N)N)NC(=O)C(CO)NC(=O)C(CC(=O)O)NC(=O)C(CC(C)C)NC(=O)C(Cc1ccc(O)cc1)NC(=O)C(CCCCN)NC(=O)C(CO)NC(=O)C(Cc1ccc(O)cc1)NC(=O)C(CC(=O)O)NC(=O)C(CO)NC(=O)C(NC(=O)C(Cc1ccccc1)NC(=O)C(NC(=O)CNC(=O)C(CCC(N)=O)NC(=O)C(CO)NC(=O)C(N)Cc1cnc[nH]1)C(C)O)C(C)O)C(C)C)C(=O)NC(CC(N)=O)C(=O)NC(C(=O)O)C(C)O,csccc(nc(=o)c(cc(c)c)nc(=o)c(cc1c[nh]c2ccccc12)nc(=o)c(ccc(n)=o)nc(=o)c(nc(=o)c(cc1ccccc1)nc(=o)c(cc(=o)o)nc(=o)c(ccc(n)=o)nc(=o)c(c)nc(=o)c(cccnc(=n)n)nc(=o)c(cccnc(=n)n)nc(=o)c(co)nc(=o)c(cc(=o)o)nc(=o)c(cc(c)c)nc(=o)c(cc1ccc(o)cc1)nc(=o)c(ccccn)nc(=o)c(co)nc(=o)c(cc1ccc(o)cc1)nc(=o)c(cc(=o)o)nc(=o)c(co)nc(=o)c(nc(=o)c(cc1ccccc1)nc(=o)c(nc(=o)cnc(=o)c(ccc(n)=o)nc(=o)c(co)nc(=o)c(n)cc1cnc[nh]1)c(c)o)c(c)o)c(c)c)c(=o)nc(cc(n)=o)c(=o)nc(c(=o)o)c(c)o,CSCCC(NC(=O)C(CC(C)C)NC(=O)C(Cc1c[nH]c2ccccc12)NC(=O)C(CCC(N)=O)NC(=O)C(NC(=O)C(Cc1ccccc1)NC(=O)C(CC(=O)O)NC(=O)C(CCC(N)=O)NC(=O)C(C)NC(=O)C(CCCNC(=N)N)NC(=O)C(CCCNC(=N)N)NC(=O)C(CO)NC(=O)C(CC(=O)O)NC(=O)C(CC(C)C)NC(=O)C(Cc1ccc(O)cc1)NC(=O)C(CCCCN)NC(=O)C(CO)NC(=O)C(Cc1ccc(O)cc1)NC(=O)C(CC(=O)O)NC(=O)C(CO)NC(=O)C(NC(=O)C(Cc1ccccc1)NC(=O)C(NC(=O)CNC(=O)C(CCC(N)=O)NC(=O)C(CO)NC(=O)C(N)Cc1cnc[nH]1)C(C)O)C(C)O)C(C)C)C(=O)NC(CC(N)=O)C(=O)NC(C(=O)O)C(C)O,Original,,,,,,,,
GLUTAMINE,0,,0,,0,,0,,0,,0,,0,,0,,NC(=O)CC[C@H](N)C(=O)O,nc(=o)cc[c@h](n)c(=o)o,NC(=O)CC[C@H](N)C(=O)O,Original,,,,,,,,
GLYBURIDE,1,Most,1,Most,1,Most,0,,1,,0,,0,,0,,COc1ccc(Cl)cc1C(=O)NCCc1ccc(S(=O)(=O)NC(=O)NC2CCCCC2)cc1,coc1ccc(cl)cc1c(=o)nccc1ccc(s(=o)(=o)nc(=o)nc2ccccc2)cc1,COc1ccc(Cl)cc1C(=O)NCCc1ccc(S(=O)(=O)NC(=O)NC2CCCCC2)cc1,Original,,,,,,,,
GLYCEROL PHENYLBUTYRATE,0,,1,Most,1,Most,1,,1,,1,Most,0,,0,,O=C(CCCc1ccccc1)OCC(COC(=O)CCCc1ccccc1)OC(=O)CCCc1ccccc1,o=c(cccc1ccccc1)occ(coc(=o)cccc1ccccc1)oc(=o)cccc1ccccc1,O=C(CCCc1ccccc1)OCC(COC(=O)CCCc1ccccc1)OC(=O)CCCc1ccccc1,Original,,,,,,,,
GLYCOPYRROLATE,1,Most,1,,0,,1,Most,0,,0,,0,,0,,C[N+]1(C)CCC(OC(=O)C(O)(c2ccccc2)C2CCCC2)C1,c[n+]1(c)ccc(oc(=o)c(o)(c2ccccc2)c2cccc2)c1,C[N+]1(C)CCC(OC(=O)C(O)(c2ccccc2)C2CCCC2)C1,Original,,,,,,,,
GOLODIRSEN,0,,1,Most,0,,0,,0,,0,,0,,1,Most,Not found,not found,,NotFound,GOLODIRSEN,GOLODIRSEN,,,not_found | variants_tried=1,,,
GOSERELIN,1,Most,1,Most,1,,1,Most,1,,0,,0,,0,,CC(C)C[C@H](NC(=O)[C@@H](COC(C)(C)C)NC(=O)[C@H](Cc1ccc(O)cc1)NC(=O)[C@H](CO)NC(=O)[C@H](Cc1c[nH]c2ccccc12)NC(=O)[C@H](Cc1cnc[nH]1)NC(=O)[C@@H]1CCC(=O)N1)C(=O)N[C@@H](CCCNC(=N)N)C(=O)N1CCC[C@H]1C(=O)NNC(N)=O,cc(c)c[c@h](nc(=o)[c@@h](coc(c)(c)c)nc(=o)[c@h](cc1ccc(o)cc1)nc(=o)[c@h](co)nc(=o)[c@h](cc1c[nh]c2ccccc12)nc(=o)[c@h](cc1cnc[nh]1)nc(=o)[c@@h]1ccc(=o)n1)c(=o)n[c@@h](cccnc(=n)n)c(=o)n1ccc[c@h]1c(=o)nnc(n)=o,CC(C)C[C@H](NC(=O)[C@@H](COC(C)(C)C)NC(=O)[C@H](Cc1ccc(O)cc1)NC(=O)[C@H](CO)NC(=O)[C@H](Cc1c[nH]c2ccccc12)NC(=O)[C@H](Cc1cnc[nH]1)NC(=O)[C@@H]1CCC(=O)N1)C(=O)N[C@@H](CCCNC(=N)N)C(=O)N1CCC[C@H]1C(=O)NNC(N)=O,Original,,,,,,,,
GRANISETRON HYDROCHLORIDE,1,Most,1,,0,,0,,1,,0,,0,,0,,CN1C2CCCC1CC(NC(=O)c1nn(C)c3ccccc13)C2,cn1c2cccc1cc(nc(=o)c1nn(c)c3ccccc13)c2,CN1C2CCCC1CC(NC(=O)c1nn(C)c3ccccc13)C2,Original,,,,,,,,
GUANFACINE,1,Most,1,,0,,0,,0,,0,,0,,0,,N=C(N)NC(=O)Cc1c(Cl)cccc1Cl,n=c(n)nc(=o)cc1c(cl)cccc1cl,N=C(N)NC(=O)Cc1c(Cl)cccc1Cl,Original,,,,,,,,
HALOPERIDOL,1,Most,1,Most,1,Most,1,Most,1,Most,0,,1,Most,0,,O=C(CCCN1CCC(O)(c2ccc(Cl)cc2)CC1)c1ccc(F)cc1,o=c(cccn1ccc(o)(c2ccc(cl)cc2)cc1)c1ccc(f)cc1,O=C(CCCN1CCC(O)(c2ccc(Cl)cc2)CC1)c1ccc(F)cc1,Original,,,,,,,,
HALOPERIDOL DECANOATE,1,Most,1,Most,1,Most,1,Most,1,Most,0,,1,Most,0,,CCCCCCCCCC(=O)OC1(c2ccc(Cl)cc2)CCN(CCCC(=O)c2ccc(F)cc2)CC1,cccccccccc(=o)oc1(c2ccc(cl)cc2)ccn(cccc(=o)c2ccc(f)cc2)cc1,CCCCCCCCCC(=O)OC1(c2ccc(Cl)cc2)CCN(CCCC(=O)c2ccc(F)cc2)CC1,Original,,,,,,,,
HALOPERIDOL LACTATE,1,Most,1,Most,1,Most,1,,1,Most,0,,1,Most,0,,CC(O)C(=O)O.O=C(CCCN1CCC(O)(c2ccc(Cl)cc2)CC1)c1ccc(F)cc1,cc(o)c(=o)o.o=c(cccn1ccc(o)(c2ccc(cl)cc2)cc1)c1ccc(f)cc1,CC(O)C(=O)O.O=C(CCCN1CCC(O)(c2ccc(Cl)cc2)CC1)c1ccc(F)cc1,Original,,,,,,,,
HEPARIN SODIUM,0,Most,1,Most,1,Most,0,,1,,0,,0,,0,,CC(=O)NC1C(O)OC(COS(=O)(=O)O)C(OC2OC(C(=O)O)C(OC3OC(CO)C(OC4OC(C(=O)O)C(O)C(O)C4OS(=O)(=O)O)C(OS(=O)(=O)O)C3NS(=O)(=O)O)C(O)C2OS(=O)(=O)O)C1O,cc(=o)nc1c(o)oc(cos(=o)(=o)o)c(oc2oc(c(=o)o)c(oc3oc(co)c(oc4oc(c(=o)o)c(o)c(o)c4os(=o)(=o)o)c(os(=o)(=o)o)c3ns(=o)(=o)o)c(o)c2os(=o)(=o)o)c1o,CC(=O)NC1C(O)OC(COS(=O)(=O)O)C(OC2OC(C(=O)O)C(OC3OC(CO)C(OC4OC(C(=O)O)C(O)C(O)C4OS(=O)(=O)O)C(OS(=O)(=O)O)C3NS(=O)(=O)O)C(O)C2OS(=O)(=O)O)C1O,Original,,,,,,,,
HETASTARCH,1,Most,1,Most,1,Most,0,,0,,0,,1,,1,Most,Not found,not found,,NotFound,HETASTARCH,HETASTARCH,,,not_found | variants_tried=1,,None,no_hit | variants=['HETASTARCH']
HEXAMINOLEVULINATE HYDROCHLORIDE,0,,1,Most,0,,0,,0,,0,,0,,0,,CCCCCCOC(=O)CCC(=O)CN,ccccccoc(=o)ccc(=o)cn,CCCCCCOC(=O)CCC(=O)CN,Original,,,,,,,,
HISTRELIN ACETATE,0,,1,Most,0,,1,,0,,0,,0,,0,,CCNC(=O)[C@@H]1CCCN1C(=O)[C@H](CCCNC(=N)N)NC(=O)[C@H](CC(C)C)NC(=O)[C@@H](Cc1cn(Cc2ccccc2)cn1)NC(=O)[C@H](Cc1ccc(O)cc1)NC(=O)[C@H](CO)NC(=O)[C@H](Cc1c[nH]c2ccccc12)NC(=O)[C@H](Cc1cnc[nH]1)NC(=O)[C@@H]1CCC(=O)N1,ccnc(=o)[c@@h]1cccn1c(=o)[c@h](cccnc(=n)n)nc(=o)[c@h](cc(c)c)nc(=o)[c@@h](cc1cn(cc2ccccc2)cn1)nc(=o)[c@h](cc1ccc(o)cc1)nc(=o)[c@h](co)nc(=o)[c@h](cc1c[nh]c2ccccc12)nc(=o)[c@h](cc1cnc[nh]1)nc(=o)[c@@h]1ccc(=o)n1,CCNC(=O)[C@@H]1CCCN1C(=O)[C@H](CCCNC(=N)N)NC(=O)[C@H](CC(C)C)NC(=O)[C@@H](Cc1cn(Cc2ccccc2)cn1)NC(=O)[C@H](Cc1ccc(O)cc1)NC(=O)[C@H](CO)NC(=O)[C@H](Cc1c[nH]c2ccccc12)NC(=O)[C@H](Cc1cnc[nH]1)NC(=O)[C@@H]1CCC(=O)N1,Original,,,,,,,,
HUMAN SECRETIN,0,,0,,0,,0,,0,,0,,0,,0,,CC(C)CC(NC(=O)CNC(=O)C(CCC(N)=O)NC(=O)C(CC(C)C)NC(=O)C(CC(C)C)NC(=O)C(CCCNC(=N)N)NC(=O)C(CCC(N)=O)NC(=O)C(CC(C)C)NC(=O)C(CCCNC(=N)N)NC(=O)C(C)NC(=O)CNC(=O)C(CCC(=O)O)NC(=O)C(CCCNC(=N)N)NC(=O)C(CC(C)C)NC(=O)C(CCCNC(=N)N)NC(=O)C(CO)NC(=O)C(CC(C)C)NC(=O)C(CCC(=O)O)NC(=O)C(CO)NC(=O)C(NC(=O)C(Cc1ccccc1)NC(=O)C(NC(=O)CNC(=O)C(CC(=O)O)NC(=O)C(CO)NC(=O)C(N)Cc1c[nH]cn1)C(C)O)C(C)O)C(=O)NC(C(N)=O)C(C)C,cc(c)cc(nc(=o)cnc(=o)c(ccc(n)=o)nc(=o)c(cc(c)c)nc(=o)c(cc(c)c)nc(=o)c(cccnc(=n)n)nc(=o)c(ccc(n)=o)nc(=o)c(cc(c)c)nc(=o)c(cccnc(=n)n)nc(=o)c(c)nc(=o)cnc(=o)c(ccc(=o)o)nc(=o)c(cccnc(=n)n)nc(=o)c(cc(c)c)nc(=o)c(cccnc(=n)n)nc(=o)c(co)nc(=o)c(cc(c)c)nc(=o)c(ccc(=o)o)nc(=o)c(co)nc(=o)c(nc(=o)c(cc1ccccc1)nc(=o)c(nc(=o)cnc(=o)c(cc(=o)o)nc(=o)c(co)nc(=o)c(n)cc1c[nh]cn1)c(c)o)c(c)o)c(=o)nc(c(n)=o)c(c)c,CC(C)CC(NC(=O)CNC(=O)C(CCC(N)=O)NC(=O)C(CC(C)C)NC(=O)C(CC(C)C)NC(=O)C(CCCNC(=N)N)NC(=O)C(CCC(N)=O)NC(=O)C(CC(C)C)NC(=O)C(CCCNC(=N)N)NC(=O)C(C)NC(=O)CNC(=O)C(CCC(=O)O)NC(=O)C(CCCNC(=N)N)NC(=O)C(CC(C)C)NC(=O)C(CCCNC(=N)N)NC(=O)C(CO)NC(=O)C(CC(C)C)NC(=O)C(CCC(=O)O)NC(=O)C(CO)NC(=O)C(NC(=O)C(Cc1ccccc1)NC(=O)C(NC(=O)CNC(=O)C(CC(=O)O)NC(=O)C(CO)NC(=O)C(N)Cc1c[nH]cn1)C(C)O)C(C)O)C(=O)NC(C(N)=O)C(C)C,Original,,,,,,,,
HYALURONIC ACID,0,,0,,0,,0,,0,,0,,0,,0,,Not found,not found,[Na+].[Na+].CC(=O)NC1C(O)OC(CO)C(O)C1OC2OC(C(OC3OC(CO)C(O)C(OC4OC(C(O)C(O)C4O)C([O-])=O)C3NC(C)=O)C(O)C2O)C([O-])=O,NCI/Cactus,,,,,,,,
HYDRALAZINE HYDROCHLORIDE,1,Most,1,,1,Most,0,,1,,0,,0,,1,,NNc1nncc2ccccc12,nnc1nncc2ccccc12,NNc1nncc2ccccc12,Original,,,,,,,,
HYDROCHLOROTHIAZIDE,1,Most,1,Most,1,Most,0,,1,,0,,1,,1,Most,NS(=O)(=O)c1cc2c(cc1Cl)NCNS2(=O)=O,ns(=o)(=o)c1cc2c(cc1cl)ncns2(=o)=o,NS(=O)(=O)c1cc2c(cc1Cl)NCNS2(=O)=O,Original,,,,,,,,
HYDROCODONE BITARTRATE,1,Most,1,,0,,1,,0,,0,,1,Most,0,,COc1ccc2c3c1O[C@H]1C(=O)CC[C@H]4[C@@H](C2)N(C)CC[C@]314.O=C(O)C(O)C(O)C(=O)O,coc1ccc2c3c1o[c@h]1c(=o)cc[c@h]4[c@@h](c2)n(c)cc[c@]314.o=c(o)c(o)c(o)c(=o)o,COc1ccc2c3c1O[C@H]1C(=O)CC[C@H]4[C@@H](C2)N(C)CC[C@]314.O=C(O)C(O)C(O)C(=O)O,Original,,,,,,,,
HYDROCORTISONE,1,Most,1,Most,0,,1,,0,,0,,0,,0,,C[C@]12CCC(=O)C=C1CC[C@@H]1[C@@H]2[C@@H](O)C[C@@]2(C)[C@H]1CC[C@]2(O)C(=O)CO,c[c@]12ccc(=o)c=c1cc[c@@h]1[c@@h]2[c@@h](o)c[c@@]2(c)[c@h]1cc[c@]2(o)c(=o)co,C[C@]12CCC(=O)C=C1CC[C@@H]1[C@@H]2[C@@H](O)C[C@@]2(C)[C@H]1CC[C@]2(O)C(=O)CO,Original,,,,,,,,
HYDROCORTISONE SODIUM SUCCINATE,1,Most,1,Most,1,,1,Most,1,,0,,1,,1,,C[C@]12CCC(=O)C=C1CC[C@@H]1[C@@H]2[C@@H](O)C[C@@]2(C)[C@H]1CC[C@]2(O)C(=O)COC(=O)CCC(=O)O,c[c@]12ccc(=o)c=c1cc[c@@h]1[c@@h]2[c@@h](o)c[c@@]2(c)[c@h]1cc[c@]2(o)c(=o)coc(=o)ccc(=o)o,C[C@]12CCC(=O)C=C1CC[C@@H]1[C@@H]2[C@@H](O)C[C@@]2(C)[C@H]1CC[C@]2(O)C(=O)COC(=O)CCC(=O)O,Original,,,,,,,,
HYDROMORPHONE HYDROCHLORIDE,0,,1,,0,,1,Most,0,,0,,1,Most,1,Most,CN1CC[C@]23c4c5ccc(O)c4O[C@H]2C(=O)CC[C@H]3[C@H]1C5,cn1cc[c@]23c4c5ccc(o)c4o[c@h]2c(=o)cc[c@h]3[c@h]1c5,CN1CC[C@]23c4c5ccc(O)c4O[C@H]2C(=O)CC[C@H]3[C@H]1C5,Original,,,,,,,,
HYDROXOCOBALAMIN,1,,1,Most,0,,0,,0,,0,,1,,1,Most,CC1=C2N=C(C=C3N=C(C(C)=C4NC(C(CC(N)=O)C4(C)CCC(=O)NCC(C)OP(=O)(O)OC4C(CO)OC(n5cnc6cc(C)c(C)cc65)C4O)C4(C)N=C1C(CCC(N)=O)C4(C)CC(N)=O)C(CCC(N)=O)C3(C)C)C(CCC(N)=O)C2(C)CC(N)=O.[Co+3],cc1=c2n=c(c=c3n=c(c(c)=c4nc(c(cc(n)=o)c4(c)ccc(=o)ncc(c)op(=o)(o)oc4c(co)oc(n5cnc6cc(c)c(c)cc65)c4o)c4(c)n=c1c(ccc(n)=o)c4(c)cc(n)=o)c(ccc(n)=o)c3(c)c)c(ccc(n)=o)c2(c)cc(n)=o.[co+3],CC1=C2N=C(C=C3N=C(C(C)=C4NC(C(CC(N)=O)C4(C)CCC(=O)NCC(C)OP(=O)(O)OC4C(CO)OC(n5cnc6cc(C)c(C)cc65)C4O)C4(C)N=C1C(CCC(N)=O)C4(C)CC(N)=O)C(CCC(N)=O)C3(C)C)C(CCC(N)=O)C2(C)CC(N)=O.[Co+3],Original,,,,,,,,
HYDROXYCHLOROQUINE SULFATE,1,Most,1,Most,1,Most,0,,1,Most,1,,0,,1,Most,CCN(CCO)CCCC(C)Nc1ccnc2cc(Cl)ccc12,ccn(cco)cccc(c)nc1ccnc2cc(cl)ccc12,CCN(CCO)CCCC(C)Nc1ccnc2cc(Cl)ccc12,Original,,,,,,,,
HYDROXYPROGESTERONE CAPROATE,1,Most,1,Most,1,Most,0,,1,,0,,1,Most,0,,CCCCCC(=O)O[C@]1(C(C)=O)CC[C@H]2[C@@H]3CCC4=CC(=O)CC[C@]4(C)[C@H]3CC[C@@]21C,cccccc(=o)o[c@]1(c(c)=o)cc[c@h]2[c@@h]3ccc4=cc(=o)cc[c@]4(c)[c@h]3cc[c@@]21c,CCCCCC(=O)O[C@]1(C(C)=O)CC[C@H]2[C@@H]3CCC4=CC(=O)CC[C@]4(C)[C@H]3CC[C@@]21C,Original,,,,,,,,
HYDROXYUREA,0,,1,Most,1,Most,1,Most,1,Most,0,,1,Most,1,Most,NC(=O)NO,nc(=o)no,NC(=O)NO,Original,,,,,,,,
HYDROXYZINE HYDROCHLORIDE,1,Most,1,Most,0,,0,,0,,0,,0,,0,,OCCOCCN1CCN(C(c2ccccc2)c2ccc(Cl)cc2)CC1,occoccn1ccn(c(c2ccccc2)c2ccc(cl)cc2)cc1,OCCOCCN1CCN(C(c2ccccc2)c2ccc(Cl)cc2)CC1,Original,,,,,,,,
HYDROXYZINE PAMOATE,1,Most,1,Most,0,,0,,0,,0,,0,,0,,O=C(O)c1cc2ccccc2c(Cc2c(O)c(C(=O)O)cc3ccccc23)c1O.OCCOCCN1CCN(C(c2ccccc2)c2ccc(Cl)cc2)CC1,o=c(o)c1cc2ccccc2c(cc2c(o)c(c(=o)o)cc3ccccc23)c1o.occoccn1ccn(c(c2ccccc2)c2ccc(cl)cc2)cc1,O=C(O)c1cc2ccccc2c(Cc2c(O)c(C(=O)O)cc3ccccc23)c1O.OCCOCCN1CCN(C(c2ccccc2)c2ccc(Cl)cc2)CC1,Original,,,,,,,,
IBREXAFUNGERP,0,,1,,0,,0,,0,,0,,0,,0,,CC(C)[C@@H](C)[C@@]1(C)CC[C@]2(C)[C@H]3CC[C@@H]4[C@@]5(COC[C@@]4(C)[C@@H](OC[C@](C)(N)C(C)(C)C)[C@H](n4ncnc4-c4ccncc4)C5)C3=CC[C@@]2(C)[C@@H]1C(=O)O,cc(c)[c@@h](c)[c@@]1(c)cc[c@]2(c)[c@h]3cc[c@@h]4[c@@]5(coc[c@@]4(c)[c@@h](oc[c@](c)(n)c(c)(c)c)[c@h](n4ncnc4-c4ccncc4)c5)c3=cc[c@@]2(c)[c@@h]1c(=o)o,CC(C)[C@@H](C)[C@@]1(C)CC[C@]2(C)[C@H]3CC[C@@H]4[C@@]5(COC[C@@]4(C)[C@@H](OC[C@](C)(N)C(C)(C)C)[C@H](n4ncnc4-c4ccncc4)C5)C3=CC[C@@]2(C)[C@@H]1C(=O)O,Original,,,,,,,,
IBRUTINIB,1,Most,1,Most,1,Most,0,,1,Most,0,,1,Most,0,,C=CC(=O)N1CCC[C@@H](n2nc(-c3ccc(Oc4ccccc4)cc3)c3c(N)ncnc32)C1,c=cc(=o)n1ccc[c@@h](n2nc(-c3ccc(oc4ccccc4)cc3)c3c(n)ncnc32)c1,C=CC(=O)N1CCC[C@@H](n2nc(-c3ccc(Oc4ccccc4)cc3)c3c(N)ncnc32)C1,Original,,,,,,,,
IBUPROFEN,1,Most,1,Most,1,Most,1,Most,1,Most,0,,0,,1,Most,CC(C)Cc1ccc(C(C)C(=O)O)cc1,cc(c)cc1ccc(c(c)c(=o)o)cc1,CC(C)Cc1ccc(C(C)C(=O)O)cc1,Original,,,,,,,,
IBUPROFEN LYSINE,0,,1,Most,1,Most,0,,0,,0,,1,,1,Most,CC(C)Cc1ccc(C(C)C(=O)O)cc1.NCCCC[C@H](N)C(=O)O,cc(c)cc1ccc(c(c)c(=o)o)cc1.ncccc[c@h](n)c(=o)o,CC(C)Cc1ccc(C(C)C(=O)O)cc1.NCCCC[C@H](N)C(=O)O,Original,,,,,,,,
IBUTILIDE FUMARATE,1,Most,0,,0,,0,,0,,0,,0,,0,,CCCCCCCN(CC)CCCC(O)c1ccc(NS(C)(=O)=O)cc1.CCCCCCCN(CC)CCCC(O)c1ccc(NS(C)(=O)=O)cc1.O=C(O)/C=C/C(=O)O,cccccccn(cc)cccc(o)c1ccc(ns(c)(=o)=o)cc1.cccccccn(cc)cccc(o)c1ccc(ns(c)(=o)=o)cc1.o=c(o)/c=c/c(=o)o,CCCCCCCN(CC)CCCC(O)c1ccc(NS(C)(=O)=O)cc1.CCCCCCCN(CC)CCCC(O)c1ccc(NS(C)(=O)=O)cc1.O=C(O)/C=C/C(=O)O,Original,,,,,,,,
ICATIBANT,1,Most,1,Most,0,,1,Most,1,,0,,0,,0,,N=C(N)NCCC[C@@H](N)C(=O)N[C@@H](CCCNC(=N)N)C(=O)N1CCC[C@H]1C(=O)N1C[C@H](O)C[C@H]1C(=O)NCC(=O)N[C@@H](Cc1cccs1)C(=O)N[C@@H](CO)C(=O)N1Cc2ccccc2C[C@@H]1C(=O)N1[C@H](C(=O)N[C@@H](CCCNC(=N)N)C(=O)O)C[C@@H]2CCCC[C@@H]21,n=c(n)nccc[c@@h](n)c(=o)n[c@@h](cccnc(=n)n)c(=o)n1ccc[c@h]1c(=o)n1c[c@h](o)c[c@h]1c(=o)ncc(=o)n[c@@h](cc1cccs1)c(=o)n[c@@h](co)c(=o)n1cc2ccccc2c[c@@h]1c(=o)n1[c@h](c(=o)n[c@@h](cccnc(=n)n)c(=o)o)c[c@@h]2cccc[c@@h]21,N=C(N)NCCC[C@@H](N)C(=O)N[C@@H](CCCNC(=N)N)C(=O)N1CCC[C@H]1C(=O)N1C[C@H](O)C[C@H]1C(=O)NCC(=O)N[C@@H](Cc1cccs1)C(=O)N[C@@H](CO)C(=O)N1Cc2ccccc2C[C@@H]1C(=O)N1[C@H](C(=O)N[C@@H](CCCNC(=N)N)C(=O)O)C[C@@H]2CCCC[C@@H]21,Original,,,,,,,,
ICOSAPENT ETHYL,1,Most,0,,1,Most,1,Most,0,,0,,0,,0,,CC/C=C\C/C=C\C/C=C\C/C=C\C/C=C\CCCC(=O)OCC,cc/c=c\c/c=c\c/c=c\c/c=c\c/c=c\cccc(=o)occ,CC/C=C\C/C=C\C/C=C\C/C=C\C/C=C\CCCC(=O)OCC,Original,,,,,,,,
IDARUBICIN HYDROCHLORIDE,1,Most,1,Most,1,Most,1,Most,1,Most,0,,0,,1,,CC(=O)[C@]1(O)Cc2c(O)c3c(c(O)c2[C@@H](O[C@H]2C[C@H](N)[C@H](O)[C@H](C)O2)C1)C(=O)c1ccccc1C3=O,cc(=o)[c@]1(o)cc2c(o)c3c(c(o)c2[c@@h](o[c@h]2c[c@h](n)[c@h](o)[c@h](c)o2)c1)c(=o)c1ccccc1c3=o,CC(=O)[C@]1(O)Cc2c(O)c3c(c(O)c2[C@@H](O[C@H]2C[C@H](N)[C@H](O)[C@H](C)O2)C1)C(=O)c1ccccc1C3=O,Original,,,,,,,,
IDELALISIB,0,,1,Most,1,Most,1,,1,Most,0,,1,Most,0,,CC[C@H](Nc1ncnc2[nH]cnc12)c1nc2cccc(F)c2c(=O)n1-c1ccccc1,cc[c@h](nc1ncnc2[nh]cnc12)c1nc2cccc(f)c2c(=o)n1-c1ccccc1,CC[C@H](Nc1ncnc2[nH]cnc12)c1nc2cccc(F)c2c(=O)n1-c1ccccc1,Original,,,,,,,,
IFOSFAMIDE,1,Most,1,Most,1,Most,1,Most,1,Most,1,Most,1,Most,1,Most,O=P1(NCCCl)OCCCN1CCCl,o=p1(ncccl)occcn1cccl,O=P1(NCCCl)OCCCN1CCCl,Original,,,,,,,,
ILOPERIDONE,1,Most,1,,1,Most,1,,1,Most,0,,0,,0,,COc1cc(C(C)=O)ccc1OCCCN1CCC(c2noc3cc(F)ccc23)CC1,coc1cc(c(c)=o)ccc1occcn1ccc(c2noc3cc(f)ccc23)cc1,COc1cc(C(C)=O)ccc1OCCCN1CCC(c2noc3cc(F)ccc23)CC1,Original,,,,,,,,
IMATINIB MESYLATE,1,Most,1,Most,1,Most,0,,1,Most,0,,1,Most,1,Most,Cc1ccc(NC(=O)c2ccc(CN3CCN(C)CC3)cc2)cc1Nc1nccc(-c2cccnc2)n1,cc1ccc(nc(=o)c2ccc(cn3ccn(c)cc3)cc2)cc1nc1nccc(-c2cccnc2)n1,Cc1ccc(NC(=O)c2ccc(CN3CCN(C)CC3)cc2)cc1Nc1nccc(-c2cccnc2)n1,Original,,,,,,,,
IMIPRAMINE HYDROCHLORIDE,1,Most,1,Most,1,Most,0,,1,,0,,0,,0,,CN(C)CCCN1c2ccccc2CCc2ccccc21,cn(c)cccn1c2ccccc2ccc2ccccc21,CN(C)CCCN1c2ccccc2CCc2ccccc21,Original,,,,,,,,
IMIPRAMINE PAMOATE,1,Most,1,Most,1,Most,1,,1,,1,,0,,0,,CN(C)CCCN1c2ccccc2CCc2ccccc21.CN(C)CCCN1c2ccccc2CCc2ccccc21.O=C(O)c1cc2ccccc2c(Cc2c(O)c(C(=O)O)cc3ccccc23)c1O,cn(c)cccn1c2ccccc2ccc2ccccc21.cn(c)cccn1c2ccccc2ccc2ccccc21.o=c(o)c1cc2ccccc2c(cc2c(o)c(c(=o)o)cc3ccccc23)c1o,CN(C)CCCN1c2ccccc2CCc2ccccc21.CN(C)CCCN1c2ccccc2CCc2ccccc21.O=C(O)c1cc2ccccc2c(Cc2c(O)c(C(=O)O)cc3ccccc23)c1O,Original,,,,,,,,
INCLISIRAN,0,,1,,0,,0,,0,,0,,0,,0,,CC(=O)NC1C(OCCCCC(=O)NCCCNC(=O)CCOCC(COCCC(=O)NCCCNC(=O)CCCCOC2OC(CO)C(O)C(O)C2NC(C)=O)(COCCC(=O)NCCCNC(=O)CCCCOC2OC(CO)C(O)C(O)C2NC(C)=O)NC(=O)CCCCCCCCCCC(=O)N2CC(O)CC2COP(=O)(O)O)OC(CO)C(O)C1O,cc(=o)nc1c(occccc(=o)ncccnc(=o)ccocc(coccc(=o)ncccnc(=o)ccccoc2oc(co)c(o)c(o)c2nc(c)=o)(coccc(=o)ncccnc(=o)ccccoc2oc(co)c(o)c(o)c2nc(c)=o)nc(=o)ccccccccccc(=o)n2cc(o)cc2cop(=o)(o)o)oc(co)c(o)c1o,CC(=O)NC1C(OCCCCC(=O)NCCCNC(=O)CCOCC(COCCC(=O)NCCCNC(=O)CCCCOC2OC(CO)C(O)C(O)C2NC(C)=O)(COCCC(=O)NCCCNC(=O)CCCCOC2OC(CO)C(O)C(O)C2NC(C)=O)NC(=O)CCCCCCCCCCC(=O)N2CC(O)CC2COP(=O)(O)O)OC(CO)C(O)C1O,Original,,,,,,,,
INDAPAMIDE,1,,1,Most,1,Most,0,,1,,0,,0,,1,Most,CC1Cc2ccccc2N1NC(=O)c1ccc(Cl)c(S(N)(=O)=O)c1,cc1cc2ccccc2n1nc(=o)c1ccc(cl)c(s(n)(=o)=o)c1,CC1Cc2ccccc2N1NC(=O)c1ccc(Cl)c(S(N)(=O)=O)c1,Original,,,,,,,,
INDINAVIR SULFATE,1,Most,1,Most,1,Most,0,,1,Most,0,,0,,1,Most,CC(C)(C)NC(=O)[C@@H]1CN(Cc2cccnc2)CCN1C[C@@H](O)C[C@@H](Cc1ccccc1)C(=O)N[C@H]1c2ccccc2C[C@H]1O,cc(c)(c)nc(=o)[c@@h]1cn(cc2cccnc2)ccn1c[c@@h](o)c[c@@h](cc1ccccc1)c(=o)n[c@h]1c2ccccc2c[c@h]1o,CC(C)(C)NC(=O)[C@@H]1CN(Cc2cccnc2)CCN1C[C@@H](O)C[C@@H](Cc1ccccc1)C(=O)N[C@H]1c2ccccc2C[C@H]1O,Original,,,,,,,,
INDIUM IN 111 CHLORIDE,0,,0,,0,,0,,0,,0,,0,,0,,[Cl][In]([Cl])[Cl],[cl][in]([cl])[cl],[Cl][In]([Cl])[Cl],Original,,,,,,,,
INDIUM IN-111 OXYQUINOLINE,0,,1,,1,Most,0,,0,,0,,0,,0,,[In+3].[O-]c1cccc2cccnc12.[O-]c1cccc2cccnc12.[O-]c1cccc2cccnc12,[in+3].[o-]c1cccc2cccnc12.[o-]c1cccc2cccnc12.[o-]c1cccc2cccnc12,[In+3].[O-]c1cccc2cccnc12.[O-]c1cccc2cccnc12.[O-]c1cccc2cccnc12,Original,,,,,,,,
INDIUM IN-111 PENTETATE DISODIUM,0,,0,,0,,0,,0,,0,,0,,1,Most,O=C([O-])CN(CCN(CCN(CC(=O)[O-])CC(=O)O)CC(=O)O)CC(=O)[O-].[In+3],o=c([o-])cn(ccn(ccn(cc(=o)[o-])cc(=o)o)cc(=o)o)cc(=o)[o-].[in+3],O=C([O-])CN(CCN(CCN(CC(=O)[O-])CC(=O)O)CC(=O)O)CC(=O)[O-].[In+3],Original,,,,,,,,
INDOCYANINE GREEN,0,,1,Most,0,,0,,0,,0,,0,,0,,CC1(C)C(/C=C/C=C/C=C/C=C2\N(CCCCS(=O)(=O)O)c3ccc4ccccc4c3C2(C)C)=[N+](CCCCS(=O)(=O)[O-])c2ccc3ccccc3c21,cc1(c)c(/c=c/c=c/c=c/c=c2\n(ccccs(=o)(=o)o)c3ccc4ccccc4c3c2(c)c)=[n+](ccccs(=o)(=o)[o-])c2ccc3ccccc3c21,CC1(C)C(/C=C/C=C/C=C/C=C2\N(CCCCS(=O)(=O)O)c3ccc4ccccc4c3C2(C)C)=[N+](CCCCS(=O)(=O)[O-])c2ccc3ccccc3c21,Original,,,,,,,,
INDOMETHACIN,1,Most,1,Most,1,Most,1,Most,1,Most,1,Most,1,Most,1,Most,COc1ccc2c(c1)c(CC(=O)O)c(C)n2C(=O)c1ccc(Cl)cc1,coc1ccc2c(c1)c(cc(=o)o)c(c)n2c(=o)c1ccc(cl)cc1,COc1ccc2c(c1)c(CC(=O)O)c(C)n2C(=O)c1ccc(Cl)cc1,Original,,,,,,,,
INFIGRATINIB,0,,1,Most,1,Most,0,,1,Most,0,,0,,0,,CCN1CCN(c2ccc(Nc3cc(N(C)C(=O)Nc4c(Cl)c(OC)cc(OC)c4Cl)ncn3)cc2)CC1,ccn1ccn(c2ccc(nc3cc(n(c)c(=o)nc4c(cl)c(oc)cc(oc)c4cl)ncn3)cc2)cc1,CCN1CCN(c2ccc(Nc3cc(N(C)C(=O)Nc4c(Cl)c(OC)cc(OC)c4Cl)ncn3)cc2)CC1,Original,,,,,,,,
INOTERSEN,1,Most,1,Most,1,Most,0,,1,Most,0,,0,,1,Most,COCCOC1C(O)C(COP(O)(=S)OC2C(COP(O)(=S)OC3C(COP(O)(=S)OC4C(COP(O)(=S)OC5C(COP(O)(=S)OC6CC(n7cnc8c(N)ncnc87)OC6COP(O)(=S)OC6CC(n7cnc8c(N)ncnc87)OC6COP(O)(=S)OC6CC(n7cnc8c(=O)[nH]c(N)nc87)OC6COP(O)(=S)OC6CC(n7cc(C)c(=O)[nH]c7=O)OC6COP(O)(=S)OC6CC(n7cnc8c(N)ncnc87)OC6COP(O)(=S)OC6CC(n7cc(C)c(N)nc7=O)OC6COP(O)(=S)OC6CC(n7cnc8c(N)ncnc87)OC6COP(O)(=S)OC6CC(n7cc(C)c(=O)[nH]c7=O)OC6COP(O)(=S)OC6CC(n7cc(C)c(=O)[nH]c7=O)OC6COP(O)(=S)OC6CC(n7cnc8c(=O)[nH]c(N)nc87)OC6COP(O)(=S)OC6C(COP(O)(=S)OC7C(COP(O)(=S)OC8C(COP(O)(=S)OC9C(COP(O)(=S)OC%10C(CO)OC(n%11cc(C)c(=O)[nH]c%11=O)C%10OCCOC)OC(n%10cc(C)c(N)nc%10=O)C9OCCOC)OC(n9cc(C)c(=O)[nH]c9=O)C8OCCOC)OC(n8cc(C)c(=O)[nH]c8=O)C7OCCOC)OC(n7cnc8c(=O)[nH]c(N)nc87)C6OCCOC)OC(n6cnc7c(N)ncnc76)C5OCCOC)OC(n5cc(C)c(=O)[nH]c5=O)C4OCCOC)OC(n4cc(C)c(N)nc4=O)C3OCCOC)OC(n3cc(C)c(N)nc3=O)C2OCCOC)OC1n1cc(C)c(N)nc1=O,coccoc1c(o)c(cop(o)(=s)oc2c(cop(o)(=s)oc3c(cop(o)(=s)oc4c(cop(o)(=s)oc5c(cop(o)(=s)oc6cc(n7cnc8c(n)ncnc87)oc6cop(o)(=s)oc6cc(n7cnc8c(n)ncnc87)oc6cop(o)(=s)oc6cc(n7cnc8c(=o)[nh]c(n)nc87)oc6cop(o)(=s)oc6cc(n7cc(c)c(=o)[nh]c7=o)oc6cop(o)(=s)oc6cc(n7cnc8c(n)ncnc87)oc6cop(o)(=s)oc6cc(n7cc(c)c(n)nc7=o)oc6cop(o)(=s)oc6cc(n7cnc8c(n)ncnc87)oc6cop(o)(=s)oc6cc(n7cc(c)c(=o)[nh]c7=o)oc6cop(o)(=s)oc6cc(n7cc(c)c(=o)[nh]c7=o)oc6cop(o)(=s)oc6cc(n7cnc8c(=o)[nh]c(n)nc87)oc6cop(o)(=s)oc6c(cop(o)(=s)oc7c(cop(o)(=s)oc8c(cop(o)(=s)oc9c(cop(o)(=s)oc%10c(co)oc(n%11cc(c)c(=o)[nh]c%11=o)c%10occoc)oc(n%10cc(c)c(n)nc%10=o)c9occoc)oc(n9cc(c)c(=o)[nh]c9=o)c8occoc)oc(n8cc(c)c(=o)[nh]c8=o)c7occoc)oc(n7cnc8c(=o)[nh]c(n)nc87)c6occoc)oc(n6cnc7c(n)ncnc76)c5occoc)oc(n5cc(c)c(=o)[nh]c5=o)c4occoc)oc(n4cc(c)c(n)nc4=o)c3occoc)oc(n3cc(c)c(n)nc3=o)c2occoc)oc1n1cc(c)c(n)nc1=o,COCCOC1C(O)C(COP(O)(=S)OC2C(COP(O)(=S)OC3C(COP(O)(=S)OC4C(COP(O)(=S)OC5C(COP(O)(=S)OC6CC(n7cnc8c(N)ncnc87)OC6COP(O)(=S)OC6CC(n7cnc8c(N)ncnc87)OC6COP(O)(=S)OC6CC(n7cnc8c(=O)[nH]c(N)nc87)OC6COP(O)(=S)OC6CC(n7cc(C)c(=O)[nH]c7=O)OC6COP(O)(=S)OC6CC(n7cnc8c(N)ncnc87)OC6COP(O)(=S)OC6CC(n7cc(C)c(N)nc7=O)OC6COP(O)(=S)OC6CC(n7cnc8c(N)ncnc87)OC6COP(O)(=S)OC6CC(n7cc(C)c(=O)[nH]c7=O)OC6COP(O)(=S)OC6CC(n7cc(C)c(=O)[nH]c7=O)OC6COP(O)(=S)OC6CC(n7cnc8c(=O)[nH]c(N)nc87)OC6COP(O)(=S)OC6C(COP(O)(=S)OC7C(COP(O)(=S)OC8C(COP(O)(=S)OC9C(COP(O)(=S)OC%10C(CO)OC(n%11cc(C)c(=O)[nH]c%11=O)C%10OCCOC)OC(n%10cc(C)c(N)nc%10=O)C9OCCOC)OC(n9cc(C)c(=O)[nH]c9=O)C8OCCOC)OC(n8cc(C)c(=O)[nH]c8=O)C7OCCOC)OC(n7cnc8c(=O)[nH]c(N)nc87)C6OCCOC)OC(n6cnc7c(N)ncnc76)C5OCCOC)OC(n5cc(C)c(=O)[nH]c5=O)C4OCCOC)OC(n4cc(C)c(N)nc4=O)C3OCCOC)OC(n3cc(C)c(N)nc3=O)C2OCCOC)OC1n1cc(C)c(N)nc1=O,Original,,,,,,,,
IOBENGUANE I-123,1,,1,,0,,0,,0,,0,,0,,0,Most,NC(N)=NCc1cccc(I)c1,nc(n)=ncc1cccc(i)c1,NC(N)=NCc1cccc(I)c1,Original,,,,,,,,
IODIXANOL,1,Most,1,Most,1,Most,0,,0,,0,,1,Most,1,Most,CC(=O)N(CC(O)CN(C(C)=O)c1c(I)c(C(=O)NCC(O)CO)c(I)c(C(=O)NCC(O)CO)c1I)c1c(I)c(C(=O)NCC(O)CO)c(I)c(C(=O)NCC(O)CO)c1I,cc(=o)n(cc(o)cn(c(c)=o)c1c(i)c(c(=o)ncc(o)co)c(i)c(c(=o)ncc(o)co)c1i)c1c(i)c(c(=o)ncc(o)co)c(i)c(c(=o)ncc(o)co)c1i,CC(=O)N(CC(O)CN(C(C)=O)c1c(I)c(C(=O)NCC(O)CO)c(I)c(C(=O)NCC(O)CO)c1I)c1c(I)c(C(=O)NCC(O)CO)c(I)c(C(=O)NCC(O)CO)c1I,Original,,,,,,,,
IOFLUPANE I-123,0,,1,,0,,0,,0,,0,,0,,0,,COC(=O)C1C(c2ccc(I)cc2)CC2CCC1N2CCCF,coc(=o)c1c(c2ccc(i)cc2)cc2ccc1n2cccf,COC(=O)C1C(c2ccc(I)cc2)CC2CCC1N2CCCF,Original,,,,,,,,
IOHEXOL,1,Most,1,Most,1,Most,0,,0,,0,,1,Most,1,Most,CC(=O)N(CC(O)CO)c1c(I)c(C(=O)NCC(O)CO)c(I)c(C(=O)NCC(O)CO)c1I,cc(=o)n(cc(o)co)c1c(i)c(c(=o)ncc(o)co)c(i)c(c(=o)ncc(o)co)c1i,CC(=O)N(CC(O)CO)c1c(I)c(C(=O)NCC(O)CO)c(I)c(C(=O)NCC(O)CO)c1I,Original,,,,,,,,
IOPAMIDOL,1,Most,1,Most,1,,0,,0,,0,,1,Most,1,Most,C[C@H](O)C(=O)Nc1c(I)c(C(=O)NC(CO)CO)c(I)c(C(=O)NC(CO)CO)c1I,c[c@h](o)c(=o)nc1c(i)c(c(=o)nc(co)co)c(i)c(c(=o)nc(co)co)c1i,C[C@H](O)C(=O)Nc1c(I)c(C(=O)NC(CO)CO)c(I)c(C(=O)NC(CO)CO)c1I,Original,,,,,,,,
IOTHALAMATE MEGLUMINE,1,Most,1,Most,1,Most,0,,1,,0,,1,Most,1,Most,CNC(=O)c1c(I)c(NC(C)=O)c(I)c(C(=O)O)c1I.CNC[C@H](O)[C@@H](O)[C@H](O)[C@H](O)CO,cnc(=o)c1c(i)c(nc(c)=o)c(i)c(c(=o)o)c1i.cnc[c@h](o)[c@@h](o)[c@h](o)[c@h](o)co,CNC(=O)c1c(I)c(NC(C)=O)c(I)c(C(=O)O)c1I.CNC[C@H](O)[C@@H](O)[C@H](O)[C@H](O)CO,Original,,,,,,,,
IRBESARTAN,0,,1,,1,,0,,1,,0,,0,,1,,CCCCC1=NC2(CCCC2)C(=O)N1Cc1ccc(-c2ccccc2-c2nnn[nH]2)cc1,ccccc1=nc2(cccc2)c(=o)n1cc1ccc(-c2ccccc2-c2nnn[nh]2)cc1,CCCCC1=NC2(CCCC2)C(=O)N1Cc1ccc(-c2ccccc2-c2nnn[nH]2)cc1,Original,,,,,,,,
IRINOTECAN HYDROCHLORIDE,1,Most,1,,1,Most,1,Most,1,,0,,1,Most,0,,CCc1c2c(nc3ccc(OC(=O)N4CCC(N5CCCCC5)CC4)cc13)-c1cc3c(c(=O)n1C2)COC(=O)[C@]3(O)CC,ccc1c2c(nc3ccc(oc(=o)n4ccc(n5ccccc5)cc4)cc13)-c1cc3c(c(=o)n1c2)coc(=o)[c@]3(o)cc,CCc1c2c(nc3ccc(OC(=O)N4CCC(N5CCCCC5)CC4)cc13)-c1cc3c(c(=O)n1C2)COC(=O)[C@]3(O)CC,Original,,,,,,,,
IRON DEXTRAN,1,Most,1,Most,1,Most,0,,1,Most,0,,1,Most,1,Most,[Fe],[fe],[Fe],Original,,,,,,,,
ISAVUCONAZONIUM SULFATE,1,Most,1,,1,,0,,1,Most,0,,1,,1,Most,CNCC(=O)OCc1cccnc1N(C)C(=O)OC(C)[n+]1cnn(C[C@](O)(c2cc(F)ccc2F)[C@@H](C)c2nc(-c3ccc(C#N)cc3)cs2)c1,cncc(=o)occ1cccnc1n(c)c(=o)oc(c)[n+]1cnn(c[c@](o)(c2cc(f)ccc2f)[c@@h](c)c2nc(-c3ccc(c#n)cc3)cs2)c1,CNCC(=O)OCc1cccnc1N(C)C(=O)OC(C)[n+]1cnn(C[C@](O)(c2cc(F)ccc2F)[C@@H](C)c2nc(-c3ccc(C#N)cc3)cs2)c1,Original,,,,,,,,
ISENTRESS,0,,1,Most,1,,0,,1,Most,0,,0,,0,,Cc1nnc(C(=O)NC(C)(C)c2nc(C(=O)NCc3ccc(F)cc3)c(O)c(=O)n2C)o1,cc1nnc(c(=o)nc(c)(c)c2nc(c(=o)ncc3ccc(f)cc3)c(o)c(=o)n2c)o1,Cc1nnc(C(=O)NC(C)(C)c2nc(C(=O)NCc3ccc(F)cc3)c(O)c(=O)n2C)o1,Original,,,,,,,,
ISOCARBOXAZID,1,Most,1,,1,,0,,1,,0,,0,,1,,Cc1cc(C(=O)NNCc2ccccc2)no1,cc1cc(c(=o)nncc2ccccc2)no1,Cc1cc(C(=O)NNCc2ccccc2)no1,Original,,,,,,,,
ISONIAZID,0,,1,Most,1,Most,0,,1,Most,0,,0,,0,,NNC(=O)c1ccncc1,nnc(=o)c1ccncc1,NNC(=O)c1ccncc1,Original,,,,,,,,
ISOSORBIDE DINITRATE,1,Most,0,,1,,0,,0,,0,,0,,0,,O=[N+]([O-])O[C@H]1CO[C@H]2[C@@H]1OC[C@H]2O[N+](=O)[O-],o=[n+]([o-])o[c@h]1co[c@h]2[c@@h]1oc[c@h]2o[n+](=o)[o-],O=[N+]([O-])O[C@H]1CO[C@H]2[C@@H]1OC[C@H]2O[N+](=O)[O-],Original,,,,,,,,
ISOSORBIDE MONONITRATE,1,Most,1,,1,,0,,0,,0,,0,,0,,O=[N+]([O-])O[C@@H]1CO[C@H]2[C@@H]1OC[C@@H]2O,o=[n+]([o-])o[c@@h]1co[c@h]2[c@@h]1oc[c@@h]2o,O=[N+]([O-])O[C@@H]1CO[C@H]2[C@@H]1OC[C@@H]2O,Original,,,,,,,,
ISOSULFAN BLUE,0,,1,Most,1,Most,0,,0,,0,,1,Most,0,,CCN(CC)c1ccc(C(=C2C=CC(=[N+](CC)CC)C=C2)c2cc(S(=O)(=O)O)ccc2S(=O)(=O)[O-])cc1,ccn(cc)c1ccc(c(=c2c=cc(=[n+](cc)cc)c=c2)c2cc(s(=o)(=o)o)ccc2s(=o)(=o)[o-])cc1,CCN(CC)c1ccc(C(=C2C=CC(=[N+](CC)CC)C=C2)c2cc(S(=O)(=O)O)ccc2S(=O)(=O)[O-])cc1,Original,,,,,,,,
ISOTRETINOIN,1,Most,1,Most,1,Most,1,,1,Most,1,Most,0,,0,,CC1=C(/C=C/C(C)=C/C=C/C(C)=C\C(=O)O)C(C)(C)CCC1,cc1=c(/c=c/c(c)=c/c=c/c(c)=c\c(=o)o)c(c)(c)ccc1,CC1=C(/C=C/C(C)=C/C=C/C(C)=C\C(=O)O)C(C)(C)CCC1,Original,,,,,,,,
ISRADIPINE,1,,1,,1,,0,,0,,0,,0,,0,,COC(=O)C1=C(C)NC(C)=C(C(=O)OC(C)C)C1c1cccc2nonc12,coc(=o)c1=c(c)nc(c)=c(c(=o)oc(c)c)c1c1cccc2nonc12,COC(=O)C1=C(C)NC(C)=C(C(=O)OC(C)C)C1c1cccc2nonc12,Original,,,,,,,,
ISTRADEFYLLINE,0,,1,,0,,1,Most,1,,0,,0,,0,,CCn1c(=O)c2c(nc(/C=C/c3ccc(OC)c(OC)c3)n2C)n(CC)c1=O,ccn1c(=o)c2c(nc(/c=c/c3ccc(oc)c(oc)c3)n2c)n(cc)c1=o,CCn1c(=O)c2c(nc(/C=C/c3ccc(OC)c(OC)c3)n2C)n(CC)c1=O,Original,,,,,,,,
ITRACONAZOLE,1,Most,1,Most,1,,0,,1,Most,1,Most,1,Most,0,,CCC(C)n1ncn(-c2ccc(N3CCN(c4ccc(OCC5COC(Cn6cncn6)(c6ccc(Cl)cc6Cl)O5)cc4)CC3)cc2)c1=O,ccc(c)n1ncn(-c2ccc(n3ccn(c4ccc(occ5coc(cn6cncn6)(c6ccc(cl)cc6cl)o5)cc4)cc3)cc2)c1=o,CCC(C)n1ncn(-c2ccc(N3CCN(c4ccc(OCC5COC(Cn6cncn6)(c6ccc(Cl)cc6Cl)O5)cc4)CC3)cc2)c1=O,Original,,,,,,,,
IVABRADINE,1,Most,1,Most,1,,0,,1,,0,,0,,0,,COc1cc2c(cc1OC)CC(=O)N(CCCN(C)C[C@H]1Cc3cc(OC)c(OC)cc31)CC2,coc1cc2c(cc1oc)cc(=o)n(cccn(c)c[c@h]1cc3cc(oc)c(oc)cc31)cc2,COc1cc2c(cc1OC)CC(=O)N(CCCN(C)C[C@H]1Cc3cc(OC)c(OC)cc31)CC2,Original,,,,,,,,
IVACAFTOR,0,,1,Most,0,,1,,1,Most,0,,0,,0,,CC(C)(C)c1cc(C(C)(C)C)c(NC(=O)c2c[nH]c3ccccc3c2=O)cc1O,cc(c)(c)c1cc(c(c)(c)c)c(nc(=o)c2c[nh]c3ccccc3c2=o)cc1o,CC(C)(C)c1cc(C(C)(C)C)c(NC(=O)c2c[nH]c3ccccc3c2=O)cc1O,Original,,,,,,,,
IVERMECTIN,0,,1,Most,1,,0,,1,,0,,0,,0,,CCC(C)C1OC2(CCC1C)CC1CC(CC=C(C)C(OC3CC(OC)C(OC4CC(OC)C(O)C(C)O4)C(C)O3)C(C)C=CC=C3COC4C(O)C(C)=CC(C(=O)O1)C34O)O2,ccc(c)c1oc2(ccc1c)cc1cc(cc=c(c)c(oc3cc(oc)c(oc4cc(oc)c(o)c(c)o4)c(c)o3)c(c)c=cc=c3coc4c(o)c(c)=cc(c(=o)o1)c34o)o2,CCC(C)C1OC2(CCC1C)CC1CC(CC=C(C)C(OC3CC(OC)C(OC4CC(OC)C(O)C(C)O4)C(C)O3)C(C)C=CC=C3COC4C(O)C(C)=CC(C(=O)O1)C34O)O2,Original,,,,,,,,
IVOSIDENIB,1,Most,1,Most,1,Most,1,Most,1,Most,0,,1,Most,1,Most,N#Cc1ccnc(N2C(=O)CC[C@H]2C(=O)N(c2cncc(F)c2)[C@H](C(=O)NC2CC(F)(F)C2)c2ccccc2Cl)c1,n#cc1ccnc(n2c(=o)cc[c@h]2c(=o)n(c2cncc(f)c2)[c@h](c(=o)nc2cc(f)(f)c2)c2ccccc2cl)c1,N#Cc1ccnc(N2C(=O)CC[C@H]2C(=O)N(c2cncc(F)c2)[C@H](C(=O)NC2CC(F)(F)C2)c2ccccc2Cl)c1,Original,,,,,,,,
IXABEPILONE,1,Most,1,Most,1,Most,1,Most,1,Most,0,,1,Most,0,,C/C(=C\c1csc(C)n1)[C@@H]1C[C@@H]2O[C@]2(C)CCC[C@H](C)[C@H](O)[C@@H](C)C(=O)C(C)(C)[C@@H](O)CC(=O)N1,c/c(=c\c1csc(c)n1)[c@@h]1c[c@@h]2o[c@]2(c)ccc[c@h](c)[c@h](o)[c@@h](c)c(=o)c(c)(c)[c@@h](o)cc(=o)n1,C/C(=C\c1csc(C)n1)[C@@H]1C[C@@H]2O[C@]2(C)CCC[C@H](C)[C@H](O)[C@@H](C)C(=O)C(C)(C)[C@@H](O)CC(=O)N1,Original,,,,,,,,
IXAZOMIB,0,,1,Most,1,Most,0,,1,,0,,0,,1,Most,CC(C)C[C@H](NC(=O)CNC(=O)c1cc(Cl)ccc1Cl)B(O)O,cc(c)c[c@h](nc(=o)cnc(=o)c1cc(cl)ccc1cl)b(o)o,CC(C)C[C@H](NC(=O)CNC(=O)c1cc(Cl)ccc1Cl)B(O)O,Original,,,,,,,,
KETAMINE HYDROCHLORIDE,1,Most,1,,0,,0,,1,Most,0,,1,Most,1,Most,CNC1(c2ccccc2Cl)CCCCC1=O,cnc1(c2ccccc2cl)ccccc1=o,CNC1(c2ccccc2Cl)CCCCC1=O,Original,,,,,,,,
KETOCONAZOLE,1,Most,1,Most,1,Most,1,Most,1,Most,0,,0,,0,,CC(=O)N1CCN(c2ccc(OCC3COC(Cn4ccnc4)(c4ccc(Cl)cc4Cl)O3)cc2)CC1,cc(=o)n1ccn(c2ccc(occ3coc(cn4ccnc4)(c4ccc(cl)cc4cl)o3)cc2)cc1,CC(=O)N1CCN(c2ccc(OCC3COC(Cn4ccnc4)(c4ccc(Cl)cc4Cl)O3)cc2)CC1,Original,,,,,,,,
KETOPROFEN,1,Most,1,Most,1,Most,1,Most,1,Most,1,,1,,1,Most,CC(C(=O)O)c1cccc(C(=O)c2ccccc2)c1,cc(c(=o)o)c1cccc(c(=o)c2ccccc2)c1,CC(C(=O)O)c1cccc(C(=O)c2ccccc2)c1,Original,,,,,,,,
KETOROLAC TROMETHAMINE,0,,0,,1,Most,0,,0,,0,,1,,0,,NC(CO)(CO)CO.O=C(c1ccccc1)c1ccc2n1CCC2C(=O)O,nc(co)(co)co.o=c(c1ccccc1)c1ccc2n1ccc2c(=o)o,NC(CO)(CO)CO.O=C(c1ccccc1)c1ccc2n1CCC2C(=O)O,Original,,,,,,,,
KIT FOR THE PREPARATION OF GALLIUM GA 68 GOZETOTIDE INJECTION,0,,0,,0,,0,,0,,0,,0,,0,,O=C(O)CCc1ccc(O)c(CN(CCN(CC(=O)O)Cc2cc(CCC(=O)NCCCCCC(=O)NCCCCC(NC(=O)NC(CCC(=O)O)C(=O)O)C(=O)O)ccc2O)CC(=O)O)c1,o=c(o)ccc1ccc(o)c(cn(ccn(cc(=o)o)cc2cc(ccc(=o)ncccccc(=o)nccccc(nc(=o)nc(ccc(=o)o)c(=o)o)c(=o)o)ccc2o)cc(=o)o)c1,O=C(O)CCc1ccc(O)c(CN(CCN(CC(=O)O)Cc2cc(CCC(=O)NCCCCCC(=O)NCCCCC(NC(=O)NC(CCC(=O)O)C(=O)O)C(=O)O)ccc2O)CC(=O)O)c1,Original,,,,,,,,
KIT FOR THE PREPARATION OF TECHNETIUM TC 99M EXAMETAZIME FOR LEUKOCYTE LABELING,0,,1,Most,0,,0,,0,,0,,0,,0,,CC(=NO)C(C)NCC(C)(C)CNC(C)C(C)=NO.[Tc+5],cc(=no)c(c)ncc(c)(c)cnc(c)c(c)=no.[tc+5],CC(=NO)C(C)NCC(C)(C)CNC(C)C(C)=NO.[Tc+5],Original,,,,,,,,
LABETALOL HYDROCHLORIDE,1,Most,1,,0,,1,,1,Most,0,,1,Most,0,,CC(CCc1ccccc1)NCC(O)c1ccc(O)c(C(N)=O)c1,cc(ccc1ccccc1)ncc(o)c1ccc(o)c(c(n)=o)c1,CC(CCc1ccccc1)NCC(O)c1ccc(O)c(C(N)=O)c1,Original,,,,,,,,
LACOSAMIDE,1,Most,1,Most,1,Most,0,,1,Most,0,,0,,1,,COC[C@@H](NC(C)=O)C(=O)NCc1ccccc1,coc[c@@h](nc(c)=o)c(=o)ncc1ccccc1,COC[C@@H](NC(C)=O)C(=O)NCc1ccccc1,Original,,,,,,,,
LACTULOSE,0,,0,,0,,0,,0,,0,,0,,0,,OC[C@H]1O[C@@H](O[C@@H]2[C@@H](CO)O[C@](O)(CO)[C@H]2O)[C@H](O)[C@@H](O)[C@H]1O,oc[c@h]1o[c@@h](o[c@@h]2[c@@h](co)o[c@](o)(co)[c@h]2o)[c@h](o)[c@@h](o)[c@h]1o,OC[C@H]1O[C@@H](O[C@@H]2[C@@H](CO)O[C@](O)(CO)[C@H]2O)[C@H](O)[C@@H](O)[C@H]1O,Original,,,,,,,,
LAMIVUDINE,0,,1,,1,,0,,1,Most,0,,0,,0,,Nc1ccn([C@@H]2CS[C@H](CO)O2)c(=O)n1,nc1ccn([c@@h]2cs[c@h](co)o2)c(=o)n1,Nc1ccn([C@@H]2CS[C@H](CO)O2)c(=O)n1,Original,,,,,,,,
LAMOTRIGINE,1,Most,1,Most,1,Most,0,,1,Most,0,,1,,1,Most,Nc1nnc(-c2cccc(Cl)c2Cl)c(N)n1,nc1nnc(-c2cccc(cl)c2cl)c(n)n1,Nc1nnc(-c2cccc(Cl)c2Cl)c(N)n1,Original,,,,,,,,
LANREOTIDE ACETATE,1,Most,1,,1,,1,,1,,0,,0,,0,,CC(C)[C@@H]1NC(=O)[C@H](CCCCN)NC(=O)[C@@H](Cc2c[nH]c3ccccc23)NC(=O)[C@H](Cc2ccc(O)cc2)NC(=O)[C@@H](NC(=O)[C@H](N)Cc2ccc3ccccc3c2)CSSC[C@@H](C(=O)N[C@H](C(N)=O)[C@@H](C)O)NC1=O,cc(c)[c@@h]1nc(=o)[c@h](ccccn)nc(=o)[c@@h](cc2c[nh]c3ccccc23)nc(=o)[c@h](cc2ccc(o)cc2)nc(=o)[c@@h](nc(=o)[c@h](n)cc2ccc3ccccc3c2)cssc[c@@h](c(=o)n[c@h](c(n)=o)[c@@h](c)o)nc1=o,CC(C)[C@@H]1NC(=O)[C@H](CCCCN)NC(=O)[C@@H](Cc2c[nH]c3ccccc23)NC(=O)[C@H](Cc2ccc(O)cc2)NC(=O)[C@@H](NC(=O)[C@H](N)Cc2ccc3ccccc3c2)CSSC[C@@H](C(=O)N[C@H](C(N)=O)[C@@H](C)O)NC1=O,Original,,,,,,,,
LANSOPRAZOLE,1,,1,Most,1,Most,0,,1,Most,0,,0,,1,Most,Cc1c(OCC(F)(F)F)ccnc1C[S+]([O-])c1nc2ccccc2[nH]1,cc1c(occ(f)(f)f)ccnc1c[s+]([o-])c1nc2ccccc2[nh]1,Cc1c(OCC(F)(F)F)ccnc1C[S+]([O-])c1nc2ccccc2[nH]1,Original,,,,,,,,
LANTHANUM CARBONATE,0,,1,,0,,0,,0,,0,,0,,0,,O=C([O-])[O-].O=C([O-])[O-].O=C([O-])[O-].[La+3].[La+3],o=c([o-])[o-].o=c([o-])[o-].o=c([o-])[o-].[la+3].[la+3],O=C([O-])[O-].O=C([O-])[O-].O=C([O-])[O-].[La+3].[La+3],Original,,,,,,,,
LAPATINIB,1,Most,1,Most,1,,0,,1,Most,0,,1,Most,0,,CS(=O)(=O)CCNCc1ccc(-c2ccc3ncnc(Nc4ccc(OCc5cccc(F)c5)c(Cl)c4)c3c2)o1,cs(=o)(=o)ccncc1ccc(-c2ccc3ncnc(nc4ccc(occ5cccc(f)c5)c(cl)c4)c3c2)o1,CS(=O)(=O)CCNCc1ccc(-c2ccc3ncnc(Nc4ccc(OCc5cccc(F)c5)c(Cl)c4)c3c2)o1,Original,,,,,,,,
LAROTRECTINIB,0,,1,,1,Most,1,Most,1,Most,0,,0,,0,,O=C(Nc1cnn2ccc(N3CCC[C@@H]3c3cc(F)ccc3F)nc12)N1CC[C@H](O)C1,o=c(nc1cnn2ccc(n3ccc[c@@h]3c3cc(f)ccc3f)nc12)n1cc[c@h](o)c1,O=C(Nc1cnn2ccc(N3CCC[C@@H]3c3cc(F)ccc3F)nc12)N1CC[C@H](O)C1,Original,,,,,,,,
LASMIDITAN,1,,1,,0,,0,,0,,0,,0,,0,,CN1CCC(C(=O)c2cccc(NC(=O)c3c(F)cc(F)cc3F)n2)CC1,cn1ccc(c(=o)c2cccc(nc(=o)c3c(f)cc(f)cc3f)n2)cc1,CN1CCC(C(=O)c2cccc(NC(=O)c3c(F)cc(F)cc3F)n2)CC1,Original,,,,,,,,
LEMBOREXANT,0,,0,,0,,1,Most,1,,0,,0,,0,,Cc1ncc(OC[C@@]2(c3cccc(F)c3)C[C@H]2C(=O)Nc2ccc(F)cn2)c(C)n1,cc1ncc(oc[c@@]2(c3cccc(f)c3)c[c@h]2c(=o)nc2ccc(f)cn2)c(c)n1,Cc1ncc(OC[C@@]2(c3cccc(F)c3)C[C@H]2C(=O)Nc2ccc(F)cn2)c(C)n1,Original,,,,,,,,
LENALIDOMIDE,1,Most,1,Most,1,Most,0,,1,Most,0,,1,Most,1,Most,Nc1cccc2c1CN(C1CCC(=O)NC1=O)C2=O,nc1cccc2c1cn(c1ccc(=o)nc1=o)c2=o,Nc1cccc2c1CN(C1CCC(=O)NC1=O)C2=O,Original,,,,,,,,
LENVATINIB,1,Most,1,Most,1,Most,1,Most,1,Most,0,,1,Most,1,Most,COc1cc2nccc(Oc3ccc(NC(=O)NC4CC4)c(Cl)c3)c2cc1C(N)=O,coc1cc2nccc(oc3ccc(nc(=o)nc4cc4)c(cl)c3)c2cc1c(n)=o,COc1cc2nccc(Oc3ccc(NC(=O)NC4CC4)c(Cl)c3)c2cc1C(N)=O,Original,,,,,,,,
LETERMOVIR,1,Most,0,,1,,1,,0,,0,,0,,0,,COc1cccc(N2CCN(C3=Nc4c(F)cccc4[C@H](CC(=O)O)N3c3cc(C(F)(F)F)ccc3OC)CC2)c1,coc1cccc(n2ccn(c3=nc4c(f)cccc4[c@h](cc(=o)o)n3c3cc(c(f)(f)f)ccc3oc)cc2)c1,COc1cccc(N2CCN(C3=Nc4c(F)cccc4[C@H](CC(=O)O)N3c3cc(C(F)(F)F)ccc3OC)CC2)c1,Original,,,,,,,,
LETROZOLE,1,Most,1,Most,0,,1,Most,1,Most,0,,0,,0,,N#Cc1ccc(C(c2ccc(C#N)cc2)n2cncn2)cc1,n#cc1ccc(c(c2ccc(c#n)cc2)n2cncn2)cc1,N#Cc1ccc(C(c2ccc(C#N)cc2)n2cncn2)cc1,Original,,,,,,,,
LEUCOVORIN CALCIUM,0,,1,,1,,0,,0,,0,,0,,0,,Nc1nc(=O)c2c([nH]1)NCC(CNc1ccc(C(=O)N[C@@H](CCC(=O)O)C(=O)O)cc1)N2C=O,nc1nc(=o)c2c([nh]1)ncc(cnc1ccc(c(=o)n[c@@h](ccc(=o)o)c(=o)o)cc1)n2c=o,Nc1nc(=O)c2c([nH]1)NCC(CNc1ccc(C(=O)N[C@@H](CCC(=O)O)C(=O)O)cc1)N2C=O,Original,,,,,,,,
LEUPROLIDE ACETATE,1,Most,1,Most,1,Most,1,Most,1,Most,0,,1,Most,0,,CCNC(=O)[C@@H]1CCCN1C(=O)[C@H](CCCNC(=N)N)NC(=O)[C@H](CC(C)C)NC(=O)[C@@H](CC(C)C)NC(=O)[C@H](Cc1ccc(O)cc1)NC(=O)[C@H](CO)NC(=O)[C@H](Cc1c[nH]c2ccccc12)NC(=O)[C@H](Cc1c[nH]cn1)NC(=O)[C@@H]1CCC(=O)N1,ccnc(=o)[c@@h]1cccn1c(=o)[c@h](cccnc(=n)n)nc(=o)[c@h](cc(c)c)nc(=o)[c@@h](cc(c)c)nc(=o)[c@h](cc1ccc(o)cc1)nc(=o)[c@h](co)nc(=o)[c@h](cc1c[nh]c2ccccc12)nc(=o)[c@h](cc1c[nh]cn1)nc(=o)[c@@h]1ccc(=o)n1,CCNC(=O)[C@@H]1CCCN1C(=O)[C@H](CCCNC(=N)N)NC(=O)[C@H](CC(C)C)NC(=O)[C@@H](CC(C)C)NC(=O)[C@H](Cc1ccc(O)cc1)NC(=O)[C@H](CO)NC(=O)[C@H](Cc1c[nH]c2ccccc12)NC(=O)[C@H](Cc1c[nH]cn1)NC(=O)[C@@H]1CCC(=O)N1,Original,,,,,,,,
LEVAMLODIPINE,1,Most,1,,0,,0,,1,,0,,0,,0,,CCOC(=O)C1=C(COCCN)NC(C)=C(C(=O)OC)[C@@H]1c1ccccc1Cl,ccoc(=o)c1=c(coccn)nc(c)=c(c(=o)oc)[c@@h]1c1ccccc1cl,CCOC(=O)C1=C(COCCN)NC(C)=C(C(=O)OC)[C@@H]1c1ccccc1Cl,Original,,,,,,,,
LEVETIRACETAM,0,,1,Most,1,Most,0,,0,,0,,0,,1,,CC[C@@H](C(N)=O)N1CCCC1=O,cc[c@@h](c(n)=o)n1cccc1=o,CC[C@@H](C(N)=O)N1CCCC1=O,Original,,,,,,,,
LEVOCARNITINE,0,,1,Most,0,,0,,0,,0,,0,,0,,C[N+](C)(C)C[C@H](O)CC(=O)[O-],c[n+](c)(c)c[c@h](o)cc(=o)[o-],C[N+](C)(C)C[C@H](O)CC(=O)[O-],Original,,,,,,,,
LEVOCETIRIZINE DIHYDROCHLORIDE,0,,1,Most,0,,0,,0,,0,,0,,1,Most,O=C(O)COCCN1CCN([C@H](c2ccccc2)c2ccc(Cl)cc2)CC1,o=c(o)coccn1ccn([c@h](c2ccccc2)c2ccc(cl)cc2)cc1,O=C(O)COCCN1CCN([C@H](c2ccccc2)c2ccc(Cl)cc2)CC1,Original,,,,,,,,
LEVOFLOXACIN,1,Most,1,Most,1,Most,0,,1,Most,0,,1,Most,1,Most,C[C@H]1COc2c(N3CCN(C)CC3)c(F)cc3c(=O)c(C(=O)O)cn1c23.C[C@H]1COc2c(N3CCN(C)CC3)c(F)cc3c(=O)c(C(=O)O)cn1c23,c[c@h]1coc2c(n3ccn(c)cc3)c(f)cc3c(=o)c(c(=o)o)cn1c23.c[c@h]1coc2c(n3ccn(c)cc3)c(f)cc3c(=o)c(c(=o)o)cn1c23,C[C@H]1COc2c(N3CCN(C)CC3)c(F)cc3c(=O)c(C(=O)O)cn1c23.C[C@H]1COc2c(N3CCN(C)CC3)c(F)cc3c(=O)c(C(=O)O)cn1c23,Original,,,,,,,,
LEVOKETOCONAZOLE,1,Most,1,Most,1,,1,Most,1,Most,0,,0,,0,,CC(=O)N1CCN(c2ccc(OC[C@@H]3CO[C@@](Cn4ccnc4)(c4ccc(Cl)cc4Cl)O3)cc2)CC1,cc(=o)n1ccn(c2ccc(oc[c@@h]3co[c@@](cn4ccnc4)(c4ccc(cl)cc4cl)o3)cc2)cc1,CC(=O)N1CCN(c2ccc(OC[C@@H]3CO[C@@](Cn4ccnc4)(c4ccc(Cl)cc4Cl)O3)cc2)CC1,Original,,,,,,,,
LEVOLEUCOVORIN,0,,1,,0,,0,,0,,0,,0,,0,,Nc1nc(=O)c2c([nH]1)NC[C@H](CNc1ccc(C(=O)N[C@@H](CCC(=O)O)C(=O)O)cc1)N2C=O,nc1nc(=o)c2c([nh]1)nc[c@h](cnc1ccc(c(=o)n[c@@h](ccc(=o)o)c(=o)o)cc1)n2c=o,Nc1nc(=O)c2c([nH]1)NC[C@H](CNc1ccc(C(=O)N[C@@H](CCC(=O)O)C(=O)O)cc1)N2C=O,Original,,,,,,,,
LEVONORGESTREL,0,,1,Most,0,,1,Most,0,,0,,0,,0,,C#C[C@]1(O)CC[C@H]2[C@@H]3CCC4=CC(=O)CC[C@@H]4[C@H]3CC[C@@]21CC,c#c[c@]1(o)cc[c@h]2[c@@h]3ccc4=cc(=o)cc[c@@h]4[c@h]3cc[c@@]21cc,C#C[C@]1(O)CC[C@H]2[C@@H]3CCC4=CC(=O)CC[C@@H]4[C@H]3CC[C@@]21CC,Original,,,,,,,,
LEVORPHANOL TARTRATE,1,Most,1,Most,0,,1,Most,0,,0,,1,Most,0,,CN1CC[C@]23CCCC[C@H]2[C@H]1Cc1ccc(O)cc13.O=C(O)C(O)C(O)C(=O)O,cn1cc[c@]23cccc[c@h]2[c@h]1cc1ccc(o)cc13.o=c(o)c(o)c(o)c(=o)o,CN1CC[C@]23CCCC[C@H]2[C@H]1Cc1ccc(O)cc13.O=C(O)C(O)C(O)C(=O)O,Original,,,,,,,,
LEVOTHYROXINE SODIUM,1,Most,1,,0,,1,,0,,0,,0,,0,,N[C@@H](Cc1cc(I)c(Oc2cc(I)c(O)c(I)c2)c(I)c1)C(=O)O,n[c@@h](cc1cc(i)c(oc2cc(i)c(o)c(i)c2)c(i)c1)c(=o)o,N[C@@H](Cc1cc(I)c(Oc2cc(I)c(O)c(I)c2)c(I)c1)C(=O)O,Original,,,,,,,,
LEVOTHYROXINE SODIUM ANHYDROUS,1,Most,0,,0,,0,,0,,0,,0,,0,,NC(Cc1cc(I)c(Oc2cc(I)c(O)c(I)c2)c(I)c1)C(=O)O,nc(cc1cc(i)c(oc2cc(i)c(o)c(i)c2)c(i)c1)c(=o)o,NC(Cc1cc(I)c(Oc2cc(I)c(O)c(I)c2)c(I)c1)C(=O)O,Original,,,,,,,,
LEXISCAN(R) (REGADENOSON),1,Most,1,Most,0,,0,,0,,0,,1,Most,0,,CNC(=O)c1cnn(-c2nc(N)c3ncn(C4OC(CO)C(O)C4O)c3n2)c1,cnc(=o)c1cnn(-c2nc(n)c3ncn(c4oc(co)c(o)c4o)c3n2)c1,CNC(=O)c1cnn(-c2nc(N)c3ncn(C4OC(CO)C(O)C4O)c3n2)c1,Original,,,,,,,,
LINACLOTIDE,0,,1,,0,,0,,0,,0,,0,,0,,C[C@@H]1NC(=O)[C@@H]2CCCN2C(=O)[C@H](CC(N)=O)NC(=O)[C@@H]2CSSC[C@H](N)C(=O)N[C@H]3CSSC[C@H](NC1=O)C(=O)N[C@@H]([C@@H](C)O)C(=O)NCC(=O)N[C@H](C(=O)N[C@@H](Cc1ccc(O)cc1)C(=O)O)CSSC[C@H](NC(=O)[C@H](Cc1ccc(O)cc1)NC(=O)[C@H](CCC(=O)O)NC3=O)C(=O)N2,c[c@@h]1nc(=o)[c@@h]2cccn2c(=o)[c@h](cc(n)=o)nc(=o)[c@@h]2cssc[c@h](n)c(=o)n[c@h]3cssc[c@h](nc1=o)c(=o)n[c@@h]([c@@h](c)o)c(=o)ncc(=o)n[c@h](c(=o)n[c@@h](cc1ccc(o)cc1)c(=o)o)cssc[c@h](nc(=o)[c@h](cc1ccc(o)cc1)nc(=o)[c@h](ccc(=o)o)nc3=o)c(=o)n2,C[C@@H]1NC(=O)[C@@H]2CCCN2C(=O)[C@H](CC(N)=O)NC(=O)[C@@H]2CSSC[C@H](N)C(=O)N[C@H]3CSSC[C@H](NC1=O)C(=O)N[C@@H]([C@@H](C)O)C(=O)NCC(=O)N[C@H](C(=O)N[C@@H](Cc1ccc(O)cc1)C(=O)O)CSSC[C@H](NC(=O)[C@H](Cc1ccc(O)cc1)NC(=O)[C@H](CCC(=O)O)NC3=O)C(=O)N2,Original,,,,,,,,
LINAGLIPTIN,0,,1,Most,0,,0,,0,,0,,0,,0,,CC#CCn1c(N2CCC[C@@H](N)C2)nc2c1c(=O)n(Cc1nc(C)c3ccccc3n1)c(=O)n2C,cc#ccn1c(n2ccc[c@@h](n)c2)nc2c1c(=o)n(cc1nc(c)c3ccccc3n1)c(=o)n2c,CC#CCn1c(N2CCC[C@@H](N)C2)nc2c1c(=O)n(Cc1nc(C)c3ccccc3n1)c(=O)n2C,Original,,,,,,,,
LINCOMYCIN HYDROCHLORIDE,1,Most,1,Most,1,Most,0,,1,Most,1,,1,Most,1,Most,CCC[C@@H]1C[C@@H](C(=O)N[C@@H]([C@H]2O[C@H](SC)[C@H](O)[C@@H](O)[C@H]2O)[C@@H](C)O)N(C)C1,ccc[c@@h]1c[c@@h](c(=o)n[c@@h]([c@h]2o[c@h](sc)[c@h](o)[c@@h](o)[c@h]2o)[c@@h](c)o)n(c)c1,CCC[C@@H]1C[C@@H](C(=O)N[C@@H]([C@H]2O[C@H](SC)[C@H](O)[C@@H](O)[C@H]2O)[C@@H](C)O)N(C)C1,Original,,,,,,,,
LINEZOLID,0,,1,Most,1,Most,1,,1,,0,,0,,0,,CC(=O)NC[C@H]1CN(c2ccc(N3CCOCC3)c(F)c2)C(=O)O1,cc(=o)nc[c@h]1cn(c2ccc(n3ccocc3)c(f)c2)c(=o)o1,CC(=O)NC[C@H]1CN(c2ccc(N3CCOCC3)c(F)c2)C(=O)O1,Original,,,,,,,,
LIOTHYRONINE SODIUM,1,Most,1,,0,,1,Most,0,,0,,0,,0,,N[C@@H](Cc1cc(I)c(Oc2ccc(O)c(I)c2)c(I)c1)C(=O)O,n[c@@h](cc1cc(i)c(oc2ccc(o)c(i)c2)c(i)c1)c(=o)o,N[C@@H](Cc1cc(I)c(Oc2ccc(O)c(I)c2)c(I)c1)C(=O)O,Original,,,,,,,,
LIRAGLUTIDE,0,,1,Most,0,,1,,1,,0,,0,,1,Most,CCCCCCCCCCCCCCCC(=O)N[C@@H](CCC(=O)NCCCC[C@H](NC(=O)[C@H](C)NC(=O)[C@H](C)NC(=O)[C@H](CCC(N)=O)NC(=O)CNC(=O)[C@H](CCC(=O)O)NC(=O)[C@H](CC(C)C)NC(=O)[C@H](Cc1ccc(O)cc1)NC(=O)[C@H](CO)NC(=O)[C@H](CO)NC(=O)[C@@H](NC(=O)[C@H](CC(=O)O)NC(=O)[C@H](CO)NC(=O)[C@@H](NC(=O)[C@H](Cc1ccccc1)NC(=O)[C@@H](NC(=O)CNC(=O)[C@H](CCC(=O)O)NC(=O)[C@H](C)NC(=O)[C@@H](N)Cc1cnc[nH]1)[C@@H](C)O)[C@@H](C)O)C(C)C)C(=O)N[C@@H](CCC(=O)O)C(=O)N[C@@H](Cc1ccccc1)C(=O)N[C@H](C(=O)N[C@@H](C)C(=O)N[C@@H](Cc1c[nH]c2ccccc12)C(=O)N[C@@H](CC(C)C)C(=O)N[C@H](C(=O)N[C@@H](CCCNC(=N)N)C(=O)NCC(=O)N[C@@H](CCCNC(=N)N)C(=O)NCC(=O)O)C(C)C)[C@@H](C)CC)C(=O)O,cccccccccccccccc(=o)n[c@@h](ccc(=o)ncccc[c@h](nc(=o)[c@h](c)nc(=o)[c@h](c)nc(=o)[c@h](ccc(n)=o)nc(=o)cnc(=o)[c@h](ccc(=o)o)nc(=o)[c@h](cc(c)c)nc(=o)[c@h](cc1ccc(o)cc1)nc(=o)[c@h](co)nc(=o)[c@h](co)nc(=o)[c@@h](nc(=o)[c@h](cc(=o)o)nc(=o)[c@h](co)nc(=o)[c@@h](nc(=o)[c@h](cc1ccccc1)nc(=o)[c@@h](nc(=o)cnc(=o)[c@h](ccc(=o)o)nc(=o)[c@h](c)nc(=o)[c@@h](n)cc1cnc[nh]1)[c@@h](c)o)[c@@h](c)o)c(c)c)c(=o)n[c@@h](ccc(=o)o)c(=o)n[c@@h](cc1ccccc1)c(=o)n[c@h](c(=o)n[c@@h](c)c(=o)n[c@@h](cc1c[nh]c2ccccc12)c(=o)n[c@@h](cc(c)c)c(=o)n[c@h](c(=o)n[c@@h](cccnc(=n)n)c(=o)ncc(=o)n[c@@h](cccnc(=n)n)c(=o)ncc(=o)o)c(c)c)[c@@h](c)cc)c(=o)o,CCCCCCCCCCCCCCCC(=O)N[C@@H](CCC(=O)NCCCC[C@H](NC(=O)[C@H](C)NC(=O)[C@H](C)NC(=O)[C@H](CCC(N)=O)NC(=O)CNC(=O)[C@H](CCC(=O)O)NC(=O)[C@H](CC(C)C)NC(=O)[C@H](Cc1ccc(O)cc1)NC(=O)[C@H](CO)NC(=O)[C@H](CO)NC(=O)[C@@H](NC(=O)[C@H](CC(=O)O)NC(=O)[C@H](CO)NC(=O)[C@@H](NC(=O)[C@H](Cc1ccccc1)NC(=O)[C@@H](NC(=O)CNC(=O)[C@H](CCC(=O)O)NC(=O)[C@H](C)NC(=O)[C@@H](N)Cc1cnc[nH]1)[C@@H](C)O)[C@@H](C)O)C(C)C)C(=O)N[C@@H](CCC(=O)O)C(=O)N[C@@H](Cc1ccccc1)C(=O)N[C@H](C(=O)N[C@@H](C)C(=O)N[C@@H](Cc1c[nH]c2ccccc12)C(=O)N[C@@H](CC(C)C)C(=O)N[C@H](C(=O)N[C@@H](CCCNC(=N)N)C(=O)NCC(=O)N[C@@H](CCCNC(=N)N)C(=O)NCC(=O)O)C(C)C)[C@@H](C)CC)C(=O)O,Original,,,,,,,,
LISDEXAMFETAMINE DIMESYLATE,1,Most,1,Most,0,,0,,0,,0,,0,,0,,C[C@@H](Cc1ccccc1)NC(=O)[C@@H](N)CCCCN,c[c@@h](cc1ccccc1)nc(=o)[c@@h](n)ccccn,C[C@@H](Cc1ccccc1)NC(=O)[C@@H](N)CCCCN,Original,,,,,,,,
LISINOPRIL,1,Most,1,Most,1,Most,0,,1,Most,0,,0,,1,Most,NCCCC[C@H](N[C@@H](CCc1ccccc1)C(=O)O)C(=O)N1CCC[C@H]1C(=O)O,ncccc[c@h](n[c@@h](ccc1ccccc1)c(=o)o)c(=o)n1ccc[c@h]1c(=o)o,NCCCC[C@H](N[C@@H](CCc1ccccc1)C(=O)O)C(=O)N1CCC[C@H]1C(=O)O,Original,,,,,,,,
LITHIUM,1,Most,1,Most,0,,1,Most,0,,1,Most,1,,1,Most,[Li],[li],[Li],Original,,,,,,,,
LOFEXIDINE HYDROCHLORIDE,1,Most,0,,0,,1,Most,0,,1,,0,,0,,CC(Oc1c(Cl)cccc1Cl)C1=NCCN1,cc(oc1c(cl)cccc1cl)c1=nccn1,CC(Oc1c(Cl)cccc1Cl)C1=NCCN1,Original,,,,,,,,
LOMITAPIDE MESYLATE,0,,1,,0,,0,,1,Most,0,,0,,0,,O=C(NC1CCN(CCCCC2(C(=O)NCC(F)(F)F)c3ccccc3-c3ccccc32)CC1)c1ccccc1-c1ccc(C(F)(F)F)cc1,o=c(nc1ccn(ccccc2(c(=o)ncc(f)(f)f)c3ccccc3-c3ccccc32)cc1)c1ccccc1-c1ccc(c(f)(f)f)cc1,O=C(NC1CCN(CCCCC2(C(=O)NCC(F)(F)F)c3ccccc3-c3ccccc32)CC1)c1ccccc1-c1ccc(C(F)(F)F)cc1,Original,,,,,,,,
LOMUSTINE,0,,1,,1,Most,1,Most,1,Most,0,,1,Most,1,Most,O=NN(CCCl)C(=O)NC1CCCCC1,o=nn(cccl)c(=o)nc1ccccc1,O=NN(CCCl)C(=O)NC1CCCCC1,Original,,,,,,,,
LONAFARNIB,1,Most,1,,1,Most,1,Most,1,,0,,0,,1,Most,NC(=O)N1CCC(CC(=O)N2CCC([C@H]3c4ncc(Br)cc4CCc4cc(Cl)cc(Br)c43)CC2)CC1,nc(=o)n1ccc(cc(=o)n2ccc([c@h]3c4ncc(br)cc4ccc4cc(cl)cc(br)c43)cc2)cc1,NC(=O)N1CCC(CC(=O)N2CCC([C@H]3c4ncc(Br)cc4CCc4cc(Cl)cc(Br)c43)CC2)CC1,Original,,,,,,,,
LOPERAMIDE HYDROCHLORIDE,1,Most,1,Most,0,,1,,0,,0,,0,,0,,CN(C)C(=O)C(CCN1CCC(O)(c2ccc(Cl)cc2)CC1)(c1ccccc1)c1ccccc1,cn(c)c(=o)c(ccn1ccc(o)(c2ccc(cl)cc2)cc1)(c1ccccc1)c1ccccc1,CN(C)C(=O)C(CCN1CCC(O)(c2ccc(Cl)cc2)CC1)(c1ccccc1)c1ccccc1,Original,,,,,,,,
LORATADINE,0,,1,,0,,0,,0,,0,,0,,0,,CCOC(=O)N1CCC(=C2c3ccc(Cl)cc3CCc3cccnc32)CC1,ccoc(=o)n1ccc(=c2c3ccc(cl)cc3ccc3cccnc32)cc1,CCOC(=O)N1CCC(=C2c3ccc(Cl)cc3CCc3cccnc32)CC1,Original,,,,,,,,
LORAZEPAM,1,,1,,1,,0,,0,,0,,1,Most,1,Most,O=C1Nc2ccc(Cl)cc2C(c2ccccc2Cl)=NC1O,o=c1nc2ccc(cl)cc2c(c2ccccc2cl)=nc1o,O=C1Nc2ccc(Cl)cc2C(c2ccccc2Cl)=NC1O,Original,,,,,,,,
LORLATINIB,1,Most,1,Most,1,Most,1,,1,Most,0,,1,Most,0,,C[C@H]1Oc2cc(cnc2N)-c2c(nn(C)c2C#N)CN(C)C(=O)c2ccc(F)cc21,c[c@h]1oc2cc(cnc2n)-c2c(nn(c)c2c#n)cn(c)c(=o)c2ccc(f)cc21,C[C@H]1Oc2cc(cnc2N)-c2c(nn(C)c2C#N)CN(C)C(=O)c2ccc(F)cc21,Original,,,,,,,,
LOSARTAN POTASSIUM,1,,1,Most,1,,1,,1,,0,,0,,1,,CCCCc1nc(Cl)c(CO)n1Cc1ccc(-c2ccccc2-c2nnn[nH]2)cc1,ccccc1nc(cl)c(co)n1cc1ccc(-c2ccccc2-c2nnn[nh]2)cc1,CCCCc1nc(Cl)c(CO)n1Cc1ccc(-c2ccccc2-c2nnn[nH]2)cc1,Original,,,,,,,,
LOVASTATIN,0,,1,Most,1,Most,1,,1,Most,0,,1,,1,Most,CC[C@H](C)C(=O)O[C@H]1C[C@@H](C)C=C2C=C[C@H](C)[C@H](CC[C@@H]3C[C@@H](O)CC(=O)O3)[C@H]21,cc[c@h](c)c(=o)o[c@h]1c[c@@h](c)c=c2c=c[c@h](c)[c@h](cc[c@@h]3c[c@@h](o)cc(=o)o3)[c@h]21,CC[C@H](C)C(=O)O[C@H]1C[C@@H](C)C=C2C=C[C@H](C)[C@H](CC[C@@H]3C[C@@H](O)CC(=O)O3)[C@H]21,Original,,,,,,,,
LOXAPINE,1,Most,1,Most,0,,1,Most,0,,0,,1,Most,0,,CN1CCN(C2=Nc3ccccc3Oc3ccc(Cl)cc32)CC1,cn1ccn(c2=nc3ccccc3oc3ccc(cl)cc32)cc1,CN1CCN(C2=Nc3ccccc3Oc3ccc(Cl)cc32)CC1,Original,,,,,,,,
LUBIPROSTONE,1,Most,1,,0,,0,,1,Most,0,,0,,0,,CCCCC(F)(F)[C@@]1(O)CC[C@H]2[C@@H](CC(=O)[C@@H]2CCCCCCC(=O)O)O1,ccccc(f)(f)[c@@]1(o)cc[c@h]2[c@@h](cc(=o)[c@@h]2ccccccc(=o)o)o1,CCCCC(F)(F)[C@@]1(O)CC[C@H]2[C@@H](CC(=O)[C@@H]2CCCCCCC(=O)O)O1,Original,,,,,,,,
LUMASIRAN,0,,1,Most,0,,0,,0,,0,,0,,0,,Not found,not found,,NotFound,LUMASIRAN,LUMASIRAN,,,not_found | variants_tried=1,,,
LUMATEPERONE,1,Most,1,,1,Most,1,Most,1,,0,,0,,0,,CN1CCN2c3c(cccc31)[C@@H]1CN(CCCC(=O)c3ccc(F)cc3)CC[C@@H]12,cn1ccn2c3c(cccc31)[c@@h]1cn(cccc(=o)c3ccc(f)cc3)cc[c@@h]12,CN1CCN2c3c(cccc31)[C@@H]1CN(CCCC(=O)c3ccc(F)cc3)CC[C@@H]12,Original,,,,,,,,
LURASIDONE HYDROCHLORIDE,1,Most,1,,1,Most,1,,0,,0,,0,,1,Most,O=C1[C@@H]2[C@H]3CC[C@H](C3)[C@@H]2C(=O)N1C[C@@H]1CCCC[C@H]1CN1CCN(c2nsc3ccccc23)CC1,o=c1[c@@h]2[c@h]3cc[c@h](c3)[c@@h]2c(=o)n1c[c@@h]1cccc[c@h]1cn1ccn(c2nsc3ccccc23)cc1,O=C1[C@@H]2[C@H]3CC[C@H](C3)[C@@H]2C(=O)N1C[C@@H]1CCCC[C@H]1CN1CCN(c2nsc3ccccc23)CC1,Original,,,,,,,,
LURBINECTEDIN,0,,1,Most,1,Most,0,,1,Most,0,,1,Most,0,,COc1ccc2[nH]c3c(c2c1)CCN[C@]31CS[C@@H]2c3c(OC(C)=O)c(C)c4c(c3[C@H](COC1=O)N1[C@@H]2[C@H]2c3c(cc(C)c(OC)c3O)C[C@@H]([C@@H]1O)N2C)OCO4,coc1ccc2[nh]c3c(c2c1)ccn[c@]31cs[c@@h]2c3c(oc(c)=o)c(c)c4c(c3[c@h](coc1=o)n1[c@@h]2[c@h]2c3c(cc(c)c(oc)c3o)c[c@@h]([c@@h]1o)n2c)oco4,COc1ccc2[nH]c3c(c2c1)CCN[C@]31CS[C@@H]2c3c(OC(C)=O)c(C)c4c(c3[C@H](COC1=O)N1[C@@H]2[C@H]2c3c(cc(C)c(OC)c3O)C[C@@H]([C@@H]1O)N2C)OCO4,Original,,,,,,,,
LUSUTROMBOPAG,0,,0,,1,Most,0,,0,,0,,0,,0,,CCCCCCO[C@@H](C)c1cccc(-c2csc(NC(=O)c3cc(Cl)c(/C=C(\C)C(=O)O)c(Cl)c3)n2)c1OC,cccccco[c@@h](c)c1cccc(-c2csc(nc(=o)c3cc(cl)c(/c=c(\c)c(=o)o)c(cl)c3)n2)c1oc,CCCCCCO[C@@H](C)c1cccc(-c2csc(NC(=O)c3cc(Cl)c(/C=C(\C)C(=O)O)c(Cl)c3)n2)c1OC,Original,,,,,,,,
LUTETIUM LU 177 DOTATATE,1,,1,Most,1,Most,1,Most,1,Most,0,,0,,1,Most,CC(O)C(NC(=O)C1CSSCC(NC(=O)C(Cc2ccccc2)NC(=O)CN2CCN(CC(=O)[O-])CCN(CC(=O)[O-])CCN(CC(=O)[O-])CC2)C(=O)NC(Cc2ccc(O)cc2)C(=O)NC(Cc2c[nH]c3ccccc23)C(=O)NC(CCCCN)C(=O)NC(C(C)O)C(=O)N1)C(=O)O.[Lu+3],cc(o)c(nc(=o)c1csscc(nc(=o)c(cc2ccccc2)nc(=o)cn2ccn(cc(=o)[o-])ccn(cc(=o)[o-])ccn(cc(=o)[o-])cc2)c(=o)nc(cc2ccc(o)cc2)c(=o)nc(cc2c[nh]c3ccccc23)c(=o)nc(ccccn)c(=o)nc(c(c)o)c(=o)n1)c(=o)o.[lu+3],CC(O)C(NC(=O)C1CSSCC(NC(=O)C(Cc2ccccc2)NC(=O)CN2CCN(CC(=O)[O-])CCN(CC(=O)[O-])CCN(CC(=O)[O-])CC2)C(=O)NC(Cc2ccc(O)cc2)C(=O)NC(Cc2c[nH]c3ccccc23)C(=O)NC(CCCCN)C(=O)NC(C(C)O)C(=O)N1)C(=O)O.[Lu+3],Original,,,,,,,,
MACIMORELIN ACETATE,1,Most,0,,0,,0,,0,,0,,0,,0,,CC(C)(N)C(=O)N[C@H](Cc1c[nH]c2ccccc12)C(=O)N[C@H](Cc1c[nH]c2ccccc12)NC=O,cc(c)(n)c(=o)n[c@h](cc1c[nh]c2ccccc12)c(=o)n[c@h](cc1c[nh]c2ccccc12)nc=o,CC(C)(N)C(=O)N[C@H](Cc1c[nH]c2ccccc12)C(=O)N[C@H](Cc1c[nH]c2ccccc12)NC=O,Original,,,,,,,,
MACITENTAN,1,Most,1,,1,Most,1,Most,1,Most,0,,1,Most,0,,CCCNS(=O)(=O)Nc1ncnc(OCCOc2ncc(Br)cn2)c1-c1ccc(Br)cc1,cccns(=o)(=o)nc1ncnc(occoc2ncc(br)cn2)c1-c1ccc(br)cc1,CCCNS(=O)(=O)Nc1ncnc(OCCOc2ncc(Br)cn2)c1-c1ccc(Br)cc1,Original,,,,,,,,
MAGNESIUM SULFATE,1,Most,0,,0,,0,,0,,0,,1,Most,1,Most,O=S(=O)(O)O,o=s(=o)(o)o,O=S(=O)(O)O,Original,,,,,,,,
MANGANESE CHLORIDE,0,,0,,0,,0,,1,Most,0,,0,,1,,[Mn+2],[mn+2],[Mn+2],Original,,,,,,,,
MARALIXIBAT CHLORIDE,0,,0,,1,Most,0,,1,Most,0,,0,,0,,CCCCC1(CCCC)CS(=O)(=O)c2ccc(N(C)C)cc2[C@@H](c2ccc(OCc3ccc(C[N+]45CCN(CC4)CC5)cc3)cc2)[C@H]1O,ccccc1(cccc)cs(=o)(=o)c2ccc(n(c)c)cc2[c@@h](c2ccc(occ3ccc(c[n+]45ccn(cc4)cc5)cc3)cc2)[c@h]1o,CCCCC1(CCCC)CS(=O)(=O)c2ccc(N(C)C)cc2[C@@H](c2ccc(OCc3ccc(C[N+]45CCN(CC4)CC5)cc3)cc2)[C@H]1O,Original,,,,,,,,
MARAVIROC,1,,1,Most,1,Most,0,,1,Most,0,,0,,0,,Cc1nnc(C(C)C)n1[C@H]1C[C@H]2CC[C@@H](C1)N2CC[C@H](NC(=O)C1CCC(F)(F)CC1)c1ccccc1,cc1nnc(c(c)c)n1[c@h]1c[c@h]2cc[c@@h](c1)n2cc[c@h](nc(=o)c1ccc(f)(f)cc1)c1ccccc1,Cc1nnc(C(C)C)n1[C@H]1C[C@H]2CC[C@@H](C1)N2CC[C@H](NC(=O)C1CCC(F)(F)CC1)c1ccccc1,Original,,,,,,,,
MARIBAVIR,0,,0,,1,,0,,0,,0,,0,,0,,CC(C)Nc1nc2cc(Cl)c(Cl)cc2n1[C@H]1O[C@@H](CO)[C@H](O)[C@@H]1O,cc(c)nc1nc2cc(cl)c(cl)cc2n1[c@h]1o[c@@h](co)[c@h](o)[c@@h]1o,CC(C)Nc1nc2cc(Cl)c(Cl)cc2n1[C@H]1O[C@@H](CO)[C@H](O)[C@@H]1O,Original,,,,,,,,
MEBENDAZOLE,0,,1,Most,1,Most,0,,1,Most,0,,0,,1,,COC(=O)Nc1nc2cc(C(=O)c3ccccc3)ccc2[nH]1,coc(=o)nc1nc2cc(c(=o)c3ccccc3)ccc2[nh]1,COC(=O)Nc1nc2cc(C(=O)c3ccccc3)ccc2[nH]1,Original,,,,,,,,
MEBROFENIN,0,,1,,0,,0,,0,,0,,0,,0,,Cc1cc(C)c(NC(=O)CN(CC(=O)O)CC(=O)O)c(C)c1Br,cc1cc(c)c(nc(=o)cn(cc(=o)o)cc(=o)o)c(c)c1br,Cc1cc(C)c(NC(=O)CN(CC(=O)O)CC(=O)O)c(C)c1Br,Original,,,,,,,,
MECAMYLAMINE HYDROCHLORIDE,1,Most,0,,0,,0,,0,,0,,1,Most,1,Most,CNC1(C)C2CCC(C2)C1(C)C,cnc1(c)c2ccc(c2)c1(c)c,CNC1(C)C2CCC(C2)C1(C)C,Original,,,,,,,,
MECLIZINE HYDROCHLORIDE,0,,0,,0,,0,,0,,0,,0,,0,,Cc1cccc(CN2CCN(C(c3ccccc3)c3ccc(Cl)cc3)CC2)c1,cc1cccc(cn2ccn(c(c3ccccc3)c3ccc(cl)cc3)cc2)c1,Cc1cccc(CN2CCN(C(c3ccccc3)c3ccc(Cl)cc3)CC2)c1,Original,,,,,,,,
MECLOFENAMATE SODIUM,1,Most,1,Most,1,Most,0,,1,Most,0,,0,,1,Most,Cc1ccc(Cl)c(Nc2ccccc2C(=O)O)c1Cl,cc1ccc(cl)c(nc2ccccc2c(=o)o)c1cl,Cc1ccc(Cl)c(Nc2ccccc2C(=O)O)c1Cl,Original,,,,,,,,
MEDROXYPROGESTERONE ACETATE,1,Most,1,Most,1,Most,1,Most,1,Most,0,,1,Most,0,,CC(=O)O[C@]1(C(C)=O)CC[C@H]2[C@@H]3C[C@H](C)C4=CC(=O)CC[C@]4(C)[C@H]3CC[C@@]21C,cc(=o)o[c@]1(c(c)=o)cc[c@h]2[c@@h]3c[c@h](c)c4=cc(=o)cc[c@]4(c)[c@h]3cc[c@@]21c,CC(=O)O[C@]1(C(C)=O)CC[C@H]2[C@@H]3C[C@H](C)C4=CC(=O)CC[C@]4(C)[C@H]3CC[C@@]21C,Original,,,,,,,,
MEFENAMIC ACID,1,Most,1,Most,1,Most,1,Most,1,Most,1,,1,,1,Most,Cc1cccc(Nc2ccccc2C(=O)O)c1C,cc1cccc(nc2ccccc2c(=o)o)c1c,Cc1cccc(Nc2ccccc2C(=O)O)c1C,Original,,,,,,,,
MEFLOQUINE HYDROCHLORIDE,1,Most,1,Most,1,Most,1,,1,Most,1,Most,1,,0,,OC(c1cc(C(F)(F)F)nc2c(C(F)(F)F)cccc12)C1CCCCN1,oc(c1cc(c(f)(f)f)nc2c(c(f)(f)f)cccc12)c1ccccn1,OC(c1cc(C(F)(F)F)nc2c(C(F)(F)F)cccc12)C1CCCCN1,Original,,,,,,,,
MEGESTROL ACETATE,1,,1,,1,Most,1,Most,0,,0,,1,Most,0,,CC(=O)O[C@]1(C(C)=O)CC[C@H]2[C@@H]3C=C(C)C4=CC(=O)CC[C@]4(C)[C@H]3CC[C@@]21C,cc(=o)o[c@]1(c(c)=o)cc[c@h]2[c@@h]3c=c(c)c4=cc(=o)cc[c@]4(c)[c@h]3cc[c@@]21c,CC(=O)O[C@]1(C(C)=O)CC[C@H]2[C@@H]3C=C(C)C4=CC(=O)CC[C@]4(C)[C@H]3CC[C@@]21C,Original,,,,,,,,
MELOXICAM,1,Most,1,Most,1,Most,1,Most,1,Most,0,,0,,1,Most,Cc1cnc(NC(=O)C2=C(O)c3ccccc3S(=O)(=O)N2C)s1,cc1cnc(nc(=o)c2=c(o)c3ccccc3s(=o)(=o)n2c)s1,Cc1cnc(NC(=O)C2=C(O)c3ccccc3S(=O)(=O)N2C)s1,Original,,,,,,,,
MELPHALAN HYDROCHLORIDE,1,,1,Most,1,Most,1,Most,1,Most,0,,1,Most,1,Most,N[C@@H](Cc1ccc(N(CCCl)CCCl)cc1)C(=O)O,n[c@@h](cc1ccc(n(cccl)cccl)cc1)c(=o)o,N[C@@H](Cc1ccc(N(CCCl)CCCl)cc1)C(=O)O,Original,,,,,,,,
MEMANTINE HYDROCHLORIDE,0,,1,,1,Most,0,,0,,0,,0,,1,Most,CC12CC3CC(C)(C1)CC(N)(C3)C2,cc12cc3cc(c)(c1)cc(n)(c3)c2,CC12CC3CC(C)(C1)CC(N)(C3)C2,Original,,,,,,,,
MEPERIDINE HYDROCHLORIDE,1,Most,1,Most,0,,1,Most,0,,0,,1,Most,1,Most,CCOC(=O)C1(c2ccccc2)CCN(C)CC1,ccoc(=o)c1(c2ccccc2)ccn(c)cc1,CCOC(=O)C1(c2ccccc2)CCN(C)CC1,Original,,,,,,,,
MEPIVACAINE HYDROCHLORIDE,1,Most,1,Most,1,Most,0,,0,,0,,1,Most,0,,Cc1cccc(C)c1NC(=O)C1CCCCN1C,cc1cccc(c)c1nc(=o)c1ccccn1c,Cc1cccc(C)c1NC(=O)C1CCCCN1C,Original,,,,,,,,
MEPROBAMATE,1,Most,1,Most,1,Most,0,,0,,0,,1,,0,,CCCC(C)(COC(N)=O)COC(N)=O,cccc(c)(coc(n)=o)coc(n)=o,CCCC(C)(COC(N)=O)COC(N)=O,Original,,,,,,,,
MERCAPTOPURINE,0,,1,Most,1,Most,1,Most,1,Most,0,,1,,0,,S=c1[nH]cnc2nc[nH]c12,s=c1[nh]cnc2nc[nh]c12,S=c1[nH]cnc2nc[nH]c12,Original,,,,,,,,
MEROPENEM,0,,1,Most,1,Most,0,,1,Most,0,,0,,0,,C[C@@H](O)[C@H]1C(=O)N2C(C(=O)O)=C(S[C@@H]3CN[C@H](C(=O)N(C)C)C3)[C@H](C)[C@H]12,c[c@@h](o)[c@h]1c(=o)n2c(c(=o)o)=c(s[c@@h]3cn[c@h](c(=o)n(c)c)c3)[c@h](c)[c@h]12,C[C@@H](O)[C@H]1C(=O)N2C(C(=O)O)=C(S[C@@H]3CN[C@H](C(=O)N(C)C)C3)[C@H](C)[C@H]12,Original,,,,,,,,
MESALAMINE,1,Most,1,Most,1,Most,1,,1,Most,0,,1,Most,1,Most,Nc1ccc(O)c(C(=O)O)c1,nc1ccc(o)c(c(=o)o)c1,Nc1ccc(O)c(C(=O)O)c1,Original,,,,,,,,
MESNA,1,,1,Most,1,Most,0,,1,,0,,0,,1,,O=S(=O)(O)CCS,o=s(=o)(o)ccs,O=S(=O)(O)CCS,Original,,,,,,,,
METAXALONE,1,Most,1,,1,Most,0,,1,Most,0,,0,,1,Most,Cc1cc(C)cc(OCC2CNC(=O)O2)c1,cc1cc(c)cc(occ2cnc(=o)o2)c1,Cc1cc(C)cc(OCC2CNC(=O)O2)c1,Original,,,,,,,,
METFORMIN HYDROCHLORIDE,1,,0,,1,Most,0,,1,Most,0,,0,,1,Most,CN(C)C(=N)NC(=N)N,cn(c)c(=n)nc(=n)n,CN(C)C(=N)NC(=N)N,Original,,,,,,,,
METHADONE HYDROCHLORIDE,1,Most,1,Most,1,,1,Most,0,,1,Most,1,Most,0,,CCC(=O)C(CC(C)N(C)C)(c1ccccc1)c1ccccc1,ccc(=o)c(cc(c)n(c)c)(c1ccccc1)c1ccccc1,CCC(=O)C(CC(C)N(C)C)(c1ccccc1)c1ccccc1,Original,,,,,,,,
METHAMPHETAMINE HYDROCHLORIDE,1,Most,1,Most,0,,0,,0,,0,,0,,0,,CN[C@@H](C)Cc1ccccc1,cn[c@@h](c)cc1ccccc1,CN[C@@H](C)Cc1ccccc1,Original,,,,,,,,
METHAZOLAMIDE,0,,1,Most,1,Most,0,,1,Most,1,,1,,1,,CC(=O)/N=c1/sc(S(N)(=O)=O)nn1C,cc(=o)/n=c1/sc(s(n)(=o)=o)nn1c,CC(=O)/N=c1/sc(S(N)(=O)=O)nn1C,Original,,,,,,,,
METHENAMINE HIPPURATE,0,,1,,1,,0,,1,,0,,0,,0,,C1N2CN3CN1CN(C2)C3.O=C(O)CNC(=O)c1ccccc1,c1n2cn3cn1cn(c2)c3.o=c(o)cnc(=o)c1ccccc1,C1N2CN3CN1CN(C2)C3.O=C(O)CNC(=O)c1ccccc1,Original,,,,,,,,
METHIMAZOLE,0,,1,Most,1,Most,0,,1,,0,,1,Most,1,,Cn1ccnc1S,cn1ccnc1s,Cn1ccnc1S,Original,,,,,,,,
METHOCARBAMOL,1,,1,Most,1,,0,,1,,0,,0,,0,,COc1ccccc1OCC(O)COC(N)=O,coc1ccccc1occ(o)coc(n)=o,COc1ccccc1OCC(O)COC(N)=O,Original,,,,,,,,
METHOHEXITAL SODIUM,1,Most,1,Most,1,Most,0,,1,,0,,1,Most,0,,C=CCC1(C(C)C#CCC)C(=O)N=C(O)N(C)C1=O,c=ccc1(c(c)c#ccc)c(=o)n=c(o)n(c)c1=o,C=CCC1(C(C)C#CCC)C(=O)N=C(O)N(C)C1=O,Original,,,,,,,,
METHOTREXATE SODIUM,1,,1,Most,1,Most,1,Most,1,Most,0,,1,Most,1,Most,CN(Cc1cnc2nc(N)nc(N)c2n1)c1ccc(C(=O)N[C@@H](CCC(=O)O)C(=O)O)cc1,cn(cc1cnc2nc(n)nc(n)c2n1)c1ccc(c(=o)n[c@@h](ccc(=o)o)c(=o)o)cc1,CN(Cc1cnc2nc(N)nc(N)c2n1)c1ccc(C(=O)N[C@@H](CCC(=O)O)C(=O)O)cc1,Original,,,,,,,,
METHSCOPOLAMINE BROMIDE,1,Most,1,,0,,0,,0,,0,,0,,0,,C[N+]1(C)[C@@H]2C[C@@H](OC(=O)[C@H](CO)c3ccccc3)C[C@H]1[C@@H]1O[C@@H]12,c[n+]1(c)[c@@h]2c[c@@h](oc(=o)[c@h](co)c3ccccc3)c[c@h]1[c@@h]1o[c@@h]12,C[N+]1(C)[C@@H]2C[C@@H](OC(=O)[C@H](CO)c3ccccc3)C[C@H]1[C@@H]1O[C@@H]12,Original,,,,,,,,
METHSUXIMIDE,1,,1,Most,1,Most,0,,1,,0,,0,,1,Most,CN1C(=O)CC(C)(c2ccccc2)C1=O,cn1c(=o)cc(c)(c2ccccc2)c1=o,CN1C(=O)CC(C)(c2ccccc2)C1=O,Original,,,,,,,,
METHYLDOPA,1,,1,Most,1,Most,1,,1,Most,0,,0,,0,,C[C@](N)(Cc1ccc(O)c(O)c1)C(=O)O,c[c@](n)(cc1ccc(o)c(o)c1)c(=o)o,C[C@](N)(Cc1ccc(O)c(O)c1)C(=O)O,Original,,,,,,,,
METHYLERGONOVINE MALEATE,1,Most,1,,0,,0,,0,,0,,0,,0,,CC[C@@H](CO)NC(=O)[C@@H]1C=C2c3cccc4[nH]cc(c34)C[C@H]2N(C)C1.O=C(O)/C=C\C(=O)O,cc[c@@h](co)nc(=o)[c@@h]1c=c2c3cccc4[nh]cc(c34)c[c@h]2n(c)c1.o=c(o)/c=c\c(=o)o,CC[C@@H](CO)NC(=O)[C@@H]1C=C2c3cccc4[nH]cc(c34)C[C@H]2N(C)C1.O=C(O)/C=C\C(=O)O,Original,,,,,,,,
METHYLNALTREXONE BROMIDE,0,,1,Most,0,,0,,1,,0,,0,,0,,C[N+]1(CC2CC2)CC[C@]23c4c5ccc(O)c4O[C@H]2C(=O)CC[C@@]3(O)[C@H]1C5,c[n+]1(cc2cc2)cc[c@]23c4c5ccc(o)c4o[c@h]2c(=o)cc[c@@]3(o)[c@h]1c5,C[N+]1(CC2CC2)CC[C@]23c4c5ccc(O)c4O[C@H]2C(=O)CC[C@@]3(O)[C@H]1C5,Original,,,,,,,,
METHYLPHENIDATE,1,Most,1,Most,0,,0,,0,,0,,0,,0,,COC(=O)C(c1ccccc1)C1CCCCN1,coc(=o)c(c1ccccc1)c1ccccn1,COC(=O)C(c1ccccc1)C1CCCCN1,Original,,,,,,,,
METHYLPHENIDATE HYDROCHLORIDE,1,Most,1,Most,1,,0,,1,,0,,0,,0,,COC(=O)C(c1ccccc1)C1CCCCN1,coc(=o)c(c1ccccc1)c1ccccn1,COC(=O)C(c1ccccc1)C1CCCCN1,Original,,,,,,,,
METHYLPREDNISOLONE,1,,1,Most,0,,0,,0,,0,,0,,0,,C[C@H]1C[C@@H]2[C@H]([C@@H](O)C[C@@]3(C)[C@H]2CC[C@]3(O)C(=O)CO)[C@@]2(C)C=CC(=O)C=C12,c[c@h]1c[c@@h]2[c@h]([c@@h](o)c[c@@]3(c)[c@h]2cc[c@]3(o)c(=o)co)[c@@]2(c)c=cc(=o)c=c12,C[C@H]1C[C@@H]2[C@H]([C@@H](O)C[C@@]3(C)[C@H]2CC[C@]3(O)C(=O)CO)[C@@]2(C)C=CC(=O)C=C12,Original,,,,,,,,
METHYLPREDNISOLONE SODIUM SUCCINATE,1,Most,1,Most,1,Most,1,Most,1,Most,0,,1,,1,,C[C@H]1C[C@@H]2[C@H]([C@@H](O)C[C@@]3(C)[C@H]2CC[C@]3(O)C(=O)COC(=O)CCC(=O)O)[C@@]2(C)C=CC(=O)C=C12,c[c@h]1c[c@@h]2[c@h]([c@@h](o)c[c@@]3(c)[c@h]2cc[c@]3(o)c(=o)coc(=o)ccc(=o)o)[c@@]2(c)c=cc(=o)c=c12,C[C@H]1C[C@@H]2[C@H]([C@@H](O)C[C@@]3(C)[C@H]2CC[C@]3(O)C(=O)COC(=O)CCC(=O)O)[C@@]2(C)C=CC(=O)C=C12,Original,,,,,,,,
METHYLTESTOSTERONE,1,Most,1,Most,1,Most,1,Most,1,Most,0,,1,Most,0,,C[C@]12CCC(=O)C=C1CC[C@@H]1[C@@H]2CC[C@@]2(C)[C@H]1CC[C@]2(C)O,c[c@]12ccc(=o)c=c1cc[c@@h]1[c@@h]2cc[c@@]2(c)[c@h]1cc[c@]2(c)o,C[C@]12CCC(=O)C=C1CC[C@@H]1[C@@H]2CC[C@@]2(C)[C@H]1CC[C@]2(C)O,Original,,,,,,,,
METOCLOPRAMIDE HYDROCHLORIDE,1,Most,1,Most,1,Most,1,,1,Most,0,,0,,1,Most,CCN(CC)CCNC(=O)c1cc(Cl)c(N)cc1OC,ccn(cc)ccnc(=o)c1cc(cl)c(n)cc1oc,CCN(CC)CCNC(=O)c1cc(Cl)c(N)cc1OC,Original,,,,,,,,
METOLAZONE,1,Most,1,Most,1,Most,1,Most,1,,0,,0,,1,Most,Cc1ccccc1N1C(=O)c2cc(S(N)(=O)=O)c(Cl)cc2NC1C,cc1ccccc1n1c(=o)c2cc(s(n)(=o)=o)c(cl)cc2nc1c,Cc1ccccc1N1C(=O)c2cc(S(N)(=O)=O)c(Cl)cc2NC1C,Original,,,,,,,,
METOPROLOL SUCCINATE,1,Most,1,,1,,0,,1,,0,,1,,0,,COCCc1ccc(OCC(O)CNC(C)C)cc1.COCCc1ccc(OCC(O)CNC(C)C)cc1.O=C(O)CCC(=O)O,coccc1ccc(occ(o)cnc(c)c)cc1.coccc1ccc(occ(o)cnc(c)c)cc1.o=c(o)ccc(=o)o,COCCc1ccc(OCC(O)CNC(C)C)cc1.COCCc1ccc(OCC(O)CNC(C)C)cc1.O=C(O)CCC(=O)O,Original,,,,,,,,
METRONIDAZOLE,0,,1,Most,1,,0,,0,,0,,0,,0,,Cc1ncc([N+](=O)[O-])n1CCO,cc1ncc([n+](=o)[o-])n1cco,Cc1ncc([N+](=O)[O-])n1CCO,Original,,,,,,,,
METYRAPONE,1,,1,,1,Most,0,,0,,0,,0,,0,,CC(C)(C(=O)c1cccnc1)c1cccnc1,cc(c)(c(=o)c1cccnc1)c1cccnc1,CC(C)(C(=O)c1cccnc1)c1cccnc1,Original,,,,,,,,
MEXILETINE HYDROCHLORIDE,1,Most,1,Most,1,,0,,1,,0,,0,,0,,Cc1cccc(C)c1OCC(C)N,cc1cccc(c)c1occ(c)n,Cc1cccc(C)c1OCC(C)N,Original,,,,,,,,
MICAFUNGIN SODIUM,1,Most,1,Most,1,Most,0,,1,Most,0,,0,,1,,CCCCCOc1ccc(-c2cc(-c3ccc(C(=O)N[C@H]4C[C@@H](O)[C@@H](O)NC(=O)[C@@H]5[C@@H](O)[C@@H](C)CN5C(=O)[C@H]([C@H](O)CC(N)=O)NC(=O)[C@H]([C@H](O)[C@@H](O)c5ccc(O)c(OS(=O)(=O)O)c5)NC(=O)[C@@H]5C[C@@H](O)CN5C(=O)[C@H]([C@@H](C)O)NC4=O)cc3)no2)cc1,cccccoc1ccc(-c2cc(-c3ccc(c(=o)n[c@h]4c[c@@h](o)[c@@h](o)nc(=o)[c@@h]5[c@@h](o)[c@@h](c)cn5c(=o)[c@h]([c@h](o)cc(n)=o)nc(=o)[c@h]([c@h](o)[c@@h](o)c5ccc(o)c(os(=o)(=o)o)c5)nc(=o)[c@@h]5c[c@@h](o)cn5c(=o)[c@h]([c@@h](c)o)nc4=o)cc3)no2)cc1,CCCCCOc1ccc(-c2cc(-c3ccc(C(=O)N[C@H]4C[C@@H](O)[C@@H](O)NC(=O)[C@@H]5[C@@H](O)[C@@H](C)CN5C(=O)[C@H]([C@H](O)CC(N)=O)NC(=O)[C@H]([C@H](O)[C@@H](O)c5ccc(O)c(OS(=O)(=O)O)c5)NC(=O)[C@@H]5C[C@@H](O)CN5C(=O)[C@H]([C@@H](C)O)NC4=O)cc3)no2)cc1,Original,,,,,,,,
MIDAZOLAM HYDROCHLORIDE,1,Most,1,,0,,0,,0,,0,,1,Most,1,Most,Cc1ncc2n1-c1ccc(Cl)cc1C(c1ccccc1F)=NC2,cc1ncc2n1-c1ccc(cl)cc1c(c1ccccc1f)=nc2,Cc1ncc2n1-c1ccc(Cl)cc1C(c1ccccc1F)=NC2,Original,,,,,,,,
MIDODRINE HYDROCHLORIDE,1,Most,1,Most,0,,0,,0,,0,,0,,0,,COc1ccc(OC)c(C(O)CNC(=O)CN)c1,coc1ccc(oc)c(c(o)cnc(=o)cn)c1,COc1ccc(OC)c(C(O)CNC(=O)CN)c1,Original,,,,,,,,
MIFEPRISTONE,1,Most,1,Most,1,Most,1,,0,,0,,0,,0,,CC#C[C@]1(O)CC[C@H]2[C@@H]3CCC4=CC(=O)CCC4=C3[C@@H](c3ccc(N(C)C)cc3)C[C@@]21C,cc#c[c@]1(o)cc[c@h]2[c@@h]3ccc4=cc(=o)ccc4=c3[c@@h](c3ccc(n(c)c)cc3)c[c@@]21c,CC#C[C@]1(O)CC[C@H]2[C@@H]3CCC4=CC(=O)CCC4=C3[C@@H](c3ccc(N(C)C)cc3)C[C@@]21C,Original,,,,,,,,
MIGALASTAT HYDROCHLORIDE,0,,0,,0,,1,,0,,0,,0,,0,,OC[C@H]1NC[C@H](O)[C@@H](O)[C@H]1O,oc[c@h]1nc[c@h](o)[c@@h](o)[c@h]1o,OC[C@H]1NC[C@H](O)[C@@H](O)[C@H]1O,Original,,,,,,,,
MIGLITOL,0,,1,,0,,0,,0,,0,,0,,0,,OCCN1C[C@H](O)[C@@H](O)[C@H](O)[C@H]1CO,occn1c[c@h](o)[c@@h](o)[c@h](o)[c@h]1co,OCCN1C[C@H](O)[C@@H](O)[C@H](O)[C@H]1CO,Original,,,,,,,,
MIGLUSTAT,1,,1,,1,,1,Most,0,,0,,0,,0,,CCCCN1C[C@H](O)[C@@H](O)[C@H](O)[C@H]1CO,ccccn1c[c@h](o)[c@@h](o)[c@h](o)[c@h]1co,CCCCN1C[C@H](O)[C@@H](O)[C@H](O)[C@H]1CO,Original,,,,,,,,
MILNACIPRAN HYDROCHLORIDE,1,Most,1,Most,1,Most,1,,1,Most,0,,0,,1,,CCN(CC)C(=O)C1(c2ccccc2)CC1CN,ccn(cc)c(=o)c1(c2ccccc2)cc1cn,CCN(CC)C(=O)C1(c2ccccc2)CC1CN,Original,,,,,,,,
MILRINONE LACTATE,1,Most,1,,0,,0,,1,,0,,0,,0,,CC(O)C(=O)O.Cc1[nH]c(=O)c(C#N)cc1-c1ccncc1,cc(o)c(=o)o.cc1[nh]c(=o)c(c#n)cc1-c1ccncc1,CC(O)C(=O)O.Cc1[nH]c(=O)c(C#N)cc1-c1ccncc1,Original,,,,,,,,
MILTEFOSINE,0,,1,Most,1,Most,1,Most,1,,0,,0,,1,Most,CCCCCCCCCCCCCCCCOP(=O)([O-])OCC[N+](C)(C)C,ccccccccccccccccop(=o)([o-])occ[n+](c)(c)c,CCCCCCCCCCCCCCCCOP(=O)([O-])OCC[N+](C)(C)C,Original,,,,,,,,
MINOCYCLINE HYDROCHLORIDE,1,Most,1,Most,1,Most,1,Most,1,Most,1,,1,Most,1,Most,CN(C)c1ccc(O)c2c1C[C@H]1C[C@H]3[C@H](N(C)C)C(O)=C(C(N)=O)C(=O)[C@@]3(O)C(O)=C1C2=O,cn(c)c1ccc(o)c2c1c[c@h]1c[c@h]3[c@h](n(c)c)c(o)=c(c(n)=o)c(=o)[c@@]3(o)c(o)=c1c2=o,CN(C)c1ccc(O)c2c1C[C@H]1C[C@H]3[C@H](N(C)C)C(O)=C(C(N)=O)C(=O)[C@@]3(O)C(O)=C1C2=O,Original,,,,,,,,
MINOXIDIL,1,Most,1,Most,1,,1,Most,0,,0,,0,,1,Most,Nc1cc(N2CCCCC2)nc(N)[n+]1[O-],nc1cc(n2ccccc2)nc(n)[n+]1[o-],Nc1cc(N2CCCCC2)nc(N)[n+]1[O-],Original,,,,,,,,
MIPOMERSEN SODIUM,0,,0,,0,,0,,0,Most,0,,0,,0,,COCCO[C@@H]1[C@H](SP(=O)(O)OC[C@H]2O[C@@H](n3cc(C)c(=O)[nH]c3=O)[C@H](OCCOC)[C@@H]2SP(=O)(O)OC[C@H]2O[C@@H](n3cc(C)c(N)nc3=O)[C@H](OCCOC)[C@@H]2SP(=O)(O)OC[C@H]2O[C@@H](n3cnc4c(N)ncnc43)C[C@@H]2SP(=O)(O)OC[C@H]2O[C@@H](n3cnc4c(=O)[nH]c(N)nc43)C[C@@H]2SP(=O)(O)OC[C@H]2O[C@@H](n3cc(C)c(=O)[nH]c3=O)C[C@@H]2SP(=O)(O)OC[C@H]2O[C@@H](n3cc(C)c(N)nc3=O)C[C@@H]2SP(=O)(O)OC[C@H]2O[C@@H](n3cc(C)c(=O)[nH]c3=O)C[C@@H]2SP(=O)(O)OC[C@H]2O[C@@H](n3cnc4c(=O)[nH]c(N)nc43)C[C@@H]2SP(=O)(O)OC[C@H]2O[C@@H](n3cc(C)c(N)nc3=O)C[C@@H]2SP(=O)(O)OC[C@H]2O[C@@H](n3cc(C)c(=O)[nH]c3=O)C[C@@H]2SP(=O)(O)OC[C@H]2O[C@@H](n3cc(C)c(=O)[nH]c3=O)C[C@@H]2SP(=O)(O)OC[C@H]2O[C@@H](n3cc(C)c(N)nc3=O)C[C@@H]2SP(=O)(O)OC[C@H]2O[C@@H](n3cnc4c(=O)[nH]c(N)nc43)[C@H](OCCOC)[C@@H]2SP(=O)(O)OC[C@@H]2O[C@H](n3cc(C)c(N)nc3=O)[C@@H](OCCOC)[C@H]2SP(=O)(O)OC[C@@H]2O[C@H](n3cnc4c(N)ncnc43)[C@@H](OCCOC)[C@H]2SP(=O)(O)OC[C@@H]2O[C@H](n3cc(C)c(N)nc3=O)[C@@H](OCCOC)[C@H]2SP(=O)(O)OC[C@@H]2O[C@H](n3cc(C)c(N)nc3=O)[C@@H](OCCOC)[C@H]2O)[C@@H](COP(=O)(O)S[C@H]2[C@@H](OCCOC)[C@H](n3cc(C)c(N)nc3=O)O[C@@H]2COP(=O)(O)S[C@H]2[C@@H](OCCOC)[C@H](n3cnc4c(=O)[nH]c(N)nc43)O[C@@H]2CO)O[C@H]1n1cc(C)c(N)nc1=O,cocco[c@@h]1[c@h](sp(=o)(o)oc[c@h]2o[c@@h](n3cc(c)c(=o)[nh]c3=o)[c@h](occoc)[c@@h]2sp(=o)(o)oc[c@h]2o[c@@h](n3cc(c)c(n)nc3=o)[c@h](occoc)[c@@h]2sp(=o)(o)oc[c@h]2o[c@@h](n3cnc4c(n)ncnc43)c[c@@h]2sp(=o)(o)oc[c@h]2o[c@@h](n3cnc4c(=o)[nh]c(n)nc43)c[c@@h]2sp(=o)(o)oc[c@h]2o[c@@h](n3cc(c)c(=o)[nh]c3=o)c[c@@h]2sp(=o)(o)oc[c@h]2o[c@@h](n3cc(c)c(n)nc3=o)c[c@@h]2sp(=o)(o)oc[c@h]2o[c@@h](n3cc(c)c(=o)[nh]c3=o)c[c@@h]2sp(=o)(o)oc[c@h]2o[c@@h](n3cnc4c(=o)[nh]c(n)nc43)c[c@@h]2sp(=o)(o)oc[c@h]2o[c@@h](n3cc(c)c(n)nc3=o)c[c@@h]2sp(=o)(o)oc[c@h]2o[c@@h](n3cc(c)c(=o)[nh]c3=o)c[c@@h]2sp(=o)(o)oc[c@h]2o[c@@h](n3cc(c)c(=o)[nh]c3=o)c[c@@h]2sp(=o)(o)oc[c@h]2o[c@@h](n3cc(c)c(n)nc3=o)c[c@@h]2sp(=o)(o)oc[c@h]2o[c@@h](n3cnc4c(=o)[nh]c(n)nc43)[c@h](occoc)[c@@h]2sp(=o)(o)oc[c@@h]2o[c@h](n3cc(c)c(n)nc3=o)[c@@h](occoc)[c@h]2sp(=o)(o)oc[c@@h]2o[c@h](n3cnc4c(n)ncnc43)[c@@h](occoc)[c@h]2sp(=o)(o)oc[c@@h]2o[c@h](n3cc(c)c(n)nc3=o)[c@@h](occoc)[c@h]2sp(=o)(o)oc[c@@h]2o[c@h](n3cc(c)c(n)nc3=o)[c@@h](occoc)[c@h]2o)[c@@h](cop(=o)(o)s[c@h]2[c@@h](occoc)[c@h](n3cc(c)c(n)nc3=o)o[c@@h]2cop(=o)(o)s[c@h]2[c@@h](occoc)[c@h](n3cnc4c(=o)[nh]c(n)nc43)o[c@@h]2co)o[c@h]1n1cc(c)c(n)nc1=o,COCCO[C@@H]1[C@H](SP(=O)(O)OC[C@H]2O[C@@H](n3cc(C)c(=O)[nH]c3=O)[C@H](OCCOC)[C@@H]2SP(=O)(O)OC[C@H]2O[C@@H](n3cc(C)c(N)nc3=O)[C@H](OCCOC)[C@@H]2SP(=O)(O)OC[C@H]2O[C@@H](n3cnc4c(N)ncnc43)C[C@@H]2SP(=O)(O)OC[C@H]2O[C@@H](n3cnc4c(=O)[nH]c(N)nc43)C[C@@H]2SP(=O)(O)OC[C@H]2O[C@@H](n3cc(C)c(=O)[nH]c3=O)C[C@@H]2SP(=O)(O)OC[C@H]2O[C@@H](n3cc(C)c(N)nc3=O)C[C@@H]2SP(=O)(O)OC[C@H]2O[C@@H](n3cc(C)c(=O)[nH]c3=O)C[C@@H]2SP(=O)(O)OC[C@H]2O[C@@H](n3cnc4c(=O)[nH]c(N)nc43)C[C@@H]2SP(=O)(O)OC[C@H]2O[C@@H](n3cc(C)c(N)nc3=O)C[C@@H]2SP(=O)(O)OC[C@H]2O[C@@H](n3cc(C)c(=O)[nH]c3=O)C[C@@H]2SP(=O)(O)OC[C@H]2O[C@@H](n3cc(C)c(=O)[nH]c3=O)C[C@@H]2SP(=O)(O)OC[C@H]2O[C@@H](n3cc(C)c(N)nc3=O)C[C@@H]2SP(=O)(O)OC[C@H]2O[C@@H](n3cnc4c(=O)[nH]c(N)nc43)[C@H](OCCOC)[C@@H]2SP(=O)(O)OC[C@@H]2O[C@H](n3cc(C)c(N)nc3=O)[C@@H](OCCOC)[C@H]2SP(=O)(O)OC[C@@H]2O[C@H](n3cnc4c(N)ncnc43)[C@@H](OCCOC)[C@H]2SP(=O)(O)OC[C@@H]2O[C@H](n3cc(C)c(N)nc3=O)[C@@H](OCCOC)[C@H]2SP(=O)(O)OC[C@@H]2O[C@H](n3cc(C)c(N)nc3=O)[C@@H](OCCOC)[C@H]2O)[C@@H](COP(=O)(O)S[C@H]2[C@@H](OCCOC)[C@H](n3cc(C)c(N)nc3=O)O[C@@H]2COP(=O)(O)S[C@H]2[C@@H](OCCOC)[C@H](n3cnc4c(=O)[nH]c(N)nc43)O[C@@H]2CO)O[C@H]1n1cc(C)c(N)nc1=O,Original,,,,,,,,
MIRABEGRON,1,Most,1,Most,0,,0,,1,,0,,0,,0,,Nc1nc(CC(=O)Nc2ccc(CCNC[C@H](O)c3ccccc3)cc2)cs1,nc1nc(cc(=o)nc2ccc(ccnc[c@h](o)c3ccccc3)cc2)cs1,Nc1nc(CC(=O)Nc2ccc(CCNC[C@H](O)c3ccccc3)cc2)cs1,Original,,,,,,,,
MIRTAZAPINE,1,Most,1,Most,1,Most,1,,1,Most,0,,1,,0,,CN1CCN2c3ncccc3Cc3ccccc3C2C1,cn1ccn2c3ncccc3cc3ccccc3c2c1,CN1CCN2c3ncccc3Cc3ccccc3C2C1,Original,,,,,,,,
MISOPROSTOL,1,,1,,1,,1,Most,0,,0,,0,,0,,CCCCC(C)(O)C/C=C/[C@H]1[C@H](O)CC(=O)[C@@H]1CCCCCCC(=O)OC,ccccc(c)(o)c/c=c/[c@h]1[c@h](o)cc(=o)[c@@h]1ccccccc(=o)oc,CCCCC(C)(O)C/C=C/[C@H]1[C@H](O)CC(=O)[C@@H]1CCCCCCC(=O)OC,Original,,,,,,,,
MITOTANE,0,,1,Most,1,Most,1,,1,Most,0,,0,,0,,Clc1ccc(C(c2ccccc2Cl)C(Cl)Cl)cc1,clc1ccc(c(c2ccccc2cl)c(cl)cl)cc1,Clc1ccc(C(c2ccccc2Cl)C(Cl)Cl)cc1,Original,,,,,,,,
MITOXANTRONE,1,Most,1,Most,1,Most,1,Most,1,Most,0,,1,Most,1,Most,O=C1c2c(O)ccc(O)c2C(=O)c2c(NCCNCCO)ccc(NCCNCCO)c21,o=c1c2c(o)ccc(o)c2c(=o)c2c(nccncco)ccc(nccncco)c21,O=C1c2c(O)ccc(O)c2C(=O)c2c(NCCNCCO)ccc(NCCNCCO)c21,Original,,,,,,,,
MOBOCERTINIB,1,Most,1,Most,1,Most,1,Most,0,,0,,1,Most,1,Most,C=CC(=O)Nc1cc(Nc2ncc(C(=O)OC(C)C)c(-c3cn(C)c4ccccc34)n2)c(OC)cc1N(C)CCN(C)C,c=cc(=o)nc1cc(nc2ncc(c(=o)oc(c)c)c(-c3cn(c)c4ccccc34)n2)c(oc)cc1n(c)ccn(c)c,C=CC(=O)Nc1cc(Nc2ncc(C(=O)OC(C)C)c(-c3cn(C)c4ccccc34)n2)c(OC)cc1N(C)CCN(C)C,Original,,,,,,,,
MODAFINIL,1,Most,1,Most,1,Most,0,,1,,0,,0,,0,,NC(=O)C[S+]([O-])C(c1ccccc1)c1ccccc1,nc(=o)c[s+]([o-])c(c1ccccc1)c1ccccc1,NC(=O)C[S+]([O-])C(c1ccccc1)c1ccccc1,Original,,,,,,,,
MOEXIPRIL HYDROCHLORIDE,1,Most,1,Most,1,,0,,1,Most,0,,1,Most,1,Most,CCOC(=O)[C@H](CCc1ccccc1)N[C@@H](C)C(=O)N1Cc2cc(OC)c(OC)cc2C[C@H]1C(=O)O,ccoc(=o)[c@h](ccc1ccccc1)n[c@@h](c)c(=o)n1cc2cc(oc)c(oc)cc2c[c@h]1c(=o)o,CCOC(=O)[C@H](CCc1ccccc1)N[C@@H](C)C(=O)N1Cc2cc(OC)c(OC)cc2C[C@H]1C(=O)O,Original,,,,,,,,
MOLINDONE HYDROCHLORIDE,1,,1,,1,,0,,1,,0,,0,,0,,CCc1c(C)[nH]c2c1C(=O)C(CN1CCOCC1)CC2,ccc1c(c)[nh]c2c1c(=o)c(cn1ccocc1)cc2,CCc1c(C)[nH]c2c1C(=O)C(CN1CCOCC1)CC2,Original,,,,,,,,
MONOMETHYL FUMARATE,0,,1,Most,1,Most,1,Most,1,Most,0,,0,,1,Most,COC(=O)/C=C/C(=O)O,coc(=o)/c=c/c(=o)o,COC(=O)/C=C/C(=O)O,Original,,,,,,,,
MONTELUKAST SODIUM,0,,1,Most,1,Most,1,,1,Most,0,,1,,0,,CC(C)(O)c1ccccc1CC[C@@H](SCC1(CC(=O)O)CC1)c1cccc(/C=C/c2ccc3ccc(Cl)cc3n2)c1,cc(c)(o)c1ccccc1cc[c@@h](scc1(cc(=o)o)cc1)c1cccc(/c=c/c2ccc3ccc(cl)cc3n2)c1,CC(C)(O)c1ccccc1CC[C@@H](SCC1(CC(=O)O)CC1)c1cccc(/C=C/c2ccc3ccc(Cl)cc3n2)c1,Original,,,,,,,,
MORPHINE SULFATE,1,Most,1,Most,1,Most,1,Most,0,,0,,1,Most,0,,CN1CC[C@]23c4c5ccc(O)c4O[C@H]2[C@@H](O)C=C[C@H]3[C@H]1C5.CN1CC[C@]23c4c5ccc(O)c4O[C@H]2[C@@H](O)C=C[C@H]3[C@H]1C5,cn1cc[c@]23c4c5ccc(o)c4o[c@h]2[c@@h](o)c=c[c@h]3[c@h]1c5.cn1cc[c@]23c4c5ccc(o)c4o[c@h]2[c@@h](o)c=c[c@h]3[c@h]1c5,CN1CC[C@]23c4c5ccc(O)c4O[C@H]2[C@@H](O)C=C[C@H]3[C@H]1C5.CN1CC[C@]23c4c5ccc(O)c4O[C@H]2[C@@H](O)C=C[C@H]3[C@H]1C5,Original,,,,,,,,
MOXIDECTIN,1,,1,Most,1,Most,0,,1,Most,0,,0,,0,,CO/N=C1\C[C@]2(C[C@@H]3C[C@@H](C/C=C(\C)C[C@@H](C)/C=C/C=C4\CO[C@@H]5[C@H](O)C(C)=C[C@@H](C(=O)O3)[C@]45O)O2)O[C@H](/C(C)=C/C(C)C)[C@H]1C,co/n=c1\c[c@]2(c[c@@h]3c[c@@h](c/c=c(\c)c[c@@h](c)/c=c/c=c4\co[c@@h]5[c@h](o)c(c)=c[c@@h](c(=o)o3)[c@]45o)o2)o[c@h](/c(c)=c/c(c)c)[c@h]1c,CO/N=C1\C[C@]2(C[C@@H]3C[C@@H](C/C=C(\C)C[C@@H](C)/C=C/C=C4\CO[C@@H]5[C@H](O)C(C)=C[C@@H](C(=O)O3)[C@]45O)O2)O[C@H](/C(C)=C/C(C)C)[C@H]1C,Original,,,,,,,,
MOXIFLOXACIN HYDROCHLORIDE,1,Most,1,Most,1,Most,0,,1,Most,1,,1,,0,,COc1c(N2C[C@@H]3CCCN[C@@H]3C2)c(F)cc2c(=O)c(C(=O)O)cn(C3CC3)c12,coc1c(n2c[c@@h]3cccn[c@@h]3c2)c(f)cc2c(=o)c(c(=o)o)cn(c3cc3)c12,COc1c(N2C[C@@H]3CCCN[C@@H]3C2)c(F)cc2c(=O)c(C(=O)O)cn(C3CC3)c12,Original,,,,,,,,
MYCOPHENILIC ACID,0,,1,Most,1,Most,1,,0,,0,,1,Most,1,,COc1c(C)c2c(c(O)c1CC=C(C)CCC(=O)O)C(=O)OC2,coc1c(c)c2c(c(o)c1cc=c(c)ccc(=o)o)c(=o)oc2,COc1c(C)c2c(c(O)c1CC=C(C)CCC(=O)O)C(=O)OC2,Original,,,,,,,,
MYCOPHENOLATE MOFETIL,0,,1,Most,1,Most,0,,1,Most,0,,1,Most,1,Most,COc1c(C)c2c(c(O)c1C/C=C(\C)CCC(=O)OCCN1CCOCC1)C(=O)OC2,coc1c(c)c2c(c(o)c1c/c=c(\c)ccc(=o)occn1ccocc1)c(=o)oc2,COc1c(C)c2c(c(O)c1C/C=C(\C)CCC(=O)OCCN1CCOCC1)C(=O)OC2,Original,,,,,,,,
MYCOPHENOLIC ACID,0,,1,Most,1,Most,1,,0,,0,,1,Most,1,,COc1c(C)c2c(c(O)c1C/C=C(\C)CCC(=O)O)C(=O)OC2,coc1c(c)c2c(c(o)c1c/c=c(\c)ccc(=o)o)c(=o)oc2,COc1c(C)c2c(c(O)c1C/C=C(\C)CCC(=O)O)C(=O)OC2,Original,,,,,,,,
NABILONE,1,Most,1,Most,1,Most,0,,0,,1,,0,,0,,CCCCCCC(C)(C)c1cc(O)c2c(c1)OC(C)(C)C1CCC(=O)CC21,ccccccc(c)(c)c1cc(o)c2c(c1)oc(c)(c)c1ccc(=o)cc21,CCCCCCC(C)(C)c1cc(O)c2c(c1)OC(C)(C)C1CCC(=O)CC21,Original,,,,,,,,
NABUMETONE,1,Most,1,Most,1,Most,1,,1,Most,0,,1,,1,Most,COc1ccc2cc(CCC(C)=O)ccc2c1,coc1ccc2cc(ccc(c)=o)ccc2c1,COc1ccc2cc(CCC(C)=O)ccc2c1,Original,,,,,,,,
NADOLOL,1,Most,1,,0,,0,,0,,0,,1,Most,0,,CC(C)(C)NCC(O)COc1cccc2c1CC(O)C(O)C2,cc(c)(c)ncc(o)coc1cccc2c1cc(o)c(o)c2,CC(C)(C)NCC(O)COc1cccc2c1CC(O)C(O)C2,Original,,,,,,,,
NAFCILLIN,0,,1,Most,1,Most,0,,1,Most,0,,0,,1,Most,CCOc1ccc2ccccc2c1C(=O)N[C@@H]1C(=O)N2[C@@H]1SC(C)(C)[C@@H]2C(=O)O,ccoc1ccc2ccccc2c1c(=o)n[c@@h]1c(=o)n2[c@@h]1sc(c)(c)[c@@h]2c(=o)o,CCOc1ccc2ccccc2c1C(=O)N[C@@H]1C(=O)N2[C@@H]1SC(C)(C)[C@@H]2C(=O)O,Original,,,,,,,,
NALBUPHINE HYDROCHLORIDE,1,Most,1,Most,0,,1,,0,,0,,1,Most,0,,Oc1ccc2c3c1O[C@H]1[C@@H](O)CC[C@@]4(O)[C@@H](C2)N(CC2CCC2)CC[C@]314,oc1ccc2c3c1o[c@h]1[c@@h](o)cc[c@@]4(o)[c@@h](c2)n(cc2ccc2)cc[c@]314,Oc1ccc2c3c1O[C@H]1[C@@H](O)CC[C@@]4(O)[C@@H](C2)N(CC2CCC2)CC[C@]314,Original,,,,,,,,
NALDEMEDINE,0,,1,,0,,0,,0,,0,,0,,0,,CC(C)(NC(=O)C1=C(O)[C@@H]2Oc3c(O)ccc4c3[C@@]23CCN(CC2CC2)[C@H](C4)[C@]3(O)C1)c1nc(-c2ccccc2)no1,cc(c)(nc(=o)c1=c(o)[c@@h]2oc3c(o)ccc4c3[c@@]23ccn(cc2cc2)[c@h](c4)[c@]3(o)c1)c1nc(-c2ccccc2)no1,CC(C)(NC(=O)C1=C(O)[C@@H]2Oc3c(O)ccc4c3[C@@]23CCN(CC2CC2)[C@H](C4)[C@]3(O)C1)c1nc(-c2ccccc2)no1,Original,,,,,,,,
NALMEFENE HYDROCHLORIDE,1,Most,1,,0,,0,,0,,0,,1,Most,0,,C=C1CC[C@@]2(O)[C@H]3Cc4ccc(O)c5c4[C@@]2(CCN3CC2CC2)[C@H]1O5,c=c1cc[c@@]2(o)[c@h]3cc4ccc(o)c5c4[c@@]2(ccn3cc2cc2)[c@h]1o5,C=C1CC[C@@]2(O)[C@H]3Cc4ccc(O)c5c4[C@@]2(CCN3CC2CC2)[C@H]1O5,Original,,,,,,,,
NALOXEGOL OXALATE,0,,1,,0,,0,,0,,0,,0,,0,,C=CCN1CC[C@]23c4c5ccc(O)c4O[C@H]2[C@@H](OCCOCCOCCOCCOCCOCCOCCOC)CC[C@@]3(O)[C@H]1C5.O=C(O)C(=O)O,c=ccn1cc[c@]23c4c5ccc(o)c4o[c@h]2[c@@h](occoccoccoccoccoccoccoc)cc[c@@]3(o)[c@h]1c5.o=c(o)c(=o)o,C=CCN1CC[C@]23c4c5ccc(O)c4O[C@H]2[C@@H](OCCOCCOCCOCCOCCOCCOCCOC)CC[C@@]3(O)[C@H]1C5.O=C(O)C(=O)O,Original,,,,,,,,
NALOXONE HYDROCHLORIDE,1,Most,1,,0,,0,,0,,0,,1,Most,0,,C=CCN1CC[C@]23c4c5ccc(O)c4O[C@H]2C(=O)CC[C@@]3(O)[C@H]1C5,c=ccn1cc[c@]23c4c5ccc(o)c4o[c@h]2c(=o)cc[c@@]3(o)[c@h]1c5,C=CCN1CC[C@]23c4c5ccc(O)c4O[C@H]2C(=O)CC[C@@]3(O)[C@H]1C5,Original,,,,,,,,
NALTREXONE,0,,1,Most,1,Most,1,,1,Most,0,,1,Most,0,,O=C1CC[C@@]2(O)[C@H]3Cc4ccc(O)c5c4[C@@]2(CCN3CC2CC2)[C@H]1O5,o=c1cc[c@@]2(o)[c@h]3cc4ccc(o)c5c4[c@@]2(ccn3cc2cc2)[c@h]1o5,O=C1CC[C@@]2(O)[C@H]3Cc4ccc(O)c5c4[C@@]2(CCN3CC2CC2)[C@H]1O5,Original,,,,,,,,
NALTREXONE HYDROCHLORIDE,0,,1,,1,,1,,1,Most,0,,0,,0,,O=C1CC[C@@]2(O)[C@H]3Cc4ccc(O)c5c4[C@@]2(CCN3CC2CC2)[C@H]1O5,o=c1cc[c@@]2(o)[c@h]3cc4ccc(o)c5c4[c@@]2(ccn3cc2cc2)[c@h]1o5,O=C1CC[C@@]2(O)[C@H]3Cc4ccc(O)c5c4[C@@]2(CCN3CC2CC2)[C@H]1O5,Original,,,,,,,,
NAPROXEN,1,Most,1,Most,1,Most,1,Most,1,Most,1,Most,1,Most,1,Most,COc1ccc2cc([C@H](C)C(=O)O)ccc2c1,coc1ccc2cc([c@h](c)c(=o)o)ccc2c1,COc1ccc2cc([C@H](C)C(=O)O)ccc2c1,Original,,,,,,,,
NAPROXEN SODIUM,1,Most,1,Most,1,Most,1,Most,1,,1,,1,Most,1,Most,COc1ccc2cc([C@H](C)C(=O)O)ccc2c1,coc1ccc2cc([c@h](c)c(=o)o)ccc2c1,COc1ccc2cc([C@H](C)C(=O)O)ccc2c1,Original,,,,,,,,
NARATRIPTAN,1,Most,0,,0,,1,Most,0,,0,,0,,1,Most,CNS(=O)(=O)CCc1ccc2[nH]cc(C3CCN(C)CC3)c2c1,cns(=o)(=o)ccc1ccc2[nh]cc(c3ccn(c)cc3)c2c1,CNS(=O)(=O)CCc1ccc2[nH]cc(C3CCN(C)CC3)c2c1,Original,,,,,,,,
NATEGLINIDE,0,,1,,0,,0,,1,,0,,0,,0,,CC(C)[C@H]1CC[C@H](C(=O)N[C@H](Cc2ccccc2)C(=O)O)CC1,cc(c)[c@h]1cc[c@h](c(=o)n[c@h](cc2ccccc2)c(=o)o)cc1,CC(C)[C@H]1CC[C@H](C(=O)N[C@H](Cc2ccccc2)C(=O)O)CC1,Original,,,,,,,,
NEBIVOLOL,1,Most,1,,1,,1,Most,1,Most,0,,1,,0,,OC(CNCC(O)C1CCc2cc(F)ccc2O1)C1CCc2cc(F)ccc2O1,oc(cncc(o)c1ccc2cc(f)ccc2o1)c1ccc2cc(f)ccc2o1,OC(CNCC(O)C1CCc2cc(F)ccc2O1)C1CCc2cc(F)ccc2O1,Original,,,,,,,,
NEFAZODONE HYDROCHLORIDE,1,Most,1,Most,1,,1,,1,Most,1,,0,,0,,CCc1nn(CCCN2CCN(c3cccc(Cl)c3)CC2)c(=O)n1CCOc1ccccc1,ccc1nn(cccn2ccn(c3cccc(cl)c3)cc2)c(=o)n1ccoc1ccccc1,CCc1nn(CCCN2CCN(c3cccc(Cl)c3)CC2)c(=O)n1CCOc1ccccc1,Original,,,,,,,,
NELARABINE,1,,0,,1,Most,1,Most,1,,0,,1,Most,1,,COc1nc(N)nc2c1ncn2[C@@H]1O[C@H](CO)[C@@H](O)[C@@H]1O,coc1nc(n)nc2c1ncn2[c@@h]1o[c@h](co)[c@@h](o)[c@@h]1o,COc1nc(N)nc2c1ncn2[C@@H]1O[C@H](CO)[C@@H](O)[C@@H]1O,Original,,,,,,,,
NELFINAVIR MESYLATE,1,Most,1,,1,Most,0,,1,Most,0,,0,,0,,Cc1c(O)cccc1C(=O)N[C@@H](CSc1ccccc1)[C@H](O)CN1C[C@H]2CCCC[C@H]2C[C@H]1C(=O)NC(C)(C)C,cc1c(o)cccc1c(=o)n[c@@h](csc1ccccc1)[c@h](o)cn1c[c@h]2cccc[c@h]2c[c@h]1c(=o)nc(c)(c)c,Cc1c(O)cccc1C(=O)N[C@@H](CSc1ccccc1)[C@H](O)CN1C[C@H]2CCCC[C@H]2C[C@H]1C(=O)NC(C)(C)C,Original,,,,,,,,
NEOMYCIN SULFATE,0,,0,,0,,0,,0,,1,Most,1,,1,Most,NCC1OC(OC2C(CO)OC(OC3C(O)C(N)CC(N)C3OC3OC(CN)C(O)C(O)C3N)C2O)C(N)C(O)C1O,ncc1oc(oc2c(co)oc(oc3c(o)c(n)cc(n)c3oc3oc(cn)c(o)c(o)c3n)c2o)c(n)c(o)c1o,NCC1OC(OC2C(CO)OC(OC3C(O)C(N)CC(N)C3OC3OC(CN)C(O)C(O)C3N)C2O)C(N)C(O)C1O,Original,,,,,,,,
NEOSTIGMINE METHYLSULFATE,1,Most,1,Most,0,,0,,0,,0,,1,Most,0,,CN(C)C(=O)Oc1cccc([N+](C)(C)C)c1.COS(=O)(=O)[O-],cn(c)c(=o)oc1cccc([n+](c)(c)c)c1.cos(=o)(=o)[o-],CN(C)C(=O)Oc1cccc([N+](C)(C)C)c1.COS(=O)(=O)[O-],Original,,,,,,,,
NERATINIB,0,,1,Most,0,,1,,1,Most,0,,0,,1,Most,CCOc1cc2ncc(C#N)c(Nc3ccc(OCc4ccccn4)c(Cl)c3)c2cc1NC(=O)/C=C/CN(C)C,ccoc1cc2ncc(c#n)c(nc3ccc(occ4ccccn4)c(cl)c3)c2cc1nc(=o)/c=c/cn(c)c,CCOc1cc2ncc(C#N)c(Nc3ccc(OCc4ccccn4)c(Cl)c3)c2cc1NC(=O)/C=C/CN(C)C,Original,,,,,,,,
NEVIRAPINE,0,,1,Most,1,Most,1,Most,1,Most,0,,0,,0,,Cc1ccnc2c1NC(=O)c1cccnc1N2C1CC1,cc1ccnc2c1nc(=o)c1cccnc1n2c1cc1,Cc1ccnc2c1NC(=O)c1cccnc1N2C1CC1,Original,,,,,,,,
NIACIN,0,,1,Most,1,,0,,1,Most,0,,0,,0,,O=C(O)c1cccnc1,o=c(o)c1cccnc1,O=C(O)c1cccnc1,Original,,,,,,,,
NICARDIPINE HYDROCHLORIDE,1,Most,1,,1,,0,,1,Most,0,,1,,1,Most,COC(=O)C1=C(C)NC(C)=C(C(=O)OCCN(C)Cc2ccccc2)C1c1cccc([N+](=O)[O-])c1,coc(=o)c1=c(c)nc(c)=c(c(=o)occn(c)cc2ccccc2)c1c1cccc([n+](=o)[o-])c1,COC(=O)C1=C(C)NC(C)=C(C(=O)OCCN(C)Cc2ccccc2)C1c1cccc([N+](=O)[O-])c1,Original,,,,,,,,
NIFEDIPINE,1,Most,1,,1,,1,,1,,0,,0,,1,,COC(=O)C1=C(C)NC(C)=C(C(=O)OC)C1c1ccccc1[N+](=O)[O-],coc(=o)c1=c(c)nc(c)=c(c(=o)oc)c1c1ccccc1[n+](=o)[o-],COC(=O)C1=C(C)NC(C)=C(C(=O)OC)C1c1ccccc1[N+](=O)[O-],Original,,,,,,,,
NIFURTIMOX,0,,1,Most,1,Most,1,Most,0,,0,,0,,0,,CC1CS(=O)(=O)CCN1/N=C/c1ccc([N+](=O)[O-])o1,cc1cs(=o)(=o)ccn1/n=c/c1ccc([n+](=o)[o-])o1,CC1CS(=O)(=O)CCN1/N=C/c1ccc([N+](=O)[O-])o1,Original,,,,,,,,
NILOTINIB,1,Most,1,Most,1,Most,0,,1,Most,1,,1,,0,,Cc1cn(-c2cc(NC(=O)c3ccc(C)c(Nc4nccc(-c5cccnc5)n4)c3)cc(C(F)(F)F)c2)cn1,cc1cn(-c2cc(nc(=o)c3ccc(c)c(nc4nccc(-c5cccnc5)n4)c3)cc(c(f)(f)f)c2)cn1,Cc1cn(-c2cc(NC(=O)c3ccc(C)c(Nc4nccc(-c5cccnc5)n4)c3)cc(C(F)(F)F)c2)cn1,Original,,,,,,,,
NIMODIPINE,1,Most,1,,0,,0,,0,,0,,0,,0,,COCCOC(=O)C1=C(C)NC(C)=C(C(=O)OC(C)C)C1c1cccc([N+](=O)[O-])c1,coccoc(=o)c1=c(c)nc(c)=c(c(=o)oc(c)c)c1c1cccc([n+](=o)[o-])c1,COCCOC(=O)C1=C(C)NC(C)=C(C(=O)OC(C)C)C1c1cccc([N+](=O)[O-])c1,Original,,,,,,,,
NINTEDANIB,1,Most,1,Most,1,Most,1,Most,1,Most,0,,1,Most,1,,COC(=O)c1ccc2c(c1)NC(=O)/C2=C(\Nc1ccc(N(C)C(=O)CN2CCN(C)CC2)cc1)c1ccccc1,coc(=o)c1ccc2c(c1)nc(=o)/c2=c(\nc1ccc(n(c)c(=o)cn2ccn(c)cc2)cc1)c1ccccc1,COC(=O)c1ccc2c(c1)NC(=O)/C2=C(\Nc1ccc(N(C)C(=O)CN2CCN(C)CC2)cc1)c1ccccc1,Original,,,,,,,,
NIRAPARIB,1,Most,1,,1,Most,1,Most,1,Most,0,,1,Most,1,Most,NC(=O)c1cccc2cn(-c3ccc([C@@H]4CCCNC4)cc3)nc12,nc(=o)c1cccc2cn(-c3ccc([c@@h]4cccnc4)cc3)nc12,NC(=O)c1cccc2cn(-c3ccc([C@@H]4CCCNC4)cc3)nc12,Original,,,,,,,,
NISOLDIPINE,1,,1,,0,,0,,1,,0,,0,,0,,COC(=O)C1=C(C)NC(C)=C(C(=O)OCC(C)C)C1c1ccccc1[N+](=O)[O-],coc(=o)c1=c(c)nc(c)=c(c(=o)occ(c)c)c1c1ccccc1[n+](=o)[o-],COC(=O)C1=C(C)NC(C)=C(C(=O)OCC(C)C)C1c1ccccc1[N+](=O)[O-],Original,,,,,,,,
NITAZOXANIDE,0,,1,,0,,0,,0,,0,,0,,0,,CC(=O)Oc1ccccc1C(=O)Nc1ncc([N+](=O)[O-])s1,cc(=o)oc1ccccc1c(=o)nc1ncc([n+](=o)[o-])s1,CC(=O)Oc1ccccc1C(=O)Nc1ncc([N+](=O)[O-])s1,Original,,,,,,,,
NITISINONE,0,,1,Most,1,Most,1,Most,0,,0,,0,,0,,O=C1CCCC(=O)C1C(=O)c1ccc(C(F)(F)F)cc1[N+](=O)[O-],o=c1cccc(=o)c1c(=o)c1ccc(c(f)(f)f)cc1[n+](=o)[o-],O=C1CCCC(=O)C1C(=O)c1ccc(C(F)(F)F)cc1[N+](=O)[O-],Original,,,,,,,,
NITROFURANTOIN,1,,1,Most,1,Most,1,,1,Most,0,,1,Most,1,Most,O=C1CN(/N=C/c2ccc([N+](=O)[O-])o2)C(=O)N1,o=c1cn(/n=c/c2ccc([n+](=o)[o-])o2)c(=o)n1,O=C1CN(/N=C/c2ccc([N+](=O)[O-])o2)C(=O)N1,Original,,,,,,,,
NITROGLYCERIN,1,Most,1,,1,Most,1,Most,0,,0,,0,,0,,O=[N+]([O-])OCC(CO[N+](=O)[O-])O[N+](=O)[O-],o=[n+]([o-])occ(co[n+](=o)[o-])o[n+](=o)[o-],O=[N+]([O-])OCC(CO[N+](=O)[O-])O[N+](=O)[O-],Original,,,,,,,,
NIZATIDINE,1,,1,Most,1,Most,0,,1,,0,,0,,1,Most,CNC(=C[N+](=O)[O-])NCCSCc1csc(CN(C)C)n1,cnc(=c[n+](=o)[o-])nccscc1csc(cn(c)c)n1,CNC(=C[N+](=O)[O-])NCCSCc1csc(CN(C)C)n1,Original,,,,,,,,
NOREPINEPHRINE BITARTRATE,1,Most,1,Most,0,,0,,0,,0,,1,,0,,NC[C@H](O)c1ccc(O)c(O)c1.O=C(O)C(O)C(O)C(=O)O,nc[c@h](o)c1ccc(o)c(o)c1.o=c(o)c(o)c(o)c(=o)o,NC[C@H](O)c1ccc(O)c(O)c1.O=C(O)C(O)C(O)C(=O)O,Original,,,,,,,,
NORETHINDRONE,0,,1,,0,,0,,1,,0,,0,,0,,C#C[C@]1(O)CC[C@H]2[C@@H]3CCC4=CC(=O)CC[C@@H]4[C@H]3CC[C@@]21C,c#c[c@]1(o)cc[c@h]2[c@@h]3ccc4=cc(=o)cc[c@@h]4[c@h]3cc[c@@]21c,C#C[C@]1(O)CC[C@H]2[C@@H]3CCC4=CC(=O)CC[C@@H]4[C@H]3CC[C@@]21C,Original,,,,,,,,
NORTRIPTYLINE HYDROCHLORIDE,1,Most,1,Most,1,Most,0,,1,,1,,0,,0,,CNCCC=C1c2ccccc2CCc2ccccc21,cnccc=c1c2ccccc2ccc2ccccc21,CNCCC=C1c2ccccc2CCc2ccccc21,Original,,,,,,,,
NUSINERSEN,0,,1,,1,Most,0,,0,,0,,1,Most,1,Most,COCCOC1C(OP(O)(=S)OCC2OC(n3cnc4c(N)ncnc43)C(OCCOC)C2OP(O)(=S)OCC2OC(n3cc(C)c(N)nc3=O)C(OCCOC)C2OP(O)(=S)OCC2OC(n3cc(C)c(=O)[nH]c3=O)C(OCCOC)C2OP(O)(=S)OCC2OC(n3cc(C)c(=O)[nH]c3=O)C(OCCOC)C2OP(O)(=S)OCC2OC(n3cc(C)c(=O)[nH]c3=O)C(OCCOC)C2OP(O)(=S)OCC2OC(n3cc(C)c(N)nc3=O)C(OCCOC)C2OP(O)(=S)OCC2OC(n3cnc4c(N)ncnc43)C(OCCOC)C2OP(O)(=S)OCC2OC(n3cc(C)c(=O)[nH]c3=O)C(OCCOC)C2OP(O)(=S)OCC2OC(n3cnc4c(N)ncnc43)C(OCCOC)C2OP(O)(=S)OCC2OC(n3cnc4c(N)ncnc43)C(OCCOC)C2OP(O)(=S)OCC2OC(n3cc(C)c(=O)[nH]c3=O)C(OCCOC)C2OP(O)(=S)OCC2OC(n3cnc4c(=O)[nH]c(N)nc43)C(OCCOC)C2OP(O)(=S)OCC2OC(n3cc(C)c(N)nc3=O)C(OCCOC)C2OP(O)(=S)OCC2OC(n3cc(C)c(=O)[nH]c3=O)C(OCCOC)C2OP(O)(=S)OCC2OC(n3cnc4c(=O)[nH]c(N)nc43)C(OCCOC)C2OP(O)(=S)OCC2OC(n3cnc4c(=O)[nH]c(N)nc43)C(OCCOC)C2O)C(COP(O)(=S)OC2C(CO)OC(n3cc(C)c(=O)[nH]c3=O)C2OCCOC)OC1n1cc(C)c(N)nc1=O,coccoc1c(op(o)(=s)occ2oc(n3cnc4c(n)ncnc43)c(occoc)c2op(o)(=s)occ2oc(n3cc(c)c(n)nc3=o)c(occoc)c2op(o)(=s)occ2oc(n3cc(c)c(=o)[nh]c3=o)c(occoc)c2op(o)(=s)occ2oc(n3cc(c)c(=o)[nh]c3=o)c(occoc)c2op(o)(=s)occ2oc(n3cc(c)c(=o)[nh]c3=o)c(occoc)c2op(o)(=s)occ2oc(n3cc(c)c(n)nc3=o)c(occoc)c2op(o)(=s)occ2oc(n3cnc4c(n)ncnc43)c(occoc)c2op(o)(=s)occ2oc(n3cc(c)c(=o)[nh]c3=o)c(occoc)c2op(o)(=s)occ2oc(n3cnc4c(n)ncnc43)c(occoc)c2op(o)(=s)occ2oc(n3cnc4c(n)ncnc43)c(occoc)c2op(o)(=s)occ2oc(n3cc(c)c(=o)[nh]c3=o)c(occoc)c2op(o)(=s)occ2oc(n3cnc4c(=o)[nh]c(n)nc43)c(occoc)c2op(o)(=s)occ2oc(n3cc(c)c(n)nc3=o)c(occoc)c2op(o)(=s)occ2oc(n3cc(c)c(=o)[nh]c3=o)c(occoc)c2op(o)(=s)occ2oc(n3cnc4c(=o)[nh]c(n)nc43)c(occoc)c2op(o)(=s)occ2oc(n3cnc4c(=o)[nh]c(n)nc43)c(occoc)c2o)c(cop(o)(=s)oc2c(co)oc(n3cc(c)c(=o)[nh]c3=o)c2occoc)oc1n1cc(c)c(n)nc1=o,COCCOC1C(OP(O)(=S)OCC2OC(n3cnc4c(N)ncnc43)C(OCCOC)C2OP(O)(=S)OCC2OC(n3cc(C)c(N)nc3=O)C(OCCOC)C2OP(O)(=S)OCC2OC(n3cc(C)c(=O)[nH]c3=O)C(OCCOC)C2OP(O)(=S)OCC2OC(n3cc(C)c(=O)[nH]c3=O)C(OCCOC)C2OP(O)(=S)OCC2OC(n3cc(C)c(=O)[nH]c3=O)C(OCCOC)C2OP(O)(=S)OCC2OC(n3cc(C)c(N)nc3=O)C(OCCOC)C2OP(O)(=S)OCC2OC(n3cnc4c(N)ncnc43)C(OCCOC)C2OP(O)(=S)OCC2OC(n3cc(C)c(=O)[nH]c3=O)C(OCCOC)C2OP(O)(=S)OCC2OC(n3cnc4c(N)ncnc43)C(OCCOC)C2OP(O)(=S)OCC2OC(n3cnc4c(N)ncnc43)C(OCCOC)C2OP(O)(=S)OCC2OC(n3cc(C)c(=O)[nH]c3=O)C(OCCOC)C2OP(O)(=S)OCC2OC(n3cnc4c(=O)[nH]c(N)nc43)C(OCCOC)C2OP(O)(=S)OCC2OC(n3cc(C)c(N)nc3=O)C(OCCOC)C2OP(O)(=S)OCC2OC(n3cc(C)c(=O)[nH]c3=O)C(OCCOC)C2OP(O)(=S)OCC2OC(n3cnc4c(=O)[nH]c(N)nc43)C(OCCOC)C2OP(O)(=S)OCC2OC(n3cnc4c(=O)[nH]c(N)nc43)C(OCCOC)C2O)C(COP(O)(=S)OC2C(CO)OC(n3cc(C)c(=O)[nH]c3=O)C2OCCOC)OC1n1cc(C)c(N)nc1=O,Original,,,,,,,,
OBETICHOLIC ACID,0,,1,Most,0,,0,,1,Most,0,,0,,0,,CC[C@H]1[C@@H](O)[C@@H]2[C@H](CC[C@]3(C)[C@@H]([C@H](C)CCC(=O)O)CC[C@@H]23)[C@@]2(C)CC[C@@H](O)C[C@@H]12,cc[c@h]1[c@@h](o)[c@@h]2[c@h](cc[c@]3(c)[c@@h]([c@h](c)ccc(=o)o)cc[c@@h]23)[c@@]2(c)cc[c@@h](o)c[c@@h]12,CC[C@H]1[C@@H](O)[C@@H]2[C@H](CC[C@]3(C)[C@@H]([C@H](C)CCC(=O)O)CC[C@@H]23)[C@@]2(C)CC[C@@H](O)C[C@@H]12,Original,,,,,,,,
OCTREOTIDE,1,Most,1,Most,1,Most,0,,1,,1,,0,,1,,C[C@@H](O)[C@@H]1NC(=O)[C@H](CCCCN)NC(=O)[C@@H](Cc2c[nH]c3ccccc23)NC(=O)[C@H](Cc2ccccc2)NC(=O)[C@@H](NC(=O)[C@H](N)Cc2ccccc2)CSSC[C@@H](C(=O)N[C@H](CO)[C@@H](C)O)NC1=O,c[c@@h](o)[c@@h]1nc(=o)[c@h](ccccn)nc(=o)[c@@h](cc2c[nh]c3ccccc23)nc(=o)[c@h](cc2ccccc2)nc(=o)[c@@h](nc(=o)[c@h](n)cc2ccccc2)cssc[c@@h](c(=o)n[c@h](co)[c@@h](c)o)nc1=o,C[C@@H](O)[C@@H]1NC(=O)[C@H](CCCCN)NC(=O)[C@@H](Cc2c[nH]c3ccccc23)NC(=O)[C@H](Cc2ccccc2)NC(=O)[C@@H](NC(=O)[C@H](N)Cc2ccccc2)CSSC[C@@H](C(=O)N[C@H](CO)[C@@H](C)O)NC1=O,Original,,,,,,,,
OCTREOTIDE ACETATE,1,Most,1,Most,1,Most,0,,1,Most,1,,1,,1,,C[C@@H](O)[C@@H]1NC(=O)[C@H](CCCCN)NC(=O)[C@@H](Cc2c[nH]c3ccccc23)NC(=O)[C@H](Cc2ccccc2)NC(=O)[C@@H](NC(=O)[C@H](N)Cc2ccccc2)CSSC[C@@H](C(=O)N[C@H](CO)[C@@H](C)O)NC1=O,c[c@@h](o)[c@@h]1nc(=o)[c@h](ccccn)nc(=o)[c@@h](cc2c[nh]c3ccccc23)nc(=o)[c@h](cc2ccccc2)nc(=o)[c@@h](nc(=o)[c@h](n)cc2ccccc2)cssc[c@@h](c(=o)n[c@h](co)[c@@h](c)o)nc1=o,C[C@@H](O)[C@@H]1NC(=O)[C@H](CCCCN)NC(=O)[C@@H](Cc2c[nH]c3ccccc23)NC(=O)[C@H](Cc2ccccc2)NC(=O)[C@@H](NC(=O)[C@H](N)Cc2ccccc2)CSSC[C@@H](C(=O)N[C@H](CO)[C@@H](C)O)NC1=O,Original,,,,,,,,
ODEVIXIBAT,1,Most,0,,1,,0,,1,Most,0,,0,,0,,CCCCC1(CCCC)CN(c2ccccc2)c2cc(SC)c(OCC(=O)N[C@@H](C(=O)N[C@@H](CC)C(=O)O)c3ccc(O)cc3)cc2S(=O)(=O)N1,ccccc1(cccc)cn(c2ccccc2)c2cc(sc)c(occ(=o)n[c@@h](c(=o)n[c@@h](cc)c(=o)o)c3ccc(o)cc3)cc2s(=o)(=o)n1,CCCCC1(CCCC)CN(c2ccccc2)c2cc(SC)c(OCC(=O)N[C@@H](C(=O)N[C@@H](CC)C(=O)O)c3ccc(O)cc3)cc2S(=O)(=O)N1,Original,,,,,,,,
OLANZAPINE,1,Most,1,Most,1,Most,1,Most,1,Most,0,,1,,0,,Cc1cc2c(s1)Nc1ccccc1N=C2N1CCN(C)CC1,cc1cc2c(s1)nc1ccccc1n=c2n1ccn(c)cc1,Cc1cc2c(s1)Nc1ccccc1N=C2N1CCN(C)CC1,Original,,,,,,,,
OLANZAPINE PAMOATE,1,Most,1,Most,1,Most,1,Most,1,Most,0,,1,,0,,Cc1cc2c(s1)Nc1ccccc1N=C2N1CCN(C)CC1.O=C(O)c1cc2ccccc2c(Cc2c(O)c(C(=O)O)cc3ccccc23)c1O,cc1cc2c(s1)nc1ccccc1n=c2n1ccn(c)cc1.o=c(o)c1cc2ccccc2c(cc2c(o)c(c(=o)o)cc3ccccc23)c1o,Cc1cc2c(s1)Nc1ccccc1N=C2N1CCN(C)CC1.O=C(O)c1cc2ccccc2c(Cc2c(O)c(C(=O)O)cc3ccccc23)c1O,Original,,,,,,,,
OLAPARIB,0,,1,,1,Most,0,,0,,0,,1,Most,0,,O=C(c1cc(Cc2n[nH]c(=O)c3ccccc23)ccc1F)N1CCN(C(=O)C2CC2)CC1,o=c(c1cc(cc2n[nh]c(=o)c3ccccc23)ccc1f)n1ccn(c(=o)c2cc2)cc1,O=C(c1cc(Cc2n[nH]c(=O)c3ccccc23)ccc1F)N1CCN(C(=O)C2CC2)CC1,Original,,,,,,,,
OLICERIDINE,1,Most,1,,0,,1,,1,,0,,1,Most,0,,COc1ccsc1CNCC[C@@]1(c2ccccn2)CCOC2(CCCC2)C1,coc1ccsc1cncc[c@@]1(c2ccccn2)ccoc2(cccc2)c1,COc1ccsc1CNCC[C@@]1(c2ccccn2)CCOC2(CCCC2)C1,Original,,,,,,,,
OLMESARTAN MEDOXOMIL,1,Most,1,,0,,0,,0,,0,,0,,1,Most,CCCc1nc(C(C)(C)O)c(C(=O)OCc2oc(=O)oc2C)n1Cc1ccc(-c2ccccc2-c2nnn[nH]2)cc1,cccc1nc(c(c)(c)o)c(c(=o)occ2oc(=o)oc2c)n1cc1ccc(-c2ccccc2-c2nnn[nh]2)cc1,CCCc1nc(C(C)(C)O)c(C(=O)OCc2oc(=O)oc2C)n1Cc1ccc(-c2ccccc2-c2nnn[nH]2)cc1,Original,,,,,,,,
OLSALAZINE SODIUM,1,Most,1,Most,1,Most,0,,1,Most,1,,1,Most,1,Most,O=C(O)c1cc(/N=N/c2ccc(O)c(C(=O)O)c2)ccc1O,o=c(o)c1cc(/n=n/c2ccc(o)c(c(=o)o)c2)ccc1o,O=C(O)c1cc(/N=N/c2ccc(O)c(C(=O)O)c2)ccc1O,Original,,,,,,,,
OMADACYCLINE,0,,1,Most,1,,1,Most,1,,0,,0,,0,,CN(C)c1cc(CNCC(C)(C)C)c(O)c2c1C[C@H]1C[C@H]3[C@H](N(C)C)C(O)=C(C(N)=O)C(=O)[C@@]3(O)C(O)=C1C2=O,cn(c)c1cc(cncc(c)(c)c)c(o)c2c1c[c@h]1c[c@h]3[c@h](n(c)c)c(o)=c(c(n)=o)c(=o)[c@@]3(o)c(o)=c1c2=o,CN(C)c1cc(CNCC(C)(C)C)c(O)c2c1C[C@H]1C[C@H]3[C@H](N(C)C)C(O)=C(C(N)=O)C(=O)[C@@]3(O)C(O)=C1C2=O,Original,,,,,,,,
OMEGA-3-ACID ETHYL ESTERS,1,,1,,1,Most,0,,1,Most,0,,0,,0,,CC/C=C\C/C=C\C/C=C\C/C=C\C/C=C\C/C=C\CCC(=O)OCC.CC/C=C\C/C=C\C/C=C\C/C=C\C/C=C\CCCC(=O)OCC,cc/c=c\c/c=c\c/c=c\c/c=c\c/c=c\c/c=c\ccc(=o)occ.cc/c=c\c/c=c\c/c=c\c/c=c\c/c=c\cccc(=o)occ,CC/C=C\C/C=C\C/C=C\C/C=C\C/C=C\C/C=C\CCC(=O)OCC.CC/C=C\C/C=C\C/C=C\C/C=C\C/C=C\CCCC(=O)OCC,Original,,,,,,,,
OMEPRAZOLE,0,,1,Most,1,Most,0,,1,Most,0,,0,,1,,COc1ccc2[nH]c([S+]([O-])Cc3ncc(C)c(OC)c3C)nc2c1,coc1ccc2[nh]c([s+]([o-])cc3ncc(c)c(oc)c3c)nc2c1,COc1ccc2[nH]c([S+]([O-])Cc3ncc(C)c(OC)c3C)nc2c1,Original,,,,,,,,
OMEPRAZOLE MAGNESIUM,1,,1,Most,1,Most,0,,1,Most,0,,1,Most,1,Most,COc1ccc2[nH]c([S+]([O-])Cc3ncc(C)c(OC)c3C)nc2c1.COc1ccc2[nH]c([S+]([O-])Cc3ncc(C)c(OC)c3C)nc2c1,coc1ccc2[nh]c([s+]([o-])cc3ncc(c)c(oc)c3c)nc2c1.coc1ccc2[nh]c([s+]([o-])cc3ncc(c)c(oc)c3c)nc2c1,COc1ccc2[nH]c([S+]([O-])Cc3ncc(C)c(OC)c3C)nc2c1.COc1ccc2[nH]c([S+]([O-])Cc3ncc(C)c(OC)c3C)nc2c1,Original,,,,,,,,
ONDANSETRON,1,Most,1,Most,0,,0,,1,,0,,0,,0,,Cc1nccn1CC1CCc2c(c3ccccc3n2C)C1=O,cc1nccn1cc1ccc2c(c3ccccc3n2c)c1=o,Cc1nccn1CC1CCc2c(c3ccccc3n2C)C1=O,Original,,,,,,,,
OPICAPONE,0,,0,,0,,0,,1,,0,,0,,0,,Cc1c(Cl)c(C)[n+]([O-])c(Cl)c1-c1noc(-c2cc(O)c(O)c([N+](=O)[O-])c2)n1,cc1c(cl)c(c)[n+]([o-])c(cl)c1-c1noc(-c2cc(o)c(o)c([n+](=o)[o-])c2)n1,Cc1c(Cl)c(C)[n+]([O-])c(Cl)c1-c1noc(-c2cc(O)c(O)c([N+](=O)[O-])c2)n1,Original,,,,,,,,
ORITAVANCIN,0,,1,Most,1,,0,,0,,0,,0,,0,,CN[C@H](CC(C)C)C(=O)N[C@H]1C(=O)N[C@@H](CC(N)=O)C(=O)N[C@H]2C(=O)N[C@H]3C(=O)N[C@H](C(=O)N[C@H](C(=O)O)c4cc(O)cc(O)c4-c4cc3ccc4O)[C@H](O[C@H]3C[C@](C)(N)[C@@H](O)[C@H](C)O3)c3ccc(c(Cl)c3)Oc3cc2cc(c3O[C@@H]2O[C@H](CO)[C@@H](O)[C@H](O)[C@H]2O[C@H]2C[C@](C)(NCc3ccc(-c4ccc(Cl)cc4)cc3)[C@@H](O)[C@H](C)O2)Oc2ccc(cc2Cl)[C@H]1O,cn[c@h](cc(c)c)c(=o)n[c@h]1c(=o)n[c@@h](cc(n)=o)c(=o)n[c@h]2c(=o)n[c@h]3c(=o)n[c@h](c(=o)n[c@h](c(=o)o)c4cc(o)cc(o)c4-c4cc3ccc4o)[c@h](o[c@h]3c[c@](c)(n)[c@@h](o)[c@h](c)o3)c3ccc(c(cl)c3)oc3cc2cc(c3o[c@@h]2o[c@h](co)[c@@h](o)[c@h](o)[c@h]2o[c@h]2c[c@](c)(ncc3ccc(-c4ccc(cl)cc4)cc3)[c@@h](o)[c@h](c)o2)oc2ccc(cc2cl)[c@h]1o,CN[C@H](CC(C)C)C(=O)N[C@H]1C(=O)N[C@@H](CC(N)=O)C(=O)N[C@H]2C(=O)N[C@H]3C(=O)N[C@H](C(=O)N[C@H](C(=O)O)c4cc(O)cc(O)c4-c4cc3ccc4O)[C@H](O[C@H]3C[C@](C)(N)[C@@H](O)[C@H](C)O3)c3ccc(c(Cl)c3)Oc3cc2cc(c3O[C@@H]2O[C@H](CO)[C@@H](O)[C@H](O)[C@H]2O[C@H]2C[C@](C)(NCc3ccc(-c4ccc(Cl)cc4)cc3)[C@@H](O)[C@H](C)O2)Oc2ccc(cc2Cl)[C@H]1O,Original,,,,,,,,
ORITAVANCIN DIPHOSPHATE,0,,1,Most,1,Most,0,,0,,0,,0,,0,,CN[C@H](CC(C)C)C(=O)N[C@H]1C(=O)N[C@@H](CC(N)=O)C(=O)N[C@H]2C(=O)N[C@H]3C(=O)N[C@H](C(=O)N[C@H](C(=O)O)c4cc(O)cc(O)c4-c4cc3ccc4O)[C@H](O[C@H]3C[C@](C)(N)[C@@H](O)[C@H](C)O3)c3ccc(c(Cl)c3)Oc3cc2cc(c3O[C@@H]2O[C@H](CO)[C@@H](O)[C@H](O)[C@H]2O[C@H]2C[C@](C)(NCc3ccc(-c4ccc(Cl)cc4)cc3)[C@@H](O)[C@H](C)O2)Oc2ccc(cc2Cl)[C@H]1O,cn[c@h](cc(c)c)c(=o)n[c@h]1c(=o)n[c@@h](cc(n)=o)c(=o)n[c@h]2c(=o)n[c@h]3c(=o)n[c@h](c(=o)n[c@h](c(=o)o)c4cc(o)cc(o)c4-c4cc3ccc4o)[c@h](o[c@h]3c[c@](c)(n)[c@@h](o)[c@h](c)o3)c3ccc(c(cl)c3)oc3cc2cc(c3o[c@@h]2o[c@h](co)[c@@h](o)[c@h](o)[c@h]2o[c@h]2c[c@](c)(ncc3ccc(-c4ccc(cl)cc4)cc3)[c@@h](o)[c@h](c)o2)oc2ccc(cc2cl)[c@h]1o,CN[C@H](CC(C)C)C(=O)N[C@H]1C(=O)N[C@@H](CC(N)=O)C(=O)N[C@H]2C(=O)N[C@H]3C(=O)N[C@H](C(=O)N[C@H](C(=O)O)c4cc(O)cc(O)c4-c4cc3ccc4O)[C@H](O[C@H]3C[C@](C)(N)[C@@H](O)[C@H](C)O3)c3ccc(c(Cl)c3)Oc3cc2cc(c3O[C@@H]2O[C@H](CO)[C@@H](O)[C@H](O)[C@H]2O[C@H]2C[C@](C)(NCc3ccc(-c4ccc(Cl)cc4)cc3)[C@@H](O)[C@H](C)O2)Oc2ccc(cc2Cl)[C@H]1O,Original,,,,,,,,
ORLISTAT,0,,1,Most,1,,0,,1,Most,0,,0,,1,Most,CCCCCCCCCCC[C@@H](C[C@@H]1OC(=O)[C@H]1CCCCCC)OC(=O)[C@H](CC(C)C)NC=O,ccccccccccc[c@@h](c[c@@h]1oc(=o)[c@h]1cccccc)oc(=o)[c@h](cc(c)c)nc=o,CCCCCCCCCCC[C@@H](C[C@@H]1OC(=O)[C@H]1CCCCCC)OC(=O)[C@H](CC(C)C)NC=O,Original,,,,,,,,
ORPHENADRINE CITRATE,1,Most,1,,1,,0,,0,,0,,0,,0,,Cc1ccccc1C(OCCN(C)C)c1ccccc1.O=C(O)CC(O)(CC(=O)O)C(=O)O,cc1ccccc1c(occn(c)c)c1ccccc1.o=c(o)cc(o)(cc(=o)o)c(=o)o,Cc1ccccc1C(OCCN(C)C)c1ccccc1.O=C(O)CC(O)(CC(=O)O)C(=O)O,Original,,,,,,,,
OSELTAMIVIR PHOSPHATE,0,,1,Most,0,,0,,0,,0,,0,,0,,CCOC(=O)C1=C[C@@H](OC(CC)CC)[C@H](NC(C)=O)[C@@H](N)C1,ccoc(=o)c1=c[c@@h](oc(cc)cc)[c@h](nc(c)=o)[c@@h](n)c1,CCOC(=O)C1=C[C@@H](OC(CC)CC)[C@H](NC(C)=O)[C@@H](N)C1,Original,,,,,,,,
OSILODROSTAT,1,Most,1,Most,1,,1,,1,,0,,0,,0,,N#Cc1ccc([C@H]2CCc3cncn32)c(F)c1,n#cc1ccc([c@h]2ccc3cncn32)c(f)c1,N#Cc1ccc([C@H]2CCc3cncn32)c(F)c1,Original,,,,,,,,
OSIMERTINIB,1,Most,1,Most,1,Most,1,Most,0,,0,,1,Most,1,,C=CC(=O)Nc1cc(Nc2nccc(-c3cn(C)c4ccccc34)n2)c(OC)cc1N(C)CCN(C)C,c=cc(=o)nc1cc(nc2nccc(-c3cn(c)c4ccccc34)n2)c(oc)cc1n(c)ccn(c)c,C=CC(=O)Nc1cc(Nc2nccc(-c3cn(C)c4ccccc34)n2)c(OC)cc1N(C)CCN(C)C,Original,,,,,,,,
OSPEMIFENE,1,Most,1,Most,1,Most,1,Most,0,,0,,1,Most,0,,OCCOc1ccc(/C(=C(/CCCl)c2ccccc2)c2ccccc2)cc1,occoc1ccc(/c(=c(/cccl)c2ccccc2)c2ccccc2)cc1,OCCOc1ccc(/C(=C(/CCCl)c2ccccc2)c2ccccc2)cc1,Original,,,,,,,,
OXACILLIN,0,,1,Most,1,,0,,1,Most,0,,0,,1,,Cc1onc(-c2ccccc2)c1C(=O)N[C@@H]1C(=O)N2[C@@H]1SC(C)(C)[C@@H]2C(=O)O,cc1onc(-c2ccccc2)c1c(=o)n[c@@h]1c(=o)n2[c@@h]1sc(c)(c)[c@@h]2c(=o)o,Cc1onc(-c2ccccc2)c1C(=O)N[C@@H]1C(=O)N2[C@@H]1SC(C)(C)[C@@H]2C(=O)O,Original,,,,,,,,
OXALIPLATIN,1,Most,1,Most,1,Most,1,Most,1,Most,1,Most,1,Most,1,Most,O=C(O)C(=O)O.[NH-]C1CCCCC1[NH-].[Pt+2],o=c(o)c(=o)o.[nh-]c1ccccc1[nh-].[pt+2],O=C(O)C(=O)O.[NH-]C1CCCCC1[NH-].[Pt+2],Original,,,,,,,,
OXAPROZIN,1,Most,1,Most,1,Most,1,,1,Most,1,,1,Most,1,Most,O=C(O)CCc1nc(-c2ccccc2)c(-c2ccccc2)o1,o=c(o)ccc1nc(-c2ccccc2)c(-c2ccccc2)o1,O=C(O)CCc1nc(-c2ccccc2)c(-c2ccccc2)o1,Original,,,,,,,,
OXAZEPAM,1,,1,,1,,0,,1,,0,,1,Most,0,,O=C1Nc2ccc(Cl)cc2C(c2ccccc2)=NC1O,o=c1nc2ccc(cl)cc2c(c2ccccc2)=nc1o,O=C1Nc2ccc(Cl)cc2C(c2ccccc2)=NC1O,Original,,,,,,,,
OXCARBAZEPINE,1,,1,Most,1,Most,1,,1,,0,,0,,0,,NC(=O)N1c2ccccc2CC(=O)c2ccccc21,nc(=o)n1c2ccccc2cc(=o)c2ccccc21,NC(=O)N1c2ccccc2CC(=O)c2ccccc21,Original,,,,,,,,
OXYBUTYNIN CHLORIDE,0,,1,Most,0,,0,,0,,0,,0,,0,,CCN(CC)CC#CCOC(=O)C(O)(c1ccccc1)C1CCCCC1,ccn(cc)cc#ccoc(=o)c(o)(c1ccccc1)c1ccccc1,CCN(CC)CC#CCOC(=O)C(O)(c1ccccc1)C1CCCCC1,Original,,,,,,,,
OXYCODONE,0,,1,Most,0,,1,Most,0,,0,,1,Most,0,,COc1ccc2c3c1O[C@H]1C(=O)CC[C@@]4(O)[C@@H](C2)N(C)CC[C@]314,coc1ccc2c3c1o[c@h]1c(=o)cc[c@@]4(o)[c@@h](c2)n(c)cc[c@]314,COc1ccc2c3c1O[C@H]1C(=O)CC[C@@]4(O)[C@@H](C2)N(C)CC[C@]314,Original,,,,,,,,
OXYCODONE HYDROCHLORIDE,0,,1,Most,1,,1,Most,0,,0,,1,Most,0,,COc1ccc2c3c1O[C@H]1C(=O)CC[C@@]4(O)[C@@H](C2)N(C)CC[C@]314,coc1ccc2c3c1o[c@h]1c(=o)cc[c@@]4(o)[c@@h](c2)n(c)cc[c@]314,COc1ccc2c3c1O[C@H]1C(=O)CC[C@@]4(O)[C@@H](C2)N(C)CC[C@]314,Original,,,,,,,,
OXYMORPHONE HYDROCHLORIDE,1,Most,1,,1,,1,,1,Most,0,,1,Most,0,,CN1CC[C@]23c4c5ccc(O)c4O[C@H]2C(=O)CC[C@@]3(O)[C@H]1C5,cn1cc[c@]23c4c5ccc(o)c4o[c@h]2c(=o)cc[c@@]3(o)[c@h]1c5,CN1CC[C@]23c4c5ccc(O)c4O[C@H]2C(=O)CC[C@@]3(O)[C@H]1C5,Original,,,,,,,,
OXYTOCIN,1,Most,0,,1,Most,0,,0,,0,,0,,0,,CC[C@H](C)[C@@H]1NC(=O)[C@H](Cc2ccc(O)cc2)NC(=O)[C@@H](N)CSSC[C@@H](C(=O)N2CCC[C@H]2C(=O)N[C@@H](CC(C)C)C(=O)NCC(N)=O)NC(=O)[C@H](CC(N)=O)NC(=O)[C@H](CCC(N)=O)NC1=O,cc[c@h](c)[c@@h]1nc(=o)[c@h](cc2ccc(o)cc2)nc(=o)[c@@h](n)cssc[c@@h](c(=o)n2ccc[c@h]2c(=o)n[c@@h](cc(c)c)c(=o)ncc(n)=o)nc(=o)[c@h](cc(n)=o)nc(=o)[c@h](ccc(n)=o)nc1=o,CC[C@H](C)[C@@H]1NC(=O)[C@H](Cc2ccc(O)cc2)NC(=O)[C@@H](N)CSSC[C@@H](C(=O)N2CCC[C@H]2C(=O)N[C@@H](CC(C)C)C(=O)NCC(N)=O)NC(=O)[C@H](CC(N)=O)NC(=O)[C@H](CCC(N)=O)NC1=O,Original,,,,,,,,
OZANIMOD HYDROCHLORIDE,1,Most,1,Most,1,Most,0,,1,Most,0,,1,Most,0,,CC(C)Oc1ccc(-c2nc(-c3cccc4c3CC[C@@H]4NCCO)no2)cc1C#N,cc(c)oc1ccc(-c2nc(-c3cccc4c3cc[c@@h]4ncco)no2)cc1c#n,CC(C)Oc1ccc(-c2nc(-c3cccc4c3CC[C@@H]4NCCO)no2)cc1C#N,Original,,,,,,,,
PACLITAXEL,1,Most,1,Most,1,Most,1,Most,1,Most,0,,1,Most,1,,CC(=O)O[C@H]1C(=O)[C@@]2(C)[C@H]([C@H](OC(=O)c3ccccc3)[C@]3(O)C[C@H](OC(=O)[C@H](O)[C@@H](NC(=O)c4ccccc4)c4ccccc4)C(C)=C1C3(C)C)[C@]1(OC(C)=O)CO[C@@H]1C[C@@H]2O,cc(=o)o[c@h]1c(=o)[c@@]2(c)[c@h]([c@h](oc(=o)c3ccccc3)[c@]3(o)c[c@h](oc(=o)[c@h](o)[c@@h](nc(=o)c4ccccc4)c4ccccc4)c(c)=c1c3(c)c)[c@]1(oc(c)=o)co[c@@h]1c[c@@h]2o,CC(=O)O[C@H]1C(=O)[C@@]2(C)[C@H]([C@H](OC(=O)c3ccccc3)[C@]3(O)C[C@H](OC(=O)[C@H](O)[C@@H](NC(=O)c4ccccc4)c4ccccc4)C(C)=C1C3(C)C)[C@]1(OC(C)=O)CO[C@@H]1C[C@@H]2O,Original,,,,,,,,
PAFOLACIANINE INJECTION,0,,1,,0,,0,,0,,0,,0,,0,,CC1(C)C(=CC=C2CCCC(C=CC3=[N+](CCCCS(=O)(=O)O)c4ccc(S(=O)(=O)[O-])cc4C3(C)C)=C2Oc2ccc(CC(NC(=O)c3ccc(NCc4cnc5nc(N)[nH]c(=O)c5n4)cc3)C(=O)O)cc2)N(CCCCS(=O)(=O)O)c2ccc(S(=O)(=O)O)cc21,cc1(c)c(=cc=c2cccc(c=cc3=[n+](ccccs(=o)(=o)o)c4ccc(s(=o)(=o)[o-])cc4c3(c)c)=c2oc2ccc(cc(nc(=o)c3ccc(ncc4cnc5nc(n)[nh]c(=o)c5n4)cc3)c(=o)o)cc2)n(ccccs(=o)(=o)o)c2ccc(s(=o)(=o)o)cc21,CC1(C)C(=CC=C2CCCC(C=CC3=[N+](CCCCS(=O)(=O)O)c4ccc(S(=O)(=O)[O-])cc4C3(C)C)=C2Oc2ccc(CC(NC(=O)c3ccc(NCc4cnc5nc(N)[nH]c(=O)c5n4)cc3)C(=O)O)cc2)N(CCCCS(=O)(=O)O)c2ccc(S(=O)(=O)O)cc21,Original,,,,,,,,
PALBOCICLIB,0,,1,Most,1,Most,1,Most,1,,0,,1,Most,1,,CC(=O)c1c(C)c2cnc(Nc3ccc(N4CCNCC4)cn3)nc2n(C2CCCC2)c1=O,cc(=o)c1c(c)c2cnc(nc3ccc(n4ccncc4)cn3)nc2n(c2cccc2)c1=o,CC(=O)c1c(C)c2cnc(Nc3ccc(N4CCNCC4)cn3)nc2n(C2CCCC2)c1=O,Original,,,,,,,,
PALIPERIDONE,1,Most,1,,1,,1,,0,,0,,0,,0,,Cc1nc2n(c(=O)c1CCN1CCC(c3noc4cc(F)ccc34)CC1)CCCC2O,cc1nc2n(c(=o)c1ccn1ccc(c3noc4cc(f)ccc34)cc1)cccc2o,Cc1nc2n(c(=O)c1CCN1CCC(c3noc4cc(F)ccc34)CC1)CCCC2O,Original,,,,,,,,
PALIPERIDONE PALMITATE,1,Most,1,Most,1,Most,1,,0,,0,,0,,0,,CCCCCCCCCCCCCCCC(=O)OC1CCCn2c1nc(C)c(CCN1CCC(c3noc4cc(F)ccc34)CC1)c2=O,cccccccccccccccc(=o)oc1cccn2c1nc(c)c(ccn1ccc(c3noc4cc(f)ccc34)cc1)c2=o,CCCCCCCCCCCCCCCC(=O)OC1CCCn2c1nc(C)c(CCN1CCC(c3noc4cc(F)ccc34)CC1)c2=O,Original,,,,,,,,
PAMIDRONATE DISODIUM,1,,1,Most,1,Most,1,,1,,0,,1,Most,1,Most,NCCC(O)(P(=O)(O)O)P(=O)(O)O,nccc(o)(p(=o)(o)o)p(=o)(o)o,NCCC(O)(P(=O)(O)O)P(=O)(O)O,Original,,,,,,,,
PANOBINOSTAT,1,Most,1,Most,1,Most,1,Most,1,Most,0,,1,Most,1,,Cc1[nH]c2ccccc2c1CCNCc1ccc(/C=C/C(=O)NO)cc1,cc1[nh]c2ccccc2c1ccncc1ccc(/c=c/c(=o)no)cc1,Cc1[nH]c2ccccc2c1CCNCc1ccc(/C=C/C(=O)NO)cc1,Original,,,,,,,,
PANTOPRAZOLE,0,,1,Most,1,Most,0,,1,Most,0,,0,,1,Most,COc1ccnc(C[S+]([O-])c2nc3cc(OC(F)F)ccc3[nH]2)c1OC,coc1ccnc(c[s+]([o-])c2nc3cc(oc(f)f)ccc3[nh]2)c1oc,COc1ccnc(C[S+]([O-])c2nc3cc(OC(F)F)ccc3[nH]2)c1OC,Original,,,,,,,,
PARICALCITOL,1,Most,1,Most,0,,0,,0,,0,,0,,0,,C[C@H](/C=C/[C@H](C)C(C)(C)O)[C@H]1CC[C@H]2/C(=C/C=C3C[C@@H](O)C[C@H](O)C3)CCC[C@]12C,c[c@h](/c=c/[c@h](c)c(c)(c)o)[c@h]1cc[c@h]2/c(=c/c=c3c[c@@h](o)c[c@h](o)c3)ccc[c@]12c,C[C@H](/C=C/[C@H](C)C(C)(C)O)[C@H]1CC[C@H]2/C(=C/C=C3C[C@@H](O)C[C@H](O)C3)CCC[C@]12C,Original,,,,,,,,
PAROMOMYCIN SULFATE,0,,0,,0,,0,,0,,0,,0,,1,,NC[C@@H]1O[C@H](O[C@H]2[C@@H](O)[C@H](O[C@@H]3[C@@H](O)[C@H](N)C[C@H](N)[C@H]3O[C@H]3O[C@H](CO)[C@@H](O)[C@H](O)[C@H]3N)O[C@@H]2CO)[C@H](N)[C@@H](O)[C@@H]1O,nc[c@@h]1o[c@h](o[c@h]2[c@@h](o)[c@h](o[c@@h]3[c@@h](o)[c@h](n)c[c@h](n)[c@h]3o[c@h]3o[c@h](co)[c@@h](o)[c@h](o)[c@h]3n)o[c@@h]2co)[c@h](n)[c@@h](o)[c@@h]1o,NC[C@@H]1O[C@H](O[C@H]2[C@@H](O)[C@H](O[C@@H]3[C@@H](O)[C@H](N)C[C@H](N)[C@H]3O[C@H]3O[C@H](CO)[C@@H](O)[C@H](O)[C@H]3N)O[C@@H]2CO)[C@H](N)[C@@H](O)[C@@H]1O,Original,,,,,,,,
PAROXETINE,1,Most,1,Most,1,Most,1,Most,1,Most,1,,1,Most,0,,Fc1ccc([C@@H]2CCNC[C@H]2COc2ccc3c(c2)OCO3)cc1,fc1ccc([c@@h]2ccnc[c@h]2coc2ccc3c(c2)oco3)cc1,Fc1ccc([C@@H]2CCNC[C@H]2COc2ccc3c(c2)OCO3)cc1,Original,,,,,,,,
PAROXETINE HYDROCHLORIDE,1,Most,1,Most,1,Most,1,Most,1,Most,0,,1,Most,0,,Fc1ccc([C@@H]2CCNC[C@H]2COc2ccc3c(c2)OCO3)cc1.Fc1ccc([C@@H]2CCNC[C@H]2COc2ccc3c(c2)OCO3)cc1,fc1ccc([c@@h]2ccnc[c@h]2coc2ccc3c(c2)oco3)cc1.fc1ccc([c@@h]2ccnc[c@h]2coc2ccc3c(c2)oco3)cc1,Fc1ccc([C@@H]2CCNC[C@H]2COc2ccc3c(c2)OCO3)cc1.Fc1ccc([C@@H]2CCNC[C@H]2COc2ccc3c(c2)OCO3)cc1,Original,,,,,,,,
PAROXETINE MESYLATE,1,,1,Most,1,Most,1,Most,1,Most,0,,1,Most,0,,Fc1ccc([C@@H]2CCNC[C@H]2COc2ccc3c(c2)OCO3)cc1,fc1ccc([c@@h]2ccnc[c@h]2coc2ccc3c(c2)oco3)cc1,Fc1ccc([C@@H]2CCNC[C@H]2COc2ccc3c(c2)OCO3)cc1,Original,,,,,,,,
PASIREOTIDE,1,Most,1,Most,1,Most,1,Most,1,Most,0,,0,,0,,NCCCC[C@@H]1NC(=O)[C@@H](Cc2c[nH]c3ccccc23)NC(=O)[C@H](c2ccccc2)NC(=O)[C@@H]2C[C@@H](OC(=O)NCCN)CN2C(=O)[C@H](Cc2ccccc2)NC(=O)[C@H](Cc2ccc(OCc3ccccc3)cc2)NC1=O,ncccc[c@@h]1nc(=o)[c@@h](cc2c[nh]c3ccccc23)nc(=o)[c@h](c2ccccc2)nc(=o)[c@@h]2c[c@@h](oc(=o)nccn)cn2c(=o)[c@h](cc2ccccc2)nc(=o)[c@h](cc2ccc(occ3ccccc3)cc2)nc1=o,NCCCC[C@@H]1NC(=O)[C@@H](Cc2c[nH]c3ccccc23)NC(=O)[C@H](c2ccccc2)NC(=O)[C@@H]2C[C@@H](OC(=O)NCCN)CN2C(=O)[C@H](Cc2ccccc2)NC(=O)[C@H](Cc2ccc(OCc3ccccc3)cc2)NC1=O,Original,,,,,,,,
PATIROMER,0,,1,,0,,0,,0,,0,,0,,0,,C.C.C.C.C.C.CCC(C)C.CCC(C)CCCCC(C)CC(CC(F)(CC)C(=O)O)c1ccccc1,c.c.c.c.c.c.ccc(c)c.ccc(c)ccccc(c)cc(cc(f)(cc)c(=o)o)c1ccccc1,C.C.C.C.C.C.CCC(C)C.CCC(C)CCCCC(C)CC(CC(F)(CC)C(=O)O)c1ccccc1,Original,,,,,,,,
PATISIRAN,1,,1,,0,,0,,0,,0,,0,,0,,Not found,not found,,NotFound,PATISIRAN,PATISIRAN,,,not_found | variants_tried=1,,,
PEGCETACOPLAN,0,,0,,0,,0,,0,,0,,0,,0,,CCCC.CCCC.CNC(CCCCNC(=O)OCCOCCOC(=O)NCCCCC(NC)C(N)=O)C(N)=O,cccc.cccc.cnc(ccccnc(=o)occoccoc(=o)nccccc(nc)c(n)=o)c(n)=o,CCCC.CCCC.CNC(CCCCNC(=O)OCCOCCOC(=O)NCCCCC(NC)C(N)=O)C(N)=O,Original,,,,,,,,
PEMETREXED,1,,1,Most,1,Most,1,Most,1,,0,,1,Most,1,Most,Nc1nc2[nH]cc(CCc3ccc(C(=O)N[C@@H](CCC(=O)O)C(=O)O)cc3)c2c(=O)[nH]1,nc1nc2[nh]cc(ccc3ccc(c(=o)n[c@@h](ccc(=o)o)c(=o)o)cc3)c2c(=o)[nh]1,Nc1nc2[nH]cc(CCc3ccc(C(=O)N[C@@H](CCC(=O)O)C(=O)O)cc3)c2c(=O)[nH]1,Original,,,,,,,,
PEMETREXED DISODIUM,0,,1,Most,1,Most,1,Most,0,,0,,1,Most,1,Most,Nc1nc2[nH]cc(CCc3ccc(C(=O)N[C@@H](CCC(=O)O)C(=O)O)cc3)c2c(=O)[nH]1,nc1nc2[nh]cc(ccc3ccc(c(=o)n[c@@h](ccc(=o)o)c(=o)o)cc3)c2c(=o)[nh]1,Nc1nc2[nH]cc(CCc3ccc(C(=O)N[C@@H](CCC(=O)O)C(=O)O)cc3)c2c(=O)[nH]1,Original,,,,,,,,
PEMIGATINIB,0,,1,Most,1,Most,0,,1,,0,,0,,1,Most,CCN1C(=O)N(c2c(F)c(OC)cc(OC)c2F)Cc2cnc3[nH]c(CN4CCOCC4)cc3c21,ccn1c(=o)n(c2c(f)c(oc)cc(oc)c2f)cc2cnc3[nh]c(cn4ccocc4)cc3c21,CCN1C(=O)N(c2c(F)c(OC)cc(OC)c2F)Cc2cnc3[nH]c(CN4CCOCC4)cc3c21,Original,,,,,,,,
PENICILLAMINE,0,,1,Most,1,Most,0,,1,,0,,1,Most,1,Most,CC(C)(S)[C@@H](N)C(=O)O,cc(c)(s)[c@@h](n)c(=o)o,CC(C)(S)[C@@H](N)C(=O)O,Original,,,,,,,,
PENICILLIN G BENZATHINE,1,Most,1,Most,1,Most,0,,0,,0,,1,Most,1,Most,CC1(C)S[C@@H]2[C@H](NC(=O)Cc3ccccc3)C(=O)N2[C@H]1C(=O)O.CC1(C)S[C@@H]2[C@H](NC(=O)Cc3ccccc3)C(=O)N2[C@H]1C(=O)O.c1ccc(CNCCNCc2ccccc2)cc1,cc1(c)s[c@@h]2[c@h](nc(=o)cc3ccccc3)c(=o)n2[c@h]1c(=o)o.cc1(c)s[c@@h]2[c@h](nc(=o)cc3ccccc3)c(=o)n2[c@h]1c(=o)o.c1ccc(cnccncc2ccccc2)cc1,CC1(C)S[C@@H]2[C@H](NC(=O)Cc3ccccc3)C(=O)N2[C@H]1C(=O)O.CC1(C)S[C@@H]2[C@H](NC(=O)Cc3ccccc3)C(=O)N2[C@H]1C(=O)O.c1ccc(CNCCNCc2ccccc2)cc1,Original,,,,,,,,
PENICILLIN G POTASSIUM,1,,1,Most,1,Most,0,,0,,0,,0,,1,Most,CC1(C)S[C@@H]2[C@H](NC(=O)Cc3ccccc3)C(=O)N2[C@H]1C(=O)O,cc1(c)s[c@@h]2[c@h](nc(=o)cc3ccccc3)c(=o)n2[c@h]1c(=o)o,CC1(C)S[C@@H]2[C@H](NC(=O)Cc3ccccc3)C(=O)N2[C@H]1C(=O)O,Original,,,,,,,,
PENICILLIN G SODIUM,1,Most,1,Most,1,Most,0,,0,,0,,1,,1,Most,CC1(C)S[C@@H]2[C@H](NC(=O)Cc3ccccc3)C(=O)N2[C@H]1C(=O)O,cc1(c)s[c@@h]2[c@h](nc(=o)cc3ccccc3)c(=o)n2[c@h]1c(=o)o,CC1(C)S[C@@H]2[C@H](NC(=O)Cc3ccccc3)C(=O)N2[C@H]1C(=O)O,Original,,,,,,,,
PENICILLIN V POTASSIUM,0,,1,Most,1,,0,,0,,0,,0,,0,,CC1(C)S[C@@H]2[C@H](NC(=O)COc3ccccc3)C(=O)N2[C@H]1C(=O)O,cc1(c)s[c@@h]2[c@h](nc(=o)coc3ccccc3)c(=o)n2[c@h]1c(=o)o,CC1(C)S[C@@H]2[C@H](NC(=O)COc3ccccc3)C(=O)N2[C@H]1C(=O)O,Original,,,,,,,,
PENTAMIDINE ISETHIONATE,1,Most,1,Most,1,Most,0,,1,,0,,0,,1,Most,N=C(N)c1ccc(OCCCCCOc2ccc(C(=N)N)cc2)cc1.O=S(=O)(O)CCO.O=S(=O)(O)CCO,n=c(n)c1ccc(occcccoc2ccc(c(=n)n)cc2)cc1.o=s(=o)(o)cco.o=s(=o)(o)cco,N=C(N)c1ccc(OCCCCCOc2ccc(C(=N)N)cc2)cc1.O=S(=O)(O)CCO.O=S(=O)(O)CCO,Original,,,,,,,,
PENTOBARBITAL SODIUM,1,Most,1,Most,1,,0,,0,,0,,1,Most,0,,CCCC(C)C1(CC)C(=O)N=C(O)NC1=O,cccc(c)c1(cc)c(=o)n=c(o)nc1=o,CCCC(C)C1(CC)C(=O)N=C(O)NC1=O,Original,,,,,,,,
PENTOSAN POLYSULFATE SODIUM,0,,1,Most,1,Most,0,,1,,0,,0,,0,,Not found,not found,O[C@@H]1CO[C@@H](O[C@@H]2CO[C@@H](O)[C@H](O[S](O)(=O)=O)[C@H]2O[S](O)(=O)=O)[C@H](O[S](O)(=O)=O)[C@H]1O[S](O)(=O)=O,NCI/Cactus,,,,,,,,
PENTOSTATIN,1,,1,Most,1,Most,1,,1,,1,,1,Most,1,Most,OC[C@H]1O[C@@H](n2cnc3c2N=CNC[C@H]3O)C[C@@H]1O,oc[c@h]1o[c@@h](n2cnc3c2n=cnc[c@h]3o)c[c@@h]1o,OC[C@H]1O[C@@H](n2cnc3c2N=CNC[C@H]3O)C[C@@H]1O,Original,,,,,,,,
PENTOXIFYLLINE,1,,1,,1,Most,0,,1,Most,0,,0,,1,Most,CC(=O)CCCCn1c(=O)c2c(ncn2C)n(C)c1=O,cc(=o)ccccn1c(=o)c2c(ncn2c)n(c)c1=o,CC(=O)CCCCn1c(=O)c2c(ncn2C)n(C)c1=O,Original,,,,,,,,
PERAMIVIR,0,,1,Most,1,,0,,0,,0,,0,,1,Most,CCC(CC)[C@H](NC(C)=O)[C@@H]1[C@H](O)[C@@H](C(=O)O)C[C@H]1NC(=N)N,ccc(cc)[c@h](nc(c)=o)[c@@h]1[c@h](o)[c@@h](c(=o)o)c[c@h]1nc(=n)n,CCC(CC)[C@H](NC(C)=O)[C@@H]1[C@H](O)[C@@H](C(=O)O)C[C@H]1NC(=N)N,Original,,,,,,,,
PERAMPANEL,0,,1,Most,1,,0,,1,,0,,0,,0,,N#Cc1ccccc1-c1cc(-c2ccccn2)cn(-c2ccccc2)c1=O,n#cc1ccccc1-c1cc(-c2ccccn2)cn(-c2ccccc2)c1=o,N#Cc1ccccc1-c1cc(-c2ccccn2)cn(-c2ccccc2)c1=O,Original,,,,,,,,
PERFLUTREN,1,Most,1,Most,1,Most,0,,0,,1,,1,Most,0,,FC(F)(F)C(F)(F)C(F)(F)F,fc(f)(f)c(f)(f)c(f)(f)f,FC(F)(F)C(F)(F)C(F)(F)F,Original,,,,,,,,
PERINDOPRIL ERBUMINE,1,,1,Most,1,Most,0,,1,,0,,0,,1,Most,CC(C)(C)N.CCC[C@H](N[C@@H](C)C(=O)N1[C@H](C(=O)O)C[C@@H]2CCCC[C@@H]21)C(=O)OCC,cc(c)(c)n.ccc[c@h](n[c@@h](c)c(=o)n1[c@h](c(=o)o)c[c@@h]2cccc[c@@h]21)c(=o)occ,CC(C)(C)N.CCC[C@H](N[C@@H](C)C(=O)N1[C@H](C(=O)O)C[C@@H]2CCCC[C@@H]21)C(=O)OCC,Original,,,,,,,,
PERPHENAZINE,1,Most,1,Most,1,Most,1,,1,Most,0,,0,,0,,OCCN1CCN(CCCN2c3ccccc3Sc3ccc(Cl)cc32)CC1,occn1ccn(cccn2c3ccccc3sc3ccc(cl)cc32)cc1,OCCN1CCN(CCCN2c3ccccc3Sc3ccc(Cl)cc32)CC1,Original,,,,,,,,
PHENDIMETRAZINE TARTRATE,1,Most,1,,0,,0,,0,,0,,1,Most,0,,C[C@H]1[C@H](c2ccccc2)OCCN1C.O=C(O)C(O)C(O)C(=O)O,c[c@h]1[c@h](c2ccccc2)occn1c.o=c(o)c(o)c(o)c(=o)o,C[C@H]1[C@H](c2ccccc2)OCCN1C.O=C(O)C(O)C(O)C(=O)O,Original,,,,,,,,
PHENELZINE SULFATE,1,Most,1,,1,,0,,1,Most,0,,1,Most,0,,NNCCc1ccccc1,nnccc1ccccc1,NNCCc1ccccc1,Original,,,,,,,,
PHENOXYBENZAMINE HYDROCHLORIDE,1,Most,0,,0,,1,Most,0,,0,,0,,0,,CC(COc1ccccc1)N(CCCl)Cc1ccccc1,cc(coc1ccccc1)n(cccl)cc1ccccc1,CC(COc1ccccc1)N(CCCl)Cc1ccccc1,Original,,,,,,,,
PHENTERMINE HYDROCHLORIDE,1,Most,1,,0,,0,,0,,0,,1,Most,1,Most,CC(C)(N)Cc1ccccc1,cc(c)(n)cc1ccccc1,CC(C)(N)Cc1ccccc1,Original,,,,,,,,
PHENTERMINE RESIN,1,Most,1,,0,,0,,0,,0,,1,,0,,CC(C)(N)Cc1ccccc1,cc(c)(n)cc1ccccc1,CC(C)(N)Cc1ccccc1,Original,,,,,,,,
PHENTOLAMINE MESYLATE,0,,0,,0,,0,,0,,0,,0,,0,,Cc1ccc(N(CC2=NCCN2)c2cccc(O)c2)cc1,cc1ccc(n(cc2=nccn2)c2cccc(o)c2)cc1,Cc1ccc(N(CC2=NCCN2)c2cccc(O)c2)cc1,Original,,,,,,,,
PHENYTOIN,1,Most,1,Most,1,Most,0,,1,Most,0,,0,,1,Most,O=C1NC(=O)C(c2ccccc2)(c2ccccc2)N1,o=c1nc(=o)c(c2ccccc2)(c2ccccc2)n1,O=C1NC(=O)C(c2ccccc2)(c2ccccc2)N1,Original,,,,,,,,
PHYTONADIONE,0,,0,,1,Most,0,,0,,0,,0,,0,,CC1=C(C/C=C(\C)CCC[C@H](C)CCC[C@H](C)CCCC(C)C)C(=O)c2ccccc2C1=O,cc1=c(c/c=c(\c)ccc[c@h](c)ccc[c@h](c)cccc(c)c)c(=o)c2ccccc2c1=o,CC1=C(C/C=C(\C)CCC[C@H](C)CCC[C@H](C)CCCC(C)C)C(=O)c2ccccc2C1=O,Original,,,,,,,,
PIFLUFOLASTAT F-18,0,,0,,0,,0,,0,,0,,0,,0,,O=C(O)CCC(NC(=O)NC(CCCCNC(=O)c1ccc(F)nc1)C(=O)O)C(=O)O,o=c(o)ccc(nc(=o)nc(ccccnc(=o)c1ccc(f)nc1)c(=o)o)c(=o)o,O=C(O)CCC(NC(=O)NC(CCCCNC(=O)c1ccc(F)nc1)C(=O)O)C(=O)O,Original,,,,,,,,
PIMAVANSERIN TARTRATE,1,Most,1,,0,,1,,0,,0,,1,Most,1,Most,CC(C)COc1ccc(CNC(=O)N(Cc2ccc(F)cc2)C2CCN(C)CC2)cc1.CC(C)COc1ccc(CNC(=O)N(Cc2ccc(F)cc2)C2CCN(C)CC2)cc1.O=C(O)C(O)C(O)C(=O)O,cc(c)coc1ccc(cnc(=o)n(cc2ccc(f)cc2)c2ccn(c)cc2)cc1.cc(c)coc1ccc(cnc(=o)n(cc2ccc(f)cc2)c2ccn(c)cc2)cc1.o=c(o)c(o)c(o)c(=o)o,CC(C)COc1ccc(CNC(=O)N(Cc2ccc(F)cc2)C2CCN(C)CC2)cc1.CC(C)COc1ccc(CNC(=O)N(Cc2ccc(F)cc2)C2CCN(C)CC2)cc1.O=C(O)C(O)C(O)C(=O)O,Original,,,,,,,,
PIMOZIDE,1,Most,1,Most,1,Most,1,,0,,0,,0,,0,,O=c1[nH]c2ccccc2n1C1CCN(CCCC(c2ccc(F)cc2)c2ccc(F)cc2)CC1,o=c1[nh]c2ccccc2n1c1ccn(cccc(c2ccc(f)cc2)c2ccc(f)cc2)cc1,O=c1[nH]c2ccccc2n1C1CCN(CCCC(c2ccc(F)cc2)c2ccc(F)cc2)CC1,Original,,,,,,,,
PINDOLOL,1,Most,1,,1,,1,,0,,0,,1,,0,,CC(C)NCC(O)COc1cccc2[nH]ccc12,cc(c)ncc(o)coc1cccc2[nh]ccc12,CC(C)NCC(O)COc1cccc2[nH]ccc12,Original,,,,,,,,
PIOGLITAZONE,1,Most,0,,1,,0,,1,,0,,0,,0,,CCc1ccc(CCOc2ccc(CC3SC(=O)NC3=O)cc2)nc1,ccc1ccc(ccoc2ccc(cc3sc(=o)nc3=o)cc2)nc1,CCc1ccc(CCOc2ccc(CC3SC(=O)NC3=O)cc2)nc1,Original,,,,,,,,
PIRFENIDONE,0,,1,Most,1,Most,1,,1,Most,0,,0,,0,,Cc1ccc(=O)n(-c2ccccc2)c1,cc1ccc(=o)n(-c2ccccc2)c1,Cc1ccc(=O)n(-c2ccccc2)c1,Original,,,,,,,,
PIROXICAM,1,Most,1,Most,1,Most,1,Most,1,Most,1,Most,0,,1,Most,CN1C(C(=O)Nc2ccccn2)=C(O)c2ccccc2S1(=O)=O,cn1c(c(=o)nc2ccccn2)=c(o)c2ccccc2s1(=o)=o,CN1C(C(=O)Nc2ccccn2)=C(O)c2ccccc2S1(=O)=O,Original,,,,,,,,
PITAVASTATIN CALCIUM,0,,1,,1,,1,,1,Most,0,,1,,1,Most,O=C(O)C[C@H](O)C[C@H](O)/C=C/c1c(C2CC2)nc2ccccc2c1-c1ccc(F)cc1.O=C(O)C[C@H](O)C[C@H](O)/C=C/c1c(C2CC2)nc2ccccc2c1-c1ccc(F)cc1,o=c(o)c[c@h](o)c[c@h](o)/c=c/c1c(c2cc2)nc2ccccc2c1-c1ccc(f)cc1.o=c(o)c[c@h](o)c[c@h](o)/c=c/c1c(c2cc2)nc2ccccc2c1-c1ccc(f)cc1,O=C(O)C[C@H](O)C[C@H](O)/C=C/c1c(C2CC2)nc2ccccc2c1-c1ccc(F)cc1.O=C(O)C[C@H](O)C[C@H](O)/C=C/c1c(C2CC2)nc2ccccc2c1-c1ccc(F)cc1,Original,,,,,,,,
PITAVASTATIN MAGNESIUM,0,,1,,0,,1,,1,Most,0,,1,,1,Most,O=C(O)C[C@H](O)C[C@H](O)/C=C/c1c(C2CC2)nc2ccccc2c1-c1ccc(F)cc1.O=C(O)C[C@H](O)C[C@H](O)/C=C/c1c(C2CC2)nc2ccccc2c1-c1ccc(F)cc1,o=c(o)c[c@h](o)c[c@h](o)/c=c/c1c(c2cc2)nc2ccccc2c1-c1ccc(f)cc1.o=c(o)c[c@h](o)c[c@h](o)/c=c/c1c(c2cc2)nc2ccccc2c1-c1ccc(f)cc1,O=C(O)C[C@H](O)C[C@H](O)/C=C/c1c(C2CC2)nc2ccccc2c1-c1ccc(F)cc1.O=C(O)C[C@H](O)C[C@H](O)/C=C/c1c(C2CC2)nc2ccccc2c1-c1ccc(F)cc1,Original,,,,,,,,
PITOLISANT HYDROCHLORIDE,1,Most,1,,0,,1,Most,0,,0,,0,,0,,Clc1ccc(CCCOCCCN2CCCCC2)cc1,clc1ccc(cccocccn2ccccc2)cc1,Clc1ccc(CCCOCCCN2CCCCC2)cc1,Original,,,,,,,,
PLAZOMICIN,0,,0,,0,,1,,0,,1,Most,0,,1,Most,CN[C@@H]1[C@@H](O)[C@@H](O[C@@H]2[C@@H](O)[C@H](O[C@H]3OC(CNCCO)=CC[C@H]3N)[C@@H](N)C[C@H]2NC(=O)[C@@H](O)CCN)OC[C@]1(C)O,cn[c@@h]1[c@@h](o)[c@@h](o[c@@h]2[c@@h](o)[c@h](o[c@h]3oc(cncco)=cc[c@h]3n)[c@@h](n)c[c@h]2nc(=o)[c@@h](o)ccn)oc[c@]1(c)o,CN[C@@H]1[C@@H](O)[C@@H](O[C@@H]2[C@@H](O)[C@H](O[C@H]3OC(CNCCO)=CC[C@H]3N)[C@@H](N)C[C@H]2NC(=O)[C@@H](O)CCN)OC[C@]1(C)O,Original,,,,,,,,
PLECANATIDE,0,,1,,0,,0,,1,,0,,0,,0,,CC(C)C[C@H](NC(=O)[C@@H]1CSSC[C@@H]2NC(=O)[C@H](CC(C)C)NC(=O)[C@H](CCC(=O)O)NC(=O)[C@@H](NC(=O)[C@H](CCC(=O)O)NC(=O)[C@H](CC(=O)O)NC(=O)[C@@H](N)CC(N)=O)CSSC[C@H](NC(=O)[C@H](C)NC(=O)[C@H](C(C)C)NC(=O)[C@H](CC(N)=O)NC(=O)[C@H](C(C)C)NC2=O)C(=O)N[C@@H]([C@@H](C)O)C(=O)NCC(=O)N1)C(=O)O,cc(c)c[c@h](nc(=o)[c@@h]1cssc[c@@h]2nc(=o)[c@h](cc(c)c)nc(=o)[c@h](ccc(=o)o)nc(=o)[c@@h](nc(=o)[c@h](ccc(=o)o)nc(=o)[c@h](cc(=o)o)nc(=o)[c@@h](n)cc(n)=o)cssc[c@h](nc(=o)[c@h](c)nc(=o)[c@h](c(c)c)nc(=o)[c@h](cc(n)=o)nc(=o)[c@h](c(c)c)nc2=o)c(=o)n[c@@h]([c@@h](c)o)c(=o)ncc(=o)n1)c(=o)o,CC(C)C[C@H](NC(=O)[C@@H]1CSSC[C@@H]2NC(=O)[C@H](CC(C)C)NC(=O)[C@H](CCC(=O)O)NC(=O)[C@@H](NC(=O)[C@H](CCC(=O)O)NC(=O)[C@H](CC(=O)O)NC(=O)[C@@H](N)CC(N)=O)CSSC[C@H](NC(=O)[C@H](C)NC(=O)[C@H](C(C)C)NC(=O)[C@H](CC(N)=O)NC(=O)[C@H](C(C)C)NC2=O)C(=O)N[C@@H]([C@@H](C)O)C(=O)NCC(=O)N1)C(=O)O,Original,,,,,,,,
PLERIXAFOR,0,,1,Most,1,Most,0,,0,,0,,0,,0,,c1cc(CN2CCCNCCNCCCNCC2)ccc1CN1CCCNCCNCCCNCC1,c1cc(cn2cccnccncccncc2)ccc1cn1cccnccncccncc1,c1cc(CN2CCCNCCNCCCNCC2)ccc1CN1CCCNCCNCCCNCC1,Original,,,,,,,,
POLIDOCANOL,1,Most,1,Most,1,Most,0,,0,,0,,0,,1,,CCCCCCCCCCCCOCCOCCOCCOCCOCCOCCOCCOCCOCCO,ccccccccccccoccoccoccoccoccoccoccoccocco,CCCCCCCCCCCCOCCOCCOCCOCCOCCOCCOCCOCCOCCO,Original,,,,,,,,
POLYMYXIN B,0,,1,,0,,0,,0,,0,,0,,1,Most,Not found,not found,CC[C@H](C)CCCCC(=O)N[C@@H](CCN)C(=O)N[C@H](C(=O)N[C@@H](CCN)C(=O)N[C@H]1CCNC(=O)[C@H]([C@@H](C)O)NC(=O)[C@H](CCN)NC(=O)[C@H](CCN)NC(=O)[C@H](CC(C)C)NC(=O)[C@@H](Cc2ccccc2)NC(=O)[C@@H](CCN)NC1=O)[C@@H](C)O,ChEMBL,POLYMYXIN B,POLYMYXIN B,CC[C@H](C)CCCCC(=O)N[C@@H](CCN)C(=O)N[C@H](C(=O)N[C@@H](CCN)C(=O)N[C@H]1CCNC(=O)[C@H]([C@@H](C)O)NC(=O)[C@H](CCN)NC(=O)[C@H](CCN)NC(=O)[C@H](CC(C)C)NC(=O)[C@@H](Cc2ccccc2)NC(=O)[C@@H](CCN)NC1=O)[C@@H](C)O,ChEMBL,found_chembl | variants_tried=2,,,
POMALIDOMIDE,1,Most,1,Most,1,Most,1,Most,1,Most,0,,1,Most,1,Most,Nc1cccc2c1C(=O)N(C1CCC(=O)NC1=O)C2=O,nc1cccc2c1c(=o)n(c1ccc(=o)nc1=o)c2=o,Nc1cccc2c1C(=O)N(C1CCC(=O)NC1=O)C2=O,Original,,,,,,,,
PONATINIB HYDROCHLORIDE,1,Most,1,Most,1,Most,1,Most,1,Most,0,,0,,1,,Cc1ccc(C(=O)Nc2ccc(CN3CCN(C)CC3)c(C(F)(F)F)c2)cc1C#Cc1cnc2cccnn12,cc1ccc(c(=o)nc2ccc(cn3ccn(c)cc3)c(c(f)(f)f)c2)cc1c#cc1cnc2cccnn12,Cc1ccc(C(=O)Nc2ccc(CN3CCN(C)CC3)c(C(F)(F)F)c2)cc1C#Cc1cnc2cccnn12,Original,,,,,,,,
PONESIMOD,1,Most,1,Most,1,Most,1,,1,Most,0,,1,Most,0,,CCC/N=C1\S/C(=C\c2ccc(OC[C@H](O)CO)c(Cl)c2)C(=O)N1c1ccccc1C,ccc/n=c1\s/c(=c\c2ccc(oc[c@h](o)co)c(cl)c2)c(=o)n1c1ccccc1c,CCC/N=C1\S/C(=C\c2ccc(OC[C@H](O)CO)c(Cl)c2)C(=O)N1c1ccccc1C,Original,,,,,,,,
PORFIMER SODIUM,1,,1,Most,1,Most,0,,1,,0,,1,Most,0,,Not found,not found,CC(O)c1c(C)c2[nH]c1cc3[nH]c(cc4nc(cc5nc(c2)c(C)c5CCC(O)=O)c(CCC(O)=O)c4C)c(C(C)OC(C)c6c(C)c7[nH]c6cc8[nH]c(cc9nc(cc%10nc(c7)c(C)c%10CCC(O)=O)c(CCC(O)=O)c9C)c(C(C)O)c8C)c3C,NCI/Cactus,,,,,,,,
POSACONAZOLE,1,Most,1,Most,1,Most,0,,1,Most,0,,0,,1,Most,CC[C@@H]([C@H](C)O)n1ncn(-c2ccc(N3CCN(c4ccc(OC[C@@H]5CO[C@@](Cn6cncn6)(c6ccc(F)cc6F)C5)cc4)CC3)cc2)c1=O,cc[c@@h]([c@h](c)o)n1ncn(-c2ccc(n3ccn(c4ccc(oc[c@@h]5co[c@@](cn6cncn6)(c6ccc(f)cc6f)c5)cc4)cc3)cc2)c1=o,CC[C@@H]([C@H](C)O)n1ncn(-c2ccc(N3CCN(c4ccc(OC[C@@H]5CO[C@@](Cn6cncn6)(c6ccc(F)cc6F)C5)cc4)CC3)cc2)c1=O,Original,,,,,,,,
POTASSIUM ACETATE,1,Most,0,,0,,0,,0,,0,,0,,1,Most,CC(=O)O,cc(=o)o,CC(=O)O,Original,,,,,,,,
POTASSIUM CHLORIDE,1,Most,0,,0,,0,,0,,0,,0,,1,Most,[K+],[k+],[K+],Original,,,,,,,,
POTASSIUM CITRATE,1,Most,0,,0,,0,,0,,0,,0,,1,Most,O=C(O)CC(O)(CC(=O)O)C(=O)O,o=c(o)cc(o)(cc(=o)o)c(=o)o,O=C(O)CC(O)(CC(=O)O)C(=O)O,Original,,,,,,,,
PRALATREXATE,0,,1,Most,1,Most,0,,1,Most,0,,0,,1,Most,C#CCC(Cc1cnc2nc(N)nc(N)c2n1)c1ccc(C(=O)N[C@@H](CCC(=O)O)C(=O)O)cc1,c#ccc(cc1cnc2nc(n)nc(n)c2n1)c1ccc(c(=o)n[c@@h](ccc(=o)o)c(=o)o)cc1,C#CCC(Cc1cnc2nc(N)nc(N)c2n1)c1ccc(C(=O)N[C@@H](CCC(=O)O)C(=O)O)cc1,Original,,,,,,,,
PRALIDOXIME CHLORIDE,1,Most,0,,0,,0,,1,,0,,0,,0,,C[n+]1ccccc1/C=N/O,c[n+]1ccccc1/c=n/o,C[n+]1ccccc1/C=N/O,Original,,,,,,,,
PRALSETINIB,1,Most,1,Most,1,Most,1,Most,1,Most,0,,1,Most,0,,CO[C@]1(C(=O)N[C@@H](C)c2ccc(-n3cc(F)cn3)nc2)CC[C@H](c2nc(C)cc(Nc3cc(C)[nH]n3)n2)CC1,co[c@]1(c(=o)n[c@@h](c)c2ccc(-n3cc(f)cn3)nc2)cc[c@h](c2nc(c)cc(nc3cc(c)[nh]n3)n2)cc1,CO[C@]1(C(=O)N[C@@H](C)c2ccc(-n3cc(F)cn3)nc2)CC[C@H](c2nc(C)cc(Nc3cc(C)[nH]n3)n2)CC1,Original,,,,,,,,
PRAMIPEXOLE DIHYDROCHLORIDE,1,,1,,0,,1,Most,0,,0,,1,,0,,CCCN[C@H]1CCc2nc(N)sc2C1,cccn[c@h]1ccc2nc(n)sc2c1,CCCN[C@H]1CCc2nc(N)sc2C1,Original,,,,,,,,
PRAMLINTIDE ACETATE,0,,1,,0,,0,,0,,0,,0,,0,,CC[C@H](C)[C@H](NC(=O)[C@@H]1CCCN1C(=O)CNC(=O)[C@H](Cc1ccccc1)NC(=O)[C@H](CC(N)=O)NC(=O)[C@H](CC(N)=O)NC(=O)[C@H](CO)NC(=O)[C@H](CO)NC(=O)[C@H](Cc1c[nH]cn1)NC(=O)[C@@H](NC(=O)[C@H](CC(C)C)NC(=O)[C@H](Cc1ccccc1)NC(=O)[C@H](CC(N)=O)NC(=O)[C@H](C)NC(=O)[C@H](CC(C)C)NC(=O)[C@H](CCCNC(=N)N)NC(=O)[C@H](CCC(N)=O)NC(=O)[C@@H](NC(=O)[C@H](C)NC(=O)[C@@H]1CSSC[C@H](NC(=O)[C@@H](N)CCCCN)C(=O)N[C@@H](CC(N)=O)C(=O)N[C@@H]([C@@H](C)O)C(=O)N[C@@H](C)C(=O)N[C@@H]([C@@H](C)O)C(=O)N1)[C@@H](C)O)C(C)C)C(=O)N[C@@H](CC(C)C)C(=O)N1CCC[C@H]1C(=O)N1CCC[C@H]1C(=O)N[C@H](C(=O)N[C@@H](CC(N)=O)C(=O)N[C@H](C(=O)NCC(=O)N[C@@H](CO)C(=O)N[C@@H](CC(N)=O)C(=O)N[C@H](C(=O)N[C@@H](Cc1ccc(O)cc1)C(N)=O)[C@@H](C)O)C(C)C)[C@@H](C)O,cc[c@h](c)[c@h](nc(=o)[c@@h]1cccn1c(=o)cnc(=o)[c@h](cc1ccccc1)nc(=o)[c@h](cc(n)=o)nc(=o)[c@h](cc(n)=o)nc(=o)[c@h](co)nc(=o)[c@h](co)nc(=o)[c@h](cc1c[nh]cn1)nc(=o)[c@@h](nc(=o)[c@h](cc(c)c)nc(=o)[c@h](cc1ccccc1)nc(=o)[c@h](cc(n)=o)nc(=o)[c@h](c)nc(=o)[c@h](cc(c)c)nc(=o)[c@h](cccnc(=n)n)nc(=o)[c@h](ccc(n)=o)nc(=o)[c@@h](nc(=o)[c@h](c)nc(=o)[c@@h]1cssc[c@h](nc(=o)[c@@h](n)ccccn)c(=o)n[c@@h](cc(n)=o)c(=o)n[c@@h]([c@@h](c)o)c(=o)n[c@@h](c)c(=o)n[c@@h]([c@@h](c)o)c(=o)n1)[c@@h](c)o)c(c)c)c(=o)n[c@@h](cc(c)c)c(=o)n1ccc[c@h]1c(=o)n1ccc[c@h]1c(=o)n[c@h](c(=o)n[c@@h](cc(n)=o)c(=o)n[c@h](c(=o)ncc(=o)n[c@@h](co)c(=o)n[c@@h](cc(n)=o)c(=o)n[c@h](c(=o)n[c@@h](cc1ccc(o)cc1)c(n)=o)[c@@h](c)o)c(c)c)[c@@h](c)o,CC[C@H](C)[C@H](NC(=O)[C@@H]1CCCN1C(=O)CNC(=O)[C@H](Cc1ccccc1)NC(=O)[C@H](CC(N)=O)NC(=O)[C@H](CC(N)=O)NC(=O)[C@H](CO)NC(=O)[C@H](CO)NC(=O)[C@H](Cc1c[nH]cn1)NC(=O)[C@@H](NC(=O)[C@H](CC(C)C)NC(=O)[C@H](Cc1ccccc1)NC(=O)[C@H](CC(N)=O)NC(=O)[C@H](C)NC(=O)[C@H](CC(C)C)NC(=O)[C@H](CCCNC(=N)N)NC(=O)[C@H](CCC(N)=O)NC(=O)[C@@H](NC(=O)[C@H](C)NC(=O)[C@@H]1CSSC[C@H](NC(=O)[C@@H](N)CCCCN)C(=O)N[C@@H](CC(N)=O)C(=O)N[C@@H]([C@@H](C)O)C(=O)N[C@@H](C)C(=O)N[C@@H]([C@@H](C)O)C(=O)N1)[C@@H](C)O)C(C)C)C(=O)N[C@@H](CC(C)C)C(=O)N1CCC[C@H]1C(=O)N1CCC[C@H]1C(=O)N[C@H](C(=O)N[C@@H](CC(N)=O)C(=O)N[C@H](C(=O)NCC(=O)N[C@@H](CO)C(=O)N[C@@H](CC(N)=O)C(=O)N[C@H](C(=O)N[C@@H](Cc1ccc(O)cc1)C(N)=O)[C@@H](C)O)C(C)C)[C@@H](C)O,Original,,,,,,,,
PRASUGREL,0,,1,Most,1,Most,0,,0,,0,,0,,0,,CC(=O)Oc1cc2c(s1)CCN(C(C(=O)C1CC1)c1ccccc1F)C2,cc(=o)oc1cc2c(s1)ccn(c(c(=o)c1cc1)c1ccccc1f)c2,CC(=O)Oc1cc2c(s1)CCN(C(C(=O)C1CC1)c1ccccc1F)C2,Original,,,,,,,,
PRAVASTATIN SODIUM,0,,1,Most,1,Most,0,,1,Most,0,,1,Most,1,Most,CC[C@H](C)C(=O)O[C@H]1C[C@H](O)C=C2C=C[C@H](C)[C@H](CC[C@@H](O)C[C@@H](O)CC(=O)O)[C@H]21,cc[c@h](c)c(=o)o[c@h]1c[c@h](o)c=c2c=c[c@h](c)[c@h](cc[c@@h](o)c[c@@h](o)cc(=o)o)[c@h]21,CC[C@H](C)C(=O)O[C@H]1C[C@H](O)C=C2C=C[C@H](C)[C@H](CC[C@@H](O)C[C@@H](O)CC(=O)O)[C@H]21,Original,,,,,,,,
PRAZIQUANTEL,1,Most,1,Most,1,,0,,1,Most,1,Most,1,Most,0,,O=C(C1CCCCC1)N1CC(=O)N2CCc3ccccc3C2C1,o=c(c1ccccc1)n1cc(=o)n2ccc3ccccc3c2c1,O=C(C1CCCCC1)N1CC(=O)N2CCc3ccccc3C2C1,Original,,,,,,,,
PRAZOSIN HYDROCHLORIDE,1,,1,,0,,0,,0,,0,,0,,0,,COc1cc2nc(N3CCN(C(=O)c4ccco4)CC3)nc(N)c2cc1OC,coc1cc2nc(n3ccn(c(=o)c4ccco4)cc3)nc(n)c2cc1oc,COc1cc2nc(N3CCN(C(=O)c4ccco4)CC3)nc(N)c2cc1OC,Original,,,,,,,,
PREDNISOLONE,1,,1,Most,1,Most,0,,0,,0,,0,,0,,C[C@]12C=CC(=O)C=C1CC[C@@H]1[C@@H]2[C@@H](O)C[C@@]2(C)[C@H]1CC[C@]2(O)C(=O)CO,c[c@]12c=cc(=o)c=c1cc[c@@h]1[c@@h]2[c@@h](o)c[c@@]2(c)[c@h]1cc[c@]2(o)c(=o)co,C[C@]12C=CC(=O)C=C1CC[C@@H]1[C@@H]2[C@@H](O)C[C@@]2(C)[C@H]1CC[C@]2(O)C(=O)CO,Original,,,,,,,,
PREDNISOLONE SODIUM PHOSPHATE,1,,1,Most,1,,0,,0,,0,,0,,1,,C[C@]12C=CC(=O)C=C1CC[C@@H]1[C@@H]2[C@@H](O)C[C@@]2(C)[C@H]1CC[C@]2(O)C(=O)COP(=O)(O)O,c[c@]12c=cc(=o)c=c1cc[c@@h]1[c@@h]2[c@@h](o)c[c@@]2(c)[c@h]1cc[c@]2(o)c(=o)cop(=o)(o)o,C[C@]12C=CC(=O)C=C1CC[C@@H]1[C@@H]2[C@@H](O)C[C@@]2(C)[C@H]1CC[C@]2(O)C(=O)COP(=O)(O)O,Original,,,,,,,,
PREDNISONE,1,Most,1,Most,1,,1,Most,0,,0,,0,,1,,C[C@]12C=CC(=O)C=C1CC[C@@H]1[C@@H]2C(=O)C[C@@]2(C)[C@H]1CC[C@]2(O)C(=O)CO,c[c@]12c=cc(=o)c=c1cc[c@@h]1[c@@h]2c(=o)c[c@@]2(c)[c@h]1cc[c@]2(o)c(=o)co,C[C@]12C=CC(=O)C=C1CC[C@@H]1[C@@H]2C(=O)C[C@@]2(C)[C@H]1CC[C@]2(O)C(=O)CO,Original,,,,,,,,
PREGABALIN,1,,1,Most,1,Most,1,Most,0,,0,,1,Most,0,,CC(C)C[C@H](CN)CC(=O)O,cc(c)c[c@h](cn)cc(=o)o,CC(C)C[C@H](CN)CC(=O)O,Original,,,,,,,,
PRETOMANID,1,Most,1,Most,1,,1,Most,1,Most,0,,0,,0,,O=[N+]([O-])c1cn2c(n1)OC[C@@H](OCc1ccc(OC(F)(F)F)cc1)C2,o=[n+]([o-])c1cn2c(n1)oc[c@@h](occ1ccc(oc(f)(f)f)cc1)c2,O=[N+]([O-])c1cn2c(n1)OC[C@@H](OCc1ccc(OC(F)(F)F)cc1)C2,Original,,,,,,,,
PRILOCAINE HYDROCHLORIDE,1,Most,1,,1,Most,0,,1,,0,,1,Most,0,,CCCNC(C)C(=O)Nc1ccccc1C,cccnc(c)c(=o)nc1ccccc1c,CCCNC(C)C(=O)Nc1ccccc1C,Original,,,,,,,,
PRIMAQUINE PHOSPHATE,1,Most,1,,1,Most,1,Most,0,,0,,0,,0,,COc1cc(NC(C)CCCN)c2ncccc2c1,coc1cc(nc(c)cccn)c2ncccc2c1,COc1cc(NC(C)CCCN)c2ncccc2c1,Original,,,,,,,,
PRIMIDONE,0,,1,,1,Most,0,,0,,0,,0,,0,,CCC1(c2ccccc2)C(=O)NCNC1=O,ccc1(c2ccccc2)c(=o)ncnc1=o,CCC1(c2ccccc2)C(=O)NCNC1=O,Original,,,,,,,,
PROBENECID,0,,1,Most,1,Most,0,,1,Most,0,,0,,1,Most,CCCN(CCC)S(=O)(=O)c1ccc(C(=O)O)cc1,cccn(ccc)s(=o)(=o)c1ccc(c(=o)o)cc1,CCCN(CCC)S(=O)(=O)c1ccc(C(=O)O)cc1,Original,,,,,,,,
PROCAINAMIDE HYDROCHLORIDE,1,Most,1,Most,1,Most,0,,1,Most,0,,0,,0,,CCN(CC)CCNC(=O)c1ccc(N)cc1,ccn(cc)ccnc(=o)c1ccc(n)cc1,CCN(CC)CCNC(=O)c1ccc(N)cc1,Original,,,,,,,,
PROCARBAZINE HYDROCHLORIDE,1,,1,Most,1,Most,1,Most,1,Most,1,Most,1,Most,0,,CNNCc1ccc(C(=O)NC(C)C)cc1,cnncc1ccc(c(=o)nc(c)c)cc1,CNNCc1ccc(C(=O)NC(C)C)cc1,Original,,,,,,,,
PROCHLORPERAZINE,1,Most,1,Most,1,Most,1,,1,Most,0,,0,,0,,CN1CCN(CCCN2c3ccccc3Sc3ccc(Cl)cc32)CC1,cn1ccn(cccn2c3ccccc3sc3ccc(cl)cc32)cc1,CN1CCN(CCCN2c3ccccc3Sc3ccc(Cl)cc32)CC1,Original,,,,,,,,
PROCHLORPERAZINE EDISYLATE,1,Most,1,Most,1,Most,1,,1,Most,0,,0,,0,,CN1CCN(CCCN2c3ccccc3Sc3ccc(Cl)cc32)CC1.O=S(=O)(O)CCS(=O)(=O)O,cn1ccn(cccn2c3ccccc3sc3ccc(cl)cc32)cc1.o=s(=o)(o)ccs(=o)(=o)o,CN1CCN(CCCN2c3ccccc3Sc3ccc(Cl)cc32)CC1.O=S(=O)(O)CCS(=O)(=O)O,Original,,,,,,,,
PROCHLORPERAZINE MALEATE,1,Most,1,Most,1,Most,1,,1,,0,,0,,0,,CN1CCN(CCCN2c3ccccc3Sc3ccc(Cl)cc32)CC1.O=C(O)/C=C\C(=O)O.O=C(O)/C=C\C(=O)O,cn1ccn(cccn2c3ccccc3sc3ccc(cl)cc32)cc1.o=c(o)/c=c\c(=o)o.o=c(o)/c=c\c(=o)o,CN1CCN(CCCN2c3ccccc3Sc3ccc(Cl)cc32)CC1.O=C(O)/C=C\C(=O)O.O=C(O)/C=C\C(=O)O,Original,,,,,,,,
PROGESTERONE,1,Most,1,,0,,1,Most,1,Most,0,,0,,0,,CC(=O)[C@H]1CC[C@H]2[C@@H]3CCC4=CC(=O)CC[C@]4(C)[C@H]3CC[C@]12C,cc(=o)[c@h]1cc[c@h]2[c@@h]3ccc4=cc(=o)cc[c@]4(c)[c@h]3cc[c@]12c,CC(=O)[C@H]1CC[C@H]2[C@@H]3CCC4=CC(=O)CC[C@]4(C)[C@H]3CC[C@]12C,Original,,,,,,,,
PROMETHAZINE HYDROCHLORIDE,1,Most,1,Most,1,Most,0,,1,,1,,1,Most,0,,CC(CN1c2ccccc2Sc2ccccc21)N(C)C,cc(cn1c2ccccc2sc2ccccc21)n(c)c,CC(CN1c2ccccc2Sc2ccccc21)N(C)C,Original,,,,,,,,
PROPAFENONE HYDROCHLORIDE,1,Most,1,Most,1,Most,1,,1,Most,0,,1,Most,1,,CCCNCC(O)COc1ccccc1C(=O)CCc1ccccc1,cccncc(o)coc1ccccc1c(=o)ccc1ccccc1,CCCNCC(O)COc1ccccc1C(=O)CCc1ccccc1,Original,,,,,,,,
PROPOFOL,1,Most,1,,1,,0,,0,,0,,1,Most,0,,CC(C)c1cccc(C(C)C)c1O,cc(c)c1cccc(c(c)c)c1o,CC(C)c1cccc(C(C)C)c1O,Original,,,,,,,,
PROPOXYPHENE HYDROCHLORIDE,1,Most,1,Most,0,,0,,1,Most,0,,1,Most,1,Most,CCC(=O)O[C@](Cc1ccccc1)(c1ccccc1)[C@H](C)CN(C)C,ccc(=o)o[c@](cc1ccccc1)(c1ccccc1)[c@h](c)cn(c)c,CCC(=O)O[C@](Cc1ccccc1)(c1ccccc1)[C@H](C)CN(C)C,Original,,,,,,,,
PROPOXYPHENE NAPSYLATE,1,Most,1,Most,0,,0,,1,Most,0,,1,Most,1,,CCC(=O)O[C@](Cc1ccccc1)(c1ccccc1)[C@H](C)CN(C)C.O=S(=O)(O)c1ccc2ccccc2c1,ccc(=o)o[c@](cc1ccccc1)(c1ccccc1)[c@h](c)cn(c)c.o=s(=o)(o)c1ccc2ccccc2c1,CCC(=O)O[C@](Cc1ccccc1)(c1ccccc1)[C@H](C)CN(C)C.O=S(=O)(O)c1ccc2ccccc2c1,Original,,,,,,,,
PROPRANOLOL HYDROCHLORIDE,1,Most,1,Most,1,Most,1,Most,0,,0,,1,Most,0,,CC(C)NCC(O)COc1cccc2ccccc12,cc(c)ncc(o)coc1cccc2ccccc12,CC(C)NCC(O)COc1cccc2ccccc12,Original,,,,,,,,
PROPYLTHIOURACIL,0,,1,Most,1,Most,0,,1,Most,0,,1,Most,1,Most,CCCc1cc(=O)[nH]c(=S)[nH]1,cccc1cc(=o)[nh]c(=s)[nh]1,CCCc1cc(=O)[nH]c(=S)[nH]1,Original,,,,,,,,
PROTAMINE SULFATE,1,Most,0,,1,Most,0,,0,,0,,1,Most,0,,Not found,not found,O=S(=O)([O-])[O-].[Na+].[Na+],ChEMBL,PROTAMINE SULFATE,PROTAMINE SULFATE,O=S(=O)([O-])[O-].[Na+].[Na+],ChEMBL,found_chembl | variants_tried=2,,,
PROTRIPTYLINE HYDROCHLORIDE,1,Most,1,Most,1,Most,0,,1,,0,,0,,0,,CNCCCC1c2ccccc2C=Cc2ccccc21,cncccc1c2ccccc2c=cc2ccccc21,CNCCCC1c2ccccc2C=Cc2ccccc21,Original,,,,,,,,
PRUCALOPRIDE,0,,1,,0,,1,,0,,0,,0,,0,,COCCCN1CCC(NC(=O)c2cc(Cl)c(N)c3c2OCC3)CC1,cocccn1ccc(nc(=o)c2cc(cl)c(n)c3c2occ3)cc1,COCCCN1CCC(NC(=O)c2cc(Cl)c(N)c3c2OCC3)CC1,Original,,,,,,,,
PRUSSIAN BLUE INSOLUBLE CAPSULES,1,,0,,0,,0,,0,,0,,0,,0,,[C-]#N.[C-]#N.[C-]#N.[C-]#N.[C-]#N.[C-]#N.[C-]#N.[C-]#N.[C-]#N.[C-]#N.[C-]#N.[C-]#N.[C-]#N.[C-]#N.[C-]#N.[C-]#N.[C-]#N.[C-]#N.[Fe+2].[Fe+2].[Fe+2].[Fe+3].[Fe+3].[Fe+3].[Fe+3],[c-]#n.[c-]#n.[c-]#n.[c-]#n.[c-]#n.[c-]#n.[c-]#n.[c-]#n.[c-]#n.[c-]#n.[c-]#n.[c-]#n.[c-]#n.[c-]#n.[c-]#n.[c-]#n.[c-]#n.[c-]#n.[fe+2].[fe+2].[fe+2].[fe+3].[fe+3].[fe+3].[fe+3],[C-]#N.[C-]#N.[C-]#N.[C-]#N.[C-]#N.[C-]#N.[C-]#N.[C-]#N.[C-]#N.[C-]#N.[C-]#N.[C-]#N.[C-]#N.[C-]#N.[C-]#N.[C-]#N.[C-]#N.[C-]#N.[Fe+2].[Fe+2].[Fe+2].[Fe+3].[Fe+3].[Fe+3].[Fe+3],Original,,,,,,,,
PYRAZINAMIDE,0,,1,,1,Most,0,,1,Most,0,,0,,1,,NC(=O)c1cnccn1,nc(=o)c1cnccn1,NC(=O)c1cnccn1,Original,,,,,,,,
PYRIDOSTIGMINE BROMIDE,0,,1,,0,,0,,0,,0,,1,Most,0,,CN(C)C(=O)Oc1ccc[n+](C)c1,cn(c)c(=o)oc1ccc[n+](c)c1,CN(C)C(=O)Oc1ccc[n+](C)c1,Original,,,,,,,,
PYRIDOXINE HCI,0,,0,,0,,0,,0,,0,,0,,1,Most,Cc1ncc(CO)c(CO)c1O,cc1ncc(co)c(co)c1o,Cc1ncc(CO)c(CO)c1O,Original,,,,,,,,
PYRIMETHAMINE,1,Most,1,Most,1,Most,0,,1,,0,,1,,0,,CCc1nc(N)nc(N)c1-c1ccc(Cl)cc1,ccc1nc(n)nc(n)c1-c1ccc(cl)cc1,CCc1nc(N)nc(N)c1-c1ccc(Cl)cc1,Original,,,,,,,,
QUAZEPAM,0,,0,,0,,1,,0,,0,,1,Most,0,,Fc1ccccc1C1=NCC(=S)N(CC(F)(F)F)c2ccc(Cl)cc21,fc1ccccc1c1=ncc(=s)n(cc(f)(f)f)c2ccc(cl)cc21,Fc1ccccc1C1=NCC(=S)N(CC(F)(F)F)c2ccc(Cl)cc21,Original,,,,,,,,
QUETIAPINE FUMARATE,1,Most,1,Most,1,Most,1,Most,1,,0,,0,,0,,O=C(O)/C=C/C(=O)O.OCCOCCN1CCN(C2=Nc3ccccc3Sc3ccccc32)CC1.OCCOCCN1CCN(C2=Nc3ccccc3Sc3ccccc32)CC1,o=c(o)/c=c/c(=o)o.occoccn1ccn(c2=nc3ccccc3sc3ccccc32)cc1.occoccn1ccn(c2=nc3ccccc3sc3ccccc32)cc1,O=C(O)/C=C/C(=O)O.OCCOCCN1CCN(C2=Nc3ccccc3Sc3ccccc32)CC1.OCCOCCN1CCN(C2=Nc3ccccc3Sc3ccccc32)CC1,Original,,,,,,,,
QUINAPRIL,1,Most,1,Most,1,Most,0,,1,Most,0,,1,,1,Most,CCOC(=O)[C@H](CCc1ccccc1)N[C@@H](C)C(=O)N1Cc2ccccc2C[C@H]1C(=O)O,ccoc(=o)[c@h](ccc1ccccc1)n[c@@h](c)c(=o)n1cc2ccccc2c[c@h]1c(=o)o,CCOC(=O)[C@H](CCc1ccccc1)N[C@@H](C)C(=O)N1Cc2ccccc2C[C@H]1C(=O)O,Original,,,,,,,,
QUINIDINE GLUCONATE,1,Most,1,Most,1,Most,0,,1,Most,1,Most,1,,1,Most,C=C[C@H]1CN2CC[C@H]1C[C@@H]2[C@@H](O)c1ccnc2ccc(OC)cc12.O=C(O)[C@H](O)[C@@H](O)[C@H](O)[C@H](O)CO,c=c[c@h]1cn2cc[c@h]1c[c@@h]2[c@@h](o)c1ccnc2ccc(oc)cc12.o=c(o)[c@h](o)[c@@h](o)[c@h](o)[c@h](o)co,C=C[C@H]1CN2CC[C@H]1C[C@@H]2[C@@H](O)c1ccnc2ccc(OC)cc12.O=C(O)[C@H](O)[C@@H](O)[C@H](O)[C@H](O)CO,Original,,,,,,,,
QUINIDINE SULFATE TABLET,1,Most,1,Most,1,Most,0,,1,,1,Most,1,,0,,C=CC1CN2CCC1CC2C(O)c1ccnc2ccc(OC)cc12.C=CC1CN2CCC1CC2C(O)c1ccnc2ccc(OC)cc12,c=cc1cn2ccc1cc2c(o)c1ccnc2ccc(oc)cc12.c=cc1cn2ccc1cc2c(o)c1ccnc2ccc(oc)cc12,C=CC1CN2CCC1CC2C(O)c1ccnc2ccc(OC)cc12.C=CC1CN2CCC1CC2C(O)c1ccnc2ccc(OC)cc12,Original,,,,,,,,
QUININE SULFATE,1,Most,1,Most,1,Most,1,Most,1,Most,1,Most,1,Most,1,Most,C=C[C@H]1CN2CC[C@H]1C[C@H]2[C@H](O)c1ccnc2ccc(OC)cc12.C=C[C@H]1CN2CC[C@H]1C[C@H]2[C@H](O)c1ccnc2ccc(OC)cc12,c=c[c@h]1cn2cc[c@h]1c[c@h]2[c@h](o)c1ccnc2ccc(oc)cc12.c=c[c@h]1cn2cc[c@h]1c[c@h]2[c@h](o)c1ccnc2ccc(oc)cc12,C=C[C@H]1CN2CC[C@H]1C[C@H]2[C@H](O)c1ccnc2ccc(OC)cc12.C=C[C@H]1CN2CC[C@H]1C[C@H]2[C@H](O)c1ccnc2ccc(OC)cc12,Original,,,,,,,,
RABEPRAZOLE SODIUM,0,,1,Most,1,Most,0,,1,,0,,1,,1,Most,COCCCOc1ccnc(C[S+]([O-])c2nc3ccccc3[nH]2)c1C,cocccoc1ccnc(c[s+]([o-])c2nc3ccccc3[nh]2)c1c,COCCCOc1ccnc(C[S+]([O-])c2nc3ccccc3[nH]2)c1C,Original,,,,,,,,
RADIUM RA 223 DICHLORIDE,0,,1,,1,Most,1,Most,0,,0,,0,,0,,[Cl][223Ra][Cl],[cl][223ra][cl],[Cl][223Ra][Cl],Original,,,,,,,,
RALOXIFENE HYDROCHLORIDE,1,Most,1,,1,Most,1,Most,0,,0,,1,Most,0,,O=C(c1ccc(OCCN2CCCCC2)cc1)c1c(-c2ccc(O)cc2)sc2cc(O)ccc12,o=c(c1ccc(occn2ccccc2)cc1)c1c(-c2ccc(o)cc2)sc2cc(o)ccc12,O=C(c1ccc(OCCN2CCCCC2)cc1)c1c(-c2ccc(O)cc2)sc2cc(O)ccc12,Original,,,,,,,,
RAMELTEON,0,,0,,0,,1,Most,1,Most,0,,0,,0,,CCC(=O)NCC[C@@H]1CCc2ccc3c(c21)CCO3,ccc(=o)ncc[c@@h]1ccc2ccc3c(c21)cco3,CCC(=O)NCC[C@@H]1CCc2ccc3c(c21)CCO3,Original,,,,,,,,
RAMIPRIL,1,,1,Most,1,Most,0,,1,Most,0,,1,,1,Most,CCOC(=O)[C@H](CCc1ccccc1)N[C@@H](C)C(=O)N1[C@H](C(=O)O)C[C@@H]2CCC[C@@H]21,ccoc(=o)[c@h](ccc1ccccc1)n[c@@h](c)c(=o)n1[c@h](c(=o)o)c[c@@h]2ccc[c@@h]21,CCOC(=O)[C@H](CCc1ccccc1)N[C@@H](C)C(=O)N1[C@H](C(=O)O)C[C@@H]2CCC[C@@H]21,Original,,,,,,,,
RANITIDINE,1,,1,,1,Most,0,,1,Most,0,,1,,1,Most,CNC(=C[N+](=O)[O-])NCCSCc1ccc(CN(C)C)o1,cnc(=c[n+](=o)[o-])nccscc1ccc(cn(c)c)o1,CNC(=C[N+](=O)[O-])NCCSCc1ccc(CN(C)C)o1,Original,,,,,,,,
RANOLAZINE,1,Most,1,,1,Most,0,,1,Most,1,,1,Most,1,Most,COc1ccccc1OCC(O)CN1CCN(CC(=O)Nc2c(C)cccc2C)CC1,coc1ccccc1occ(o)cn1ccn(cc(=o)nc2c(c)cccc2c)cc1,COc1ccccc1OCC(O)CN1CCN(CC(=O)Nc2c(C)cccc2C)CC1,Original,,,,,,,,
RASAGILINE,1,Most,1,,0,,0,,0,,0,,0,,0,,C#CCN[C@@H]1CCc2ccccc21,c#ccn[c@@h]1ccc2ccccc21,C#CCN[C@@H]1CCc2ccccc21,Original,,,,,,,,
REGORAFENIB,1,Most,1,Most,1,Most,1,Most,1,Most,0,,0,,0,,CNC(=O)c1cc(Oc2ccc(NC(=O)Nc3ccc(Cl)c(C(F)(F)F)c3)c(F)c2)ccn1,cnc(=o)c1cc(oc2ccc(nc(=o)nc3ccc(cl)c(c(f)(f)f)c3)c(f)c2)ccn1,CNC(=O)c1cc(Oc2ccc(NC(=O)Nc3ccc(Cl)c(C(F)(F)F)c3)c(F)c2)ccn1,Original,,,,,,,,
RELUGOLIX,1,Most,1,,1,,1,Most,1,,0,,0,,1,,CONC(=O)Nc1ccc(-c2sc3c(c2CN(C)C)c(=O)n(-c2ccc(OC)nn2)c(=O)n3Cc2c(F)cccc2F)cc1,conc(=o)nc1ccc(-c2sc3c(c2cn(c)c)c(=o)n(-c2ccc(oc)nn2)c(=o)n3cc2c(f)cccc2f)cc1,CONC(=O)Nc1ccc(-c2sc3c(c2CN(C)C)c(=O)n(-c2ccc(OC)nn2)c(=O)n3Cc2c(F)cccc2F)cc1,Original,,,,,,,,
REMIFENTANIL HYDROCHLORIDE,1,Most,1,,1,,1,,0,,0,,1,Most,0,,CCC(=O)N(c1ccccc1)C1(C(=O)OC)CCN(CCC(=O)OC)CC1,ccc(=o)n(c1ccccc1)c1(c(=o)oc)ccn(ccc(=o)oc)cc1,CCC(=O)N(c1ccccc1)C1(C(=O)OC)CCN(CCC(=O)OC)CC1,Original,,,,,,,,
REMIMAZOLAM BESYLATE,1,Most,1,,0,,0,,1,,0,,1,Most,0,,COC(=O)CC[C@@H]1N=C(c2ccccn2)c2cc(Br)ccc2-n2c(C)cnc21.O=S(=O)(O)c1ccccc1,coc(=o)cc[c@@h]1n=c(c2ccccn2)c2cc(br)ccc2-n2c(c)cnc21.o=s(=o)(o)c1ccccc1,COC(=O)CC[C@@H]1N=C(c2ccccn2)c2cc(Br)ccc2-n2c(C)cnc21.O=S(=O)(O)c1ccccc1,Original,,,,,,,,
REPAGLINIDE,1,Most,1,Most,1,,0,,1,,0,,0,,0,,CCOc1cc(CC(=O)N[C@@H](CC(C)C)c2ccccc2N2CCCCC2)ccc1C(=O)O,ccoc1cc(cc(=o)n[c@@h](cc(c)c)c2ccccc2n2ccccc2)ccc1c(=o)o,CCOc1cc(CC(=O)N[C@@H](CC(C)C)c2ccccc2N2CCCCC2)ccc1C(=O)O,Original,,,,,,,,
REPOSITORY CORTICOTROPIN,1,Most,1,Most,0,,0,,0,,0,,0,,0,,CSCCC(NC(=O)C(CO)NC(=O)C(Cc1ccc(O)cc1)NC(=O)C(N)CO)C(=O)NC(CCC(=O)O)C(=O)NC(Cc1cnc[nH]1)C(=O)NC(Cc1ccccc1)C(=O)NC(CCCNC(=N)N)C(=O)NC(Cc1c[nH]c2ccccc12)C(=O)NCC(=O)NC(CCCCN)C(=O)N1CCCC1C(=O)NC(C(=O)NCC(=O)NC(CCCCN)C(=O)NC(CCCCN)C(=O)NC(CCCNC(=N)N)C(=O)NC(CCCNC(=N)N)C(=O)N1CCCC1C(=O)NC(C(=O)NC(CCCCN)C(=O)NC(C(=O)NC(Cc1ccc(O)cc1)C(=O)N1CCCC1C(=O)NC(CC(N)=O)C(=O)NCC(=O)NC(C)C(=O)NC(CCC(=O)O)C(=O)NC(CC(=O)O)C(=O)NC(CCC(=O)O)C(=O)NC(CO)C(=O)NC(C)C(=O)NC(CCC(=O)O)C(=O)NC(C)C(=O)NC(Cc1ccccc1)C(=O)N1CCCC1C(=O)NC(CC(C)C)C(=O)NC(CCC(=O)O)C(=O)NC(Cc1ccccc1)C(=O)O)C(C)C)C(C)C)C(C)C,csccc(nc(=o)c(co)nc(=o)c(cc1ccc(o)cc1)nc(=o)c(n)co)c(=o)nc(ccc(=o)o)c(=o)nc(cc1cnc[nh]1)c(=o)nc(cc1ccccc1)c(=o)nc(cccnc(=n)n)c(=o)nc(cc1c[nh]c2ccccc12)c(=o)ncc(=o)nc(ccccn)c(=o)n1cccc1c(=o)nc(c(=o)ncc(=o)nc(ccccn)c(=o)nc(ccccn)c(=o)nc(cccnc(=n)n)c(=o)nc(cccnc(=n)n)c(=o)n1cccc1c(=o)nc(c(=o)nc(ccccn)c(=o)nc(c(=o)nc(cc1ccc(o)cc1)c(=o)n1cccc1c(=o)nc(cc(n)=o)c(=o)ncc(=o)nc(c)c(=o)nc(ccc(=o)o)c(=o)nc(cc(=o)o)c(=o)nc(ccc(=o)o)c(=o)nc(co)c(=o)nc(c)c(=o)nc(ccc(=o)o)c(=o)nc(c)c(=o)nc(cc1ccccc1)c(=o)n1cccc1c(=o)nc(cc(c)c)c(=o)nc(ccc(=o)o)c(=o)nc(cc1ccccc1)c(=o)o)c(c)c)c(c)c)c(c)c,CSCCC(NC(=O)C(CO)NC(=O)C(Cc1ccc(O)cc1)NC(=O)C(N)CO)C(=O)NC(CCC(=O)O)C(=O)NC(Cc1cnc[nH]1)C(=O)NC(Cc1ccccc1)C(=O)NC(CCCNC(=N)N)C(=O)NC(Cc1c[nH]c2ccccc12)C(=O)NCC(=O)NC(CCCCN)C(=O)N1CCCC1C(=O)NC(C(=O)NCC(=O)NC(CCCCN)C(=O)NC(CCCCN)C(=O)NC(CCCNC(=N)N)C(=O)NC(CCCNC(=N)N)C(=O)N1CCCC1C(=O)NC(C(=O)NC(CCCCN)C(=O)NC(C(=O)NC(Cc1ccc(O)cc1)C(=O)N1CCCC1C(=O)NC(CC(N)=O)C(=O)NCC(=O)NC(C)C(=O)NC(CCC(=O)O)C(=O)NC(CC(=O)O)C(=O)NC(CCC(=O)O)C(=O)NC(CO)C(=O)NC(C)C(=O)NC(CCC(=O)O)C(=O)NC(C)C(=O)NC(Cc1ccccc1)C(=O)N1CCCC1C(=O)NC(CC(C)C)C(=O)NC(CCC(=O)O)C(=O)NC(Cc1ccccc1)C(=O)O)C(C)C)C(C)C)C(C)C,Original,,,,,,,,
RIBAVIRIN,1,Most,1,,1,Most,1,Most,0,,0,,1,Most,0,,NC(=O)c1ncn([C@@H]2O[C@H](CO)[C@@H](O)[C@H]2O)n1,nc(=o)c1ncn([c@@h]2o[c@h](co)[c@@h](o)[c@h]2o)n1,NC(=O)c1ncn([C@@H]2O[C@H](CO)[C@@H](O)[C@H]2O)n1,Original,,,,,,,,
RIBOCICLIB,1,Most,1,Most,1,Most,1,Most,1,Most,0,,1,Most,0,,CN(C)C(=O)c1cc2cnc(Nc3ccc(N4CCNCC4)cn3)nc2n1C1CCCC1,cn(c)c(=o)c1cc2cnc(nc3ccc(n4ccncc4)cn3)nc2n1c1cccc1,CN(C)C(=O)c1cc2cnc(Nc3ccc(N4CCNCC4)cn3)nc2n1C1CCCC1,Original,,,,,,,,
RIFABUTIN,0,,1,Most,1,Most,1,Most,1,Most,0,,0,,0,,CO[C@H]1/C=C/O[C@@]2(C)Oc3c(C)c(O)c4c(c3C2=O)C2=NC3(CCN(CC(C)C)CC3)NC2=C(NC(=O)/C(C)=C\C=C\[C@H](C)[C@H](O)[C@@H](C)[C@@H](O)[C@@H](C)[C@H](OC(C)=O)[C@@H]1C)C4=O,co[c@h]1/c=c/o[c@@]2(c)oc3c(c)c(o)c4c(c3c2=o)c2=nc3(ccn(cc(c)c)cc3)nc2=c(nc(=o)/c(c)=c\c=c\[c@h](c)[c@h](o)[c@@h](c)[c@@h](o)[c@@h](c)[c@h](oc(c)=o)[c@@h]1c)c4=o,CO[C@H]1/C=C/O[C@@]2(C)Oc3c(C)c(O)c4c(c3C2=O)C2=NC3(CCN(CC(C)C)CC3)NC2=C(NC(=O)/C(C)=C\C=C\[C@H](C)[C@H](O)[C@@H](C)[C@@H](O)[C@@H](C)[C@H](OC(C)=O)[C@@H]1C)C4=O,Original,,,,,,,,
RIFAMPIN,1,Most,1,Most,1,Most,0,,1,Most,0,,1,Most,1,Most,CO[C@H]1/C=C/O[C@@]2(C)Oc3c(C)c(O)c4c(O)c(c(/C=N/N5CCN(C)CC5)c(O)c4c3C2=O)NC(=O)/C(C)=C\C=C\[C@H](C)[C@H](O)[C@@H](C)[C@@H](O)[C@@H](C)[C@H](OC(C)=O)[C@@H]1C,co[c@h]1/c=c/o[c@@]2(c)oc3c(c)c(o)c4c(o)c(c(/c=n/n5ccn(c)cc5)c(o)c4c3c2=o)nc(=o)/c(c)=c\c=c\[c@h](c)[c@h](o)[c@@h](c)[c@@h](o)[c@@h](c)[c@h](oc(c)=o)[c@@h]1c,CO[C@H]1/C=C/O[C@@]2(C)Oc3c(C)c(O)c4c(O)c(c(/C=N/N5CCN(C)CC5)c(O)c4c3C2=O)NC(=O)/C(C)=C\C=C\[C@H](C)[C@H](O)[C@@H](C)[C@@H](O)[C@@H](C)[C@H](OC(C)=O)[C@@H]1C,Original,,,,,,,,
RIFAMYCIN,0,,0,,0,,0,,0,,0,,0,,0,,CO[C@H]1/C=C/O[C@@]2(C)Oc3c(C)c(O)c4c(O)c(cc(O)c4c3C2=O)NC(=O)/C(C)=C\C=C\[C@H](C)[C@H](O)[C@@H](C)[C@@H](O)[C@@H](C)[C@H](OC(C)=O)[C@@H]1C,co[c@h]1/c=c/o[c@@]2(c)oc3c(c)c(o)c4c(o)c(cc(o)c4c3c2=o)nc(=o)/c(c)=c\c=c\[c@h](c)[c@h](o)[c@@h](c)[c@@h](o)[c@@h](c)[c@h](oc(c)=o)[c@@h]1c,CO[C@H]1/C=C/O[C@@]2(C)Oc3c(C)c(O)c4c(O)c(cc(O)c4c3C2=O)NC(=O)/C(C)=C\C=C\[C@H](C)[C@H](O)[C@@H](C)[C@@H](O)[C@@H](C)[C@H](OC(C)=O)[C@@H]1C,Original,,,,,,,,
RIFAPENTINE,0,,1,Most,1,Most,0,,1,Most,0,,1,Most,0,,CO[C@H]1/C=C/O[C@@]2(C)Oc3c(C)c(O)c4c(O)c(c(/C=N/N5CCN(C6CCCC6)CC5)c(O)c4c3C2=O)NC(=O)/C(C)=C\C=C\[C@H](C)[C@H](O)[C@@H](C)[C@@H](O)[C@@H](C)[C@H](OC(C)=O)[C@@H]1C,co[c@h]1/c=c/o[c@@]2(c)oc3c(c)c(o)c4c(o)c(c(/c=n/n5ccn(c6cccc6)cc5)c(o)c4c3c2=o)nc(=o)/c(c)=c\c=c\[c@h](c)[c@h](o)[c@@h](c)[c@@h](o)[c@@h](c)[c@h](oc(c)=o)[c@@h]1c,CO[C@H]1/C=C/O[C@@]2(C)Oc3c(C)c(O)c4c(O)c(c(/C=N/N5CCN(C6CCCC6)CC5)c(O)c4c3C2=O)NC(=O)/C(C)=C\C=C\[C@H](C)[C@H](O)[C@@H](C)[C@@H](O)[C@@H](C)[C@H](OC(C)=O)[C@@H]1C,Original,,,,,,,,
RIFAXIMIN,0,,1,Most,1,Most,0,,1,Most,0,,0,,0,,CO[C@H]1/C=C/O[C@@]2(C)Oc3c(C)c(O)c4c(O)c(c5c(nc6cc(C)ccn65)c4c3C2=O)NC(=O)/C(C)=C\C=C\[C@H](C)[C@H](O)[C@@H](C)[C@@H](O)[C@@H](C)[C@H](OC(C)=O)[C@@H]1C,co[c@h]1/c=c/o[c@@]2(c)oc3c(c)c(o)c4c(o)c(c5c(nc6cc(c)ccn65)c4c3c2=o)nc(=o)/c(c)=c\c=c\[c@h](c)[c@h](o)[c@@h](c)[c@@h](o)[c@@h](c)[c@h](oc(c)=o)[c@@h]1c,CO[C@H]1/C=C/O[C@@]2(C)Oc3c(C)c(O)c4c(O)c(c5c(nc6cc(C)ccn65)c4c3C2=O)NC(=O)/C(C)=C\C=C\[C@H](C)[C@H](O)[C@@H](C)[C@@H](O)[C@@H](C)[C@H](OC(C)=O)[C@@H]1C,Original,,,,,,,,
RILPIVIRINE HYDROCHLORIDE,1,Most,1,,0,,0,,1,Most,0,,0,,1,,Cc1cc(/C=C/C#N)cc(C)c1Nc1ccnc(Nc2ccc(C#N)cc2)n1,cc1cc(/c=c/c#n)cc(c)c1nc1ccnc(nc2ccc(c#n)cc2)n1,Cc1cc(/C=C/C#N)cc(C)c1Nc1ccnc(Nc2ccc(C#N)cc2)n1,Original,,,,,,,,
RILUZOLE,0,,1,,1,Most,1,Most,1,Most,0,,1,Most,0,,Nc1nc2ccc(OC(F)(F)F)cc2s1,nc1nc2ccc(oc(f)(f)f)cc2s1,Nc1nc2ccc(OC(F)(F)F)cc2s1,Original,,,,,,,,
RIMANTADINE HYDROCHLORIDE,0,,1,,0,,1,,0,,0,,0,,0,,CC(N)C12CC3CC(CC(C3)C1)C2,cc(n)c12cc3cc(cc(c3)c1)c2,CC(N)C12CC3CC(CC(C3)C1)C2,Original,,,,,,,,
RIMEGEPANT SULFATE,0,,1,,0,,1,,1,,0,,0,,0,,N[C@@H]1c2cccnc2[C@H](OC(=O)N2CCC(n3c(=O)[nH]c4ncccc43)CC2)CC[C@H]1c1cccc(F)c1F.N[C@@H]1c2cccnc2[C@H](OC(=O)N2CCC(n3c(=O)[nH]c4ncccc43)CC2)CC[C@H]1c1cccc(F)c1F,n[c@@h]1c2cccnc2[c@h](oc(=o)n2ccc(n3c(=o)[nh]c4ncccc43)cc2)cc[c@h]1c1cccc(f)c1f.n[c@@h]1c2cccnc2[c@h](oc(=o)n2ccc(n3c(=o)[nh]c4ncccc43)cc2)cc[c@h]1c1cccc(f)c1f,N[C@@H]1c2cccnc2[C@H](OC(=O)N2CCC(n3c(=O)[nH]c4ncccc43)CC2)CC[C@H]1c1cccc(F)c1F.N[C@@H]1c2cccnc2[C@H](OC(=O)N2CCC(n3c(=O)[nH]c4ncccc43)CC2)CC[C@H]1c1cccc(F)c1F,Original,,,,,,,,
RIOCIGUAT,1,Most,0,,1,Most,0,,0,,0,,1,Most,0,,COC(=O)N(C)c1c(N)nc(-c2nn(Cc3ccccc3F)c3ncccc23)nc1N,coc(=o)n(c)c1c(n)nc(-c2nn(cc3ccccc3f)c3ncccc23)nc1n,COC(=O)N(C)c1c(N)nc(-c2nn(Cc3ccccc3F)c3ncccc23)nc1N,Original,,,,,,,,
RIPRETINIB,1,Most,1,Most,1,Most,1,Most,0,,0,,0,,0,,CCn1c(=O)c(-c2cc(NC(=O)Nc3ccccc3)c(F)cc2Br)cc2cnc(NC)cc21,ccn1c(=o)c(-c2cc(nc(=o)nc3ccccc3)c(f)cc2br)cc2cnc(nc)cc21,CCn1c(=O)c(-c2cc(NC(=O)Nc3ccccc3)c(F)cc2Br)cc2cnc(NC)cc21,Original,,,,,,,,
RISDIPLAM,0,,1,Most,1,Most,1,Most,0,,0,,0,,0,,Cc1cn2nc(-c3cc(=O)n4cc(N5CCNC6(CC6)C5)ccc4n3)cc(C)c2n1,cc1cn2nc(-c3cc(=o)n4cc(n5ccnc6(cc6)c5)ccc4n3)cc(c)c2n1,Cc1cn2nc(-c3cc(=O)n4cc(N5CCNC6(CC6)C5)ccc4n3)cc(C)c2n1,Original,,,,,,,,
RISEDRONATE SODIUM,0,,1,Most,0,,1,Most,0,,0,,0,,0,,O=P(O)(O)C(O)(Cc1cccnc1)P(=O)(O)O,o=p(o)(o)c(o)(cc1cccnc1)p(=o)(o)o,O=P(O)(O)C(O)(Cc1cccnc1)P(=O)(O)O,Original,,,,,,,,
RISPERIDONE,1,Most,1,Most,1,Most,1,,0,,0,,0,,0,,Cc1nc2n(c(=O)c1CCN1CCC(c3noc4cc(F)ccc34)CC1)CCCC2,cc1nc2n(c(=o)c1ccn1ccc(c3noc4cc(f)ccc34)cc1)cccc2,Cc1nc2n(c(=O)c1CCN1CCC(c3noc4cc(F)ccc34)CC1)CCCC2,Original,,,,,,,,
RITONAVIR,1,Most,1,Most,1,Most,0,,1,Most,0,,0,,1,,CC(C)c1nc(CN(C)C(=O)N[C@H](C(=O)N[C@@H](Cc2ccccc2)C[C@H](O)[C@H](Cc2ccccc2)NC(=O)OCc2cncs2)C(C)C)cs1,cc(c)c1nc(cn(c)c(=o)n[c@h](c(=o)n[c@@h](cc2ccccc2)c[c@h](o)[c@h](cc2ccccc2)nc(=o)occ2cncs2)c(c)c)cs1,CC(C)c1nc(CN(C)C(=O)N[C@H](C(=O)N[C@@H](Cc2ccccc2)C[C@H](O)[C@H](Cc2ccccc2)NC(=O)OCc2cncs2)C(C)C)cs1,Original,,,,,,,,
RIVAROXABAN,0,,1,Most,1,Most,0,,1,Most,0,,1,Most,1,Most,O=C(NC[C@H]1CN(c2ccc(N3CCOCC3=O)cc2)C(=O)O1)c1ccc(Cl)s1,o=c(nc[c@h]1cn(c2ccc(n3ccocc3=o)cc2)c(=o)o1)c1ccc(cl)s1,O=C(NC[C@H]1CN(c2ccc(N3CCOCC3=O)cc2)C(=O)O1)c1ccc(Cl)s1,Original,,,,,,,,
RIVASTIGMINE TARTRATE,1,,1,Most,1,,0,,0,,0,,1,,0,,CCN(C)C(=O)Oc1cccc([C@H](C)N(C)C)c1.O=C(O)[C@H](O)[C@@H](O)C(=O)O,ccn(c)c(=o)oc1cccc([c@h](c)n(c)c)c1.o=c(o)[c@h](o)[c@@h](o)c(=o)o,CCN(C)C(=O)Oc1cccc([C@H](C)N(C)C)c1.O=C(O)[C@H](O)[C@@H](O)C(=O)O,Original,,,,,,,,
RIZATRIPTAN BENZOATE,1,Most,1,Most,0,,1,,0,,0,,0,,0,,CN(C)CCc1c[nH]c2ccc(Cn3cncn3)cc12.O=C(O)c1ccccc1,cn(c)ccc1c[nh]c2ccc(cn3cncn3)cc12.o=c(o)c1ccccc1,CN(C)CCc1c[nH]c2ccc(Cn3cncn3)cc12.O=C(O)c1ccccc1,Original,,,,,,,,
ROCURONIUM,1,Most,1,,0,,0,,1,Most,0,,1,Most,0,,C=CC[N+]1([C@H]2C[C@H]3[C@@H]4CC[C@H]5C[C@H](O)[C@@H](N6CCOCC6)C[C@]5(C)[C@H]4CC[C@]3(C)[C@H]2OC(C)=O)CCCC1,c=cc[n+]1([c@h]2c[c@h]3[c@@h]4cc[c@h]5c[c@h](o)[c@@h](n6ccocc6)c[c@]5(c)[c@h]4cc[c@]3(c)[c@h]2oc(c)=o)cccc1,C=CC[N+]1([C@H]2C[C@H]3[C@@H]4CC[C@H]5C[C@H](O)[C@@H](N6CCOCC6)C[C@]5(C)[C@H]4CC[C@]3(C)[C@H]2OC(C)=O)CCCC1,Original,,,,,,,,
ROFLUMILAST,0,,1,,0,,1,,1,Most,0,,0,,0,,O=C(Nc1c(Cl)cncc1Cl)c1ccc(OC(F)F)c(OCC2CC2)c1,o=c(nc1c(cl)cncc1cl)c1ccc(oc(f)f)c(occ2cc2)c1,O=C(Nc1c(Cl)cncc1Cl)c1ccc(OC(F)F)c(OCC2CC2)c1,Original,,,,,,,,
ROLAPITANT,0,,0,,1,Most,1,Most,0,,0,,0,,0,,C[C@@H](OC[C@@]1(c2ccccc2)CC[C@]2(CCC(=O)N2)CN1)c1cc(C(F)(F)F)cc(C(F)(F)F)c1,c[c@@h](oc[c@@]1(c2ccccc2)cc[c@]2(ccc(=o)n2)cn1)c1cc(c(f)(f)f)cc(c(f)(f)f)c1,C[C@@H](OC[C@@]1(c2ccccc2)CC[C@]2(CCC(=O)N2)CN1)c1cc(C(F)(F)F)cc(C(F)(F)F)c1,Original,,,,,,,,
ROMIDEPSIN,1,,1,Most,1,Most,1,Most,1,Most,0,,1,,0,,C/C=C1\NC(=O)[C@H]2CSSCC/C=C/[C@H](CC(=O)N[C@H](C(C)C)C(=O)N2)OC(=O)[C@H](C(C)C)NC1=O,c/c=c1\nc(=o)[c@h]2csscc/c=c/[c@h](cc(=o)n[c@h](c(c)c)c(=o)n2)oc(=o)[c@h](c(c)c)nc1=o,C/C=C1\NC(=O)[C@H]2CSSCC/C=C/[C@H](CC(=O)N[C@H](C(C)C)C(=O)N2)OC(=O)[C@H](C(C)C)NC1=O,Original,,,,,,,,
ROPINIROLE HYDROCHLORIDE,1,Most,0,,0,,1,,0,,0,,1,,0,,CCCN(CCC)CCc1cccc2c1CC(=O)N2,cccn(ccc)ccc1cccc2c1cc(=o)n2,CCCN(CCC)CCc1cccc2c1CC(=O)N2,Original,,,,,,,,
ROSIGLITAZONE MALEATE,1,Most,1,,1,Most,1,,1,,0,,0,,0,,CN(CCOc1ccc(CC2SC(=O)NC2=O)cc1)c1ccccn1.O=C(O)/C=C\C(=O)O,cn(ccoc1ccc(cc2sc(=o)nc2=o)cc1)c1ccccn1.o=c(o)/c=c\c(=o)o,CN(CCOc1ccc(CC2SC(=O)NC2=O)cc1)c1ccccn1.O=C(O)/C=C\C(=O)O,Original,,,,,,,,
ROSUVASTATIN,0,,1,Most,1,Most,1,,1,Most,0,,1,,1,Most,CC(C)c1nc(N(C)S(C)(=O)=O)nc(-c2ccc(F)cc2)c1/C=C/[C@@H](O)C[C@@H](O)CC(=O)O,cc(c)c1nc(n(c)s(c)(=o)=o)nc(-c2ccc(f)cc2)c1/c=c/[c@@h](o)c[c@@h](o)cc(=o)o,CC(C)c1nc(N(C)S(C)(=O)=O)nc(-c2ccc(F)cc2)c1/C=C/[C@@H](O)C[C@@H](O)CC(=O)O,Original,,,,,,,,
ROSUVASTATIN CALCIUM,0,,1,Most,1,Most,0,,1,Most,0,,1,Most,1,Most,CC(C)c1nc(N(C)S(C)(=O)=O)nc(-c2ccc(F)cc2)c1/C=C/[C@@H](O)C[C@@H](O)CC(=O)O.CC(C)c1nc(N(C)S(C)(=O)=O)nc(-c2ccc(F)cc2)c1/C=C/[C@@H](O)C[C@@H](O)CC(=O)O,cc(c)c1nc(n(c)s(c)(=o)=o)nc(-c2ccc(f)cc2)c1/c=c/[c@@h](o)c[c@@h](o)cc(=o)o.cc(c)c1nc(n(c)s(c)(=o)=o)nc(-c2ccc(f)cc2)c1/c=c/[c@@h](o)c[c@@h](o)cc(=o)o,CC(C)c1nc(N(C)S(C)(=O)=O)nc(-c2ccc(F)cc2)c1/C=C/[C@@H](O)C[C@@H](O)CC(=O)O.CC(C)c1nc(N(C)S(C)(=O)=O)nc(-c2ccc(F)cc2)c1/C=C/[C@@H](O)C[C@@H](O)CC(=O)O,Original,,,,,,,,
RUBIDIUM CHLORIDE RB-82,0,,0,,1,Most,0,,0,,0,,0,,0,,[Rb+],[rb+],[Rb+],Original,,,,,,,,
RUCAPARIB,1,Most,1,Most,1,Most,1,,1,Most,0,,0,,1,,CNCc1ccc(-c2[nH]c3cc(F)cc4c3c2CCNC4=O)cc1,cncc1ccc(-c2[nh]c3cc(f)cc4c3c2ccnc4=o)cc1,CNCc1ccc(-c2[nH]c3cc(F)cc4c3c2CCNC4=O)cc1,Original,,,,,,,,
RUFINAMIDE,1,,1,Most,1,Most,1,Most,1,Most,0,,0,,0,,NC(=O)c1cn(Cc2c(F)cccc2F)nn1,nc(=o)c1cn(cc2c(f)cccc2f)nn1,NC(=O)c1cn(Cc2c(F)cccc2F)nn1,Original,,,,,,,,
RUXOLITINIB,1,Most,1,Most,1,Most,0,,0,,0,,1,Most,0,,N#CC[C@H](C1CCCC1)n1cc(-c2ncnc3[nH]ccc23)cn1,n#cc[c@h](c1cccc1)n1cc(-c2ncnc3[nh]ccc23)cn1,N#CC[C@H](C1CCCC1)n1cc(-c2ncnc3[nH]ccc23)cn1,Original,,,,,,,,
RYDAPT,1,Most,1,Most,1,Most,1,Most,0,,0,,1,Most,1,Most,COC1C(N(C)C(=O)c2ccccc2)CC2OC1(C)n1c3ccccc3c3c4c(c5c6ccccc6n2c5c31)C(=O)NC4,coc1c(n(c)c(=o)c2ccccc2)cc2oc1(c)n1c3ccccc3c3c4c(c5c6ccccc6n2c5c31)c(=o)nc4,COC1C(N(C)C(=O)c2ccccc2)CC2OC1(C)n1c3ccccc3c3c4c(c5c6ccccc6n2c5c31)C(=O)NC4,Original,,,,,,,,
SAFINAMIDE MESYLATE,1,Most,1,Most,0,,1,Most,1,,0,,0,,0,,C[C@H](NCc1ccc(OCc2cccc(F)c2)cc1)C(N)=O,c[c@h](ncc1ccc(occ2cccc(f)c2)cc1)c(n)=o,C[C@H](NCc1ccc(OCc2cccc(F)c2)cc1)C(N)=O,Original,,,,,,,,
SAPROPTERIN DIHYDROCHLORIDE,1,,1,,0,,0,,0,,0,,0,,0,,C[C@H](O)[C@H](O)[C@H]1CNc2[nH]c(N)nc(=O)c2N1,c[c@h](o)[c@h](o)[c@h]1cnc2[nh]c(n)nc(=o)c2n1,C[C@H](O)[C@H](O)[C@H]1CNc2[nH]c(N)nc(=O)c2N1,Original,,,,,,,,
SAQUINAVIR MESYLATE,1,Most,1,Most,1,Most,0,,1,Most,0,,1,Most,1,,CC(C)(C)NC(=O)[C@@H]1C[C@@H]2CCCC[C@@H]2CN1C[C@@H](O)[C@H](Cc1ccccc1)NC(=O)[C@H](CC(N)=O)NC(=O)c1ccc2ccccc2n1,cc(c)(c)nc(=o)[c@@h]1c[c@@h]2cccc[c@@h]2cn1c[c@@h](o)[c@h](cc1ccccc1)nc(=o)[c@h](cc(n)=o)nc(=o)c1ccc2ccccc2n1,CC(C)(C)NC(=O)[C@@H]1C[C@@H]2CCCC[C@@H]2CN1C[C@@H](O)[C@H](Cc1ccccc1)NC(=O)[C@H](CC(N)=O)NC(=O)c1ccc2ccccc2n1,Original,,,,,,,,
SARECYCLINE HYDROCHLORIDE,0,,1,Most,0,,1,Most,0,,0,,0,,0,,CON(C)Cc1ccc(O)c2c1C[C@H]1C[C@H]3[C@H](N(C)C)C(O)=C(C(N)=O)C(=O)[C@@]3(O)C(O)=C1C2=O,con(c)cc1ccc(o)c2c1c[c@h]1c[c@h]3[c@h](n(c)c)c(o)=c(c(n)=o)c(=o)[c@@]3(o)c(o)=c1c2=o,CON(C)Cc1ccc(O)c2c1C[C@H]1C[C@H]3[C@H](N(C)C)C(O)=C(C(N)=O)C(=O)[C@@]3(O)C(O)=C1C2=O,Original,,,,,,,,
SAXAGLIPTIN,1,Most,1,Most,1,Most,0,,0,,0,,0,,0,,N#C[C@@H]1C[C@@H]2C[C@@H]2N1C(=O)[C@@H](N)C12CC3CC(CC(O)(C3)C1)C2,n#c[c@@h]1c[c@@h]2c[c@@h]2n1c(=o)[c@@h](n)c12cc3cc(cc(o)(c3)c1)c2,N#C[C@@H]1C[C@@H]2C[C@@H]2N1C(=O)[C@@H](N)C12CC3CC(CC(O)(C3)C1)C2,Original,,,,,,,,
SECNIDAZOLE,0,,1,Most,0,,0,,1,Most,0,,0,,0,,Cc1ncc([N+](=O)[O-])n1CC(C)O,cc1ncc([n+](=o)[o-])n1cc(c)o,Cc1ncc([N+](=O)[O-])n1CC(C)O,Original,,,,,,,,
SELEGILINE HYDROCHLORIDE,1,Most,1,Most,0,,1,,1,,0,,0,,0,,C#CCN(C)[C@H](C)Cc1ccccc1,c#ccn(c)[c@h](c)cc1ccccc1,C#CCN(C)[C@H](C)Cc1ccccc1,Original,,,,,,,,
SELENIOUS ACID,0,,0,,0,,0,,0,,0,,0,,1,,O=[Se](O)O,o=[se](o)o,O=[Se](O)O,Original,,,,,,,,
SELEXIPAG,0,,1,,1,Most,0,,0,,0,,1,,0,,CC(C)N(CCCCOCC(=O)NS(C)(=O)=O)c1cnc(-c2ccccc2)c(-c2ccccc2)n1,cc(c)n(ccccocc(=o)ns(c)(=o)=o)c1cnc(-c2ccccc2)c(-c2ccccc2)n1,CC(C)N(CCCCOCC(=O)NS(C)(=O)=O)c1cnc(-c2ccccc2)c(-c2ccccc2)n1,Original,,,,,,,,
SELINEXOR,0,,0,,1,Most,1,Most,1,,0,,0,,1,,O=C(/C=C\n1cnc(-c2cc(C(F)(F)F)cc(C(F)(F)F)c2)n1)NNc1cnccn1,o=c(/c=c\n1cnc(-c2cc(c(f)(f)f)cc(c(f)(f)f)c2)n1)nnc1cnccn1,O=C(/C=C\n1cnc(-c2cc(C(F)(F)F)cc(C(F)(F)F)c2)n1)NNc1cnccn1,Original,,,,,,,,
SELPERCATINIB,1,Most,1,Most,1,Most,1,Most,1,Most,0,,1,Most,0,,COc1ccc(CN2C3CC2CN(c2ccc(-c4cc(OCC(C)(C)O)cn5ncc(C#N)c45)cn2)C3)cn1,coc1ccc(cn2c3cc2cn(c2ccc(-c4cc(occ(c)(c)o)cn5ncc(c#n)c45)cn2)c3)cn1,COc1ccc(CN2C3CC2CN(c2ccc(-c4cc(OCC(C)(C)O)cn5ncc(C#N)c45)cn2)C3)cn1,Original,,,,,,,,
SELUMETINIB,1,Most,1,Most,1,Most,0,,1,Most,0,,0,,1,Most,Cn1cnc2c(F)c(Nc3ccc(Br)cc3Cl)c(C(=O)NOCCO)cc21,cn1cnc2c(f)c(nc3ccc(br)cc3cl)c(c(=o)nocco)cc21,Cn1cnc2c(F)c(Nc3ccc(Br)cc3Cl)c(C(=O)NOCCO)cc21,Original,,,,,,,,
SEMAGLUTIDE,1,,1,Most,0,,0,,0,,0,,0,,1,Most,CCC(C)C(NC(=O)C(Cc1ccccc1)NC(=O)C(CCC(=O)O)NC(=O)C(CCCCNC(=O)COCCOCCNC(=O)COCCOCCNC(=O)CCC(NC(=O)CCCCCCCCCCCCCCCCC(=O)O)C(=O)O)NC(=O)C(C)NC(=O)C(C)NC(=O)C(CCC(N)=O)NC(=O)CNC(=O)C(CCC(=O)O)NC(=O)C(CC(C)C)NC(=O)C(Cc1ccc(O)cc1)NC(=O)C(CO)NC(=O)C(CO)NC(=O)C(NC(=O)C(CC(=O)O)NC(=O)C(CO)NC(=O)C(NC(=O)C(Cc1ccccc1)NC(=O)C(NC(=O)CNC(=O)C(CCC(=O)O)NC(=O)C(C)(C)NC(=O)C(N)Cc1cnc[nH]1)C(C)O)C(C)O)C(C)C)C(=O)NC(C)C(=O)NC(Cc1c[nH]c2ccccc12)C(=O)NC(CC(C)C)C(=O)NC(C(=O)NC(CCCNC(=N)N)C(=O)NCC(=O)NC(CCCNC(=N)N)C(=O)NCC(=O)O)C(C)C,ccc(c)c(nc(=o)c(cc1ccccc1)nc(=o)c(ccc(=o)o)nc(=o)c(ccccnc(=o)coccoccnc(=o)coccoccnc(=o)ccc(nc(=o)ccccccccccccccccc(=o)o)c(=o)o)nc(=o)c(c)nc(=o)c(c)nc(=o)c(ccc(n)=o)nc(=o)cnc(=o)c(ccc(=o)o)nc(=o)c(cc(c)c)nc(=o)c(cc1ccc(o)cc1)nc(=o)c(co)nc(=o)c(co)nc(=o)c(nc(=o)c(cc(=o)o)nc(=o)c(co)nc(=o)c(nc(=o)c(cc1ccccc1)nc(=o)c(nc(=o)cnc(=o)c(ccc(=o)o)nc(=o)c(c)(c)nc(=o)c(n)cc1cnc[nh]1)c(c)o)c(c)o)c(c)c)c(=o)nc(c)c(=o)nc(cc1c[nh]c2ccccc12)c(=o)nc(cc(c)c)c(=o)nc(c(=o)nc(cccnc(=n)n)c(=o)ncc(=o)nc(cccnc(=n)n)c(=o)ncc(=o)o)c(c)c,CCC(C)C(NC(=O)C(Cc1ccccc1)NC(=O)C(CCC(=O)O)NC(=O)C(CCCCNC(=O)COCCOCCNC(=O)COCCOCCNC(=O)CCC(NC(=O)CCCCCCCCCCCCCCCCC(=O)O)C(=O)O)NC(=O)C(C)NC(=O)C(C)NC(=O)C(CCC(N)=O)NC(=O)CNC(=O)C(CCC(=O)O)NC(=O)C(CC(C)C)NC(=O)C(Cc1ccc(O)cc1)NC(=O)C(CO)NC(=O)C(CO)NC(=O)C(NC(=O)C(CC(=O)O)NC(=O)C(CO)NC(=O)C(NC(=O)C(Cc1ccccc1)NC(=O)C(NC(=O)CNC(=O)C(CCC(=O)O)NC(=O)C(C)(C)NC(=O)C(N)Cc1cnc[nH]1)C(C)O)C(C)O)C(C)C)C(=O)NC(C)C(=O)NC(Cc1c[nH]c2ccccc12)C(=O)NC(CC(C)C)C(=O)NC(C(=O)NC(CCCNC(=N)N)C(=O)NCC(=O)NC(CCCNC(=N)N)C(=O)NCC(=O)O)C(C)C,Original,,,,,,,,
SERTRALINE,1,Most,1,Most,1,Most,1,,1,Most,1,,1,,0,,CN[C@H]1CC[C@@H](c2ccc(Cl)c(Cl)c2)c2ccccc21,cn[c@h]1cc[c@@h](c2ccc(cl)c(cl)c2)c2ccccc21,CN[C@H]1CC[C@@H](c2ccc(Cl)c(Cl)c2)c2ccccc21,Original,,,,,,,,
SETMELANOTIDE,0,,1,Most,1,,0,,0,,0,,0,,0,,CC(=O)N[C@@H](CCCNC(=N)N)C(=O)N[C@H]1CSSC[C@@H](C(N)=O)NC(=O)[C@H](Cc2c[nH]c3ccccc23)NC(=O)[C@H](CCCNC(=N)N)NC(=O)[C@@H](Cc2ccccc2)NC(=O)[C@H](Cc2c[nH]cn2)NC(=O)[C@@H](C)NC1=O,cc(=o)n[c@@h](cccnc(=n)n)c(=o)n[c@h]1cssc[c@@h](c(n)=o)nc(=o)[c@h](cc2c[nh]c3ccccc23)nc(=o)[c@h](cccnc(=n)n)nc(=o)[c@@h](cc2ccccc2)nc(=o)[c@h](cc2c[nh]cn2)nc(=o)[c@@h](c)nc1=o,CC(=O)N[C@@H](CCCNC(=N)N)C(=O)N[C@H]1CSSC[C@@H](C(N)=O)NC(=O)[C@H](Cc2c[nH]c3ccccc23)NC(=O)[C@H](CCCNC(=N)N)NC(=O)[C@@H](Cc2ccccc2)NC(=O)[C@H](Cc2c[nH]cn2)NC(=O)[C@@H](C)NC1=O,Original,,,,,,,,
SEVELAMER CARBONATE,0,,1,,1,,0,,0,,0,,0,,0,,C=CCN.ClCC1CO1.O=C(O)O,c=ccn.clcc1co1.o=c(o)o,C=CCN.ClCC1CO1.O=C(O)O,Original,,,,,,,,
SEVELAMER HYDROCHLORIDE,0,,1,,1,,0,,0,,0,,0,,0,,C=CCN.ClCC1CO1,c=ccn.clcc1co1,C=CCN.ClCC1CO1,Original,,,,,,,,
SILDENAFIL,1,Most,0,,1,,0,,0,,1,Most,1,Most,0,,CCCc1nn(C)c2c(=O)[nH]c(-c3cc(S(=O)(=O)N4CCN(C)CC4)ccc3OCC)nc12,cccc1nn(c)c2c(=o)[nh]c(-c3cc(s(=o)(=o)n4ccn(c)cc4)ccc3occ)nc12,CCCc1nn(C)c2c(=O)[nH]c(-c3cc(S(=O)(=O)N4CCN(C)CC4)ccc3OCC)nc12,Original,,,,,,,,
SILODOSIN,0,,1,,0,,1,Most,1,,0,,0,,0,Most,C[C@H](Cc1cc2c(c(C(N)=O)c1)N(CCCO)CC2)NCCOc1ccccc1OCC(F)(F)F,c[c@h](cc1cc2c(c(c(n)=o)c1)n(ccco)cc2)nccoc1ccccc1occ(f)(f)f,C[C@H](Cc1cc2c(c(C(N)=O)c1)N(CCCO)CC2)NCCOc1ccccc1OCC(F)(F)F,Original,,,,,,,,
SIMVASTATIN,0,,1,Most,1,Most,1,,1,Most,0,,1,,1,Most,CCC(C)(C)C(=O)O[C@H]1C[C@@H](C)C=C2C=C[C@H](C)[C@H](CC[C@@H]3C[C@@H](O)CC(=O)O3)[C@H]21,ccc(c)(c)c(=o)o[c@h]1c[c@@h](c)c=c2c=c[c@h](c)[c@h](cc[c@@h]3c[c@@h](o)cc(=o)o3)[c@h]21,CCC(C)(C)C(=O)O[C@H]1C[C@@H](C)C=C2C=C[C@H](C)[C@H](CC[C@@H]3C[C@@H](O)CC(=O)O3)[C@H]21,Original,,,,,,,,
SINCALIDE,0,,1,Most,0,,0,,0,,0,,0,,0,,CSCC[C@H](NC(=O)[C@H](Cc1ccc(OS(=O)(=O)O)cc1)NC(=O)[C@@H](N)CC(=O)O)C(=O)NCC(=O)N[C@@H](Cc1c[nH]c2ccccc12)C(=O)N[C@@H](CCSC)C(=O)N[C@@H](CC(=O)O)C(=O)N[C@@H](Cc1ccccc1)C(N)=O,cscc[c@h](nc(=o)[c@h](cc1ccc(os(=o)(=o)o)cc1)nc(=o)[c@@h](n)cc(=o)o)c(=o)ncc(=o)n[c@@h](cc1c[nh]c2ccccc12)c(=o)n[c@@h](ccsc)c(=o)n[c@@h](cc(=o)o)c(=o)n[c@@h](cc1ccccc1)c(n)=o,CSCC[C@H](NC(=O)[C@H](Cc1ccc(OS(=O)(=O)O)cc1)NC(=O)[C@@H](N)CC(=O)O)C(=O)NCC(=O)N[C@@H](Cc1c[nH]c2ccccc12)C(=O)N[C@@H](CCSC)C(=O)N[C@@H](CC(=O)O)C(=O)N[C@@H](Cc1ccccc1)C(N)=O,Original,,,,,,,,
SIPONIMOD,1,Most,1,Most,1,Most,1,,1,Most,0,,1,Most,0,,CCc1cc(/C(C)=N/OCc2ccc(C3CCCCC3)c(C(F)(F)F)c2)ccc1CN1CC(C(=O)O)C1,ccc1cc(/c(c)=n/occ2ccc(c3ccccc3)c(c(f)(f)f)c2)ccc1cn1cc(c(=o)o)c1,CCc1cc(/C(C)=N/OCc2ccc(C3CCCCC3)c(C(F)(F)F)c2)ccc1CN1CC(C(=O)O)C1,Original,,,,,,,,
SIROLIMUS,1,Most,1,Most,1,Most,1,Most,1,Most,0,,1,Most,1,Most,CO[C@H]1C[C@@H]2CC[C@@H](C)[C@@](O)(O2)C(=O)C(=O)N2CCCC[C@H]2C(=O)O[C@H]([C@H](C)C[C@@H]2CC[C@@H](O)[C@H](OC)C2)CC(=O)[C@H](C)/C=C(\C)[C@@H](O)[C@@H](OC)C(=O)[C@H](C)C[C@H](C)/C=C/C=C/C=C/1C,co[c@h]1c[c@@h]2cc[c@@h](c)[c@@](o)(o2)c(=o)c(=o)n2cccc[c@h]2c(=o)o[c@h]([c@h](c)c[c@@h]2cc[c@@h](o)[c@h](oc)c2)cc(=o)[c@h](c)/c=c(\c)[c@@h](o)[c@@h](oc)c(=o)[c@h](c)c[c@h](c)/c=c/c=c/c=c/1c,CO[C@H]1C[C@@H]2CC[C@@H](C)[C@@](O)(O2)C(=O)C(=O)N2CCCC[C@H]2C(=O)O[C@H]([C@H](C)C[C@@H]2CC[C@@H](O)[C@H](OC)C2)CC(=O)[C@H](C)/C=C(\C)[C@@H](O)[C@@H](OC)C(=O)[C@H](C)C[C@H](C)/C=C/C=C/C=C/1C,Original,,,,,,,,
SITAGLIPTIN,0,,1,Most,0,,0,,1,,0,,0,,1,Most,N[C@@H](CC(=O)N1CCn2c(nnc2C(F)(F)F)C1)Cc1cc(F)c(F)cc1F,n[c@@h](cc(=o)n1ccn2c(nnc2c(f)(f)f)c1)cc1cc(f)c(f)cc1f,N[C@@H](CC(=O)N1CCn2c(nnc2C(F)(F)F)C1)Cc1cc(F)c(F)cc1F,Original,,,,,,,,
SODIUM ACETATE,1,Most,0,,0,,0,,0,,0,,1,Most,1,Most,CC(=O)O,cc(=o)o,CC(=O)O,Original,,,,,,,,
SODIUM CHLORIDE,1,Most,0,,0,,0,,0,,0,,1,Most,1,Most,[Na+],[na+],[Na+],Original,,,,,,,,
SODIUM FERRIC GLUCONATE COMPLEX,1,Most,1,Most,1,Most,0,,0,,1,Most,0,,0,,Not found,not found,[Na+].[Fe+3].OC[C@@H](O)[C@@H](O)[C@H](O)[C@@H](O)C([O-])=O,NCI/Cactus,,,,,,,,
SODIUM FLUORIDE F 18,0,,0,,0,,0,,0,,0,,0,,0,,[Na+],[na+],[Na+],Original,,,,,,,,
SODIUM IODIDE I 123,0,,1,,0,,0,,0,,0,,0,,0,,[Na+],[na+],[Na+],Original,,,,,,,,
SODIUM IODIDE I-131,1,Most,1,,1,Most,1,Most,0,,0,,1,Most,1,Most,[Na+],[na+],[Na+],Original,,,,,,,,
SODIUM IOTHALAMATE I-125 INJECTION,0,,0,,0,,0,,0,,0,,0,,0,,CNC(=O)c1c(I)c(NC(C)=O)c(I)c(C(=O)O)c1I,cnc(=o)c1c(i)c(nc(c)=o)c(i)c(c(=o)o)c1i,CNC(=O)c1c(I)c(NC(C)=O)c(I)c(C(=O)O)c1I,Original,,,,,,,,
SODIUM NITRITE,1,Most,1,,1,Most,0,,0,,0,,1,Most,1,Most,O=NO,o=no,O=NO,Original,,,,,,,,
SODIUM NITROPRUSSIDE,1,Most,1,,1,Most,0,,0,,0,,0,,1,Most,C#N.C#N.N#[O+].[C-]#N.[C-]#N.[C-]#N.[Fe+2],c#n.c#n.n#[o+].[c-]#n.[c-]#n.[c-]#n.[fe+2],C#N.C#N.N#[O+].[C-]#N.[C-]#N.[C-]#N.[Fe+2],Original,,,,,,,,
SODIUM OXYBATE,1,Most,0,,0,,0,,1,,0,,1,Most,0,,O=C(O)CCCO,o=c(o)ccco,O=C(O)CCCO,Original,,,,,,,,
SODIUM PHENYLBUTYRATE,1,Most,1,,1,Most,0,,0,,1,,0,,1,Most,O=C(O)CCCc1ccccc1,o=c(o)cccc1ccccc1,O=C(O)CCCc1ccccc1,Original,,,,,,,,
SODIUM POLYSTYRENE SULFONATE,1,Most,0,,0,,0,,0,,0,,1,Most,0,,Not found,not found,[Ca++].[O-][S](=O)(=O)c1ccccc1C=C,NCI/Cactus,,,,,,,,
SODIUM TETRADECYL SULFATE,1,Most,1,Most,1,Most,0,,0,,0,,1,Most,0,,CCCCC(CC)CCC(CC(C)C)OS(=O)(=O)O,ccccc(cc)ccc(cc(c)c)os(=o)(=o)o,CCCCC(CC)CCC(CC(C)C)OS(=O)(=O)O,Original,,,,,,,,
SODIUM THIOSULFATE,1,,0,,1,Most,0,,0,,0,,0,,1,Most,O=S(O)(O)=S,o=s(o)(o)=s,O=S(O)(O)=S,Original,,,,,,,,
SODIUM ZIRCONIUM CYCLOSILICATE,0,,0,,0,,0,,0,,0,,0,,0,,[O-][Si]1([O-])O[Si]([O-])([O-])O[Si](O)(O)O1.[Zr+4],[o-][si]1([o-])o[si]([o-])([o-])o[si](o)(o)o1.[zr+4],[O-][Si]1([O-])O[Si]([O-])([O-])O[Si](O)(O)O1.[Zr+4],Original,,,,,,,,
SOFOSBUVIR,1,,1,,1,,0,,0,,0,,0,,0,,CC(C)OC(=O)[C@H](C)N[P@](=O)(OC[C@H]1O[C@@H](n2ccc(=O)[nH]c2=O)[C@](C)(F)[C@@H]1O)Oc1ccccc1,cc(c)oc(=o)[c@h](c)n[p@](=o)(oc[c@h]1o[c@@h](n2ccc(=o)[nh]c2=o)[c@](c)(f)[c@@h]1o)oc1ccccc1,CC(C)OC(=O)[C@H](C)N[P@](=O)(OC[C@H]1O[C@@H](n2ccc(=O)[nH]c2=O)[C@](C)(F)[C@@H]1O)Oc1ccccc1,Original,,,,,,,,
SOLIFENACIN SUCCIATE; SOLIFENACIN SUCCINATE,1,Most,1,Most,0,,0,,1,Most,0,,0,,1,Most,Not found,not found,O=C(O)CCC(=O)O.O=C(O[C@H]1CN2CCC1CC2)N1CCc2ccccc2[C@@H]1c1ccccc1,ChEMBL,,,,,,,,
SOLRIAMFETOL,1,Most,1,,0,,0,,0,,0,,0,,0,,NC(=O)OC[C@H](N)Cc1ccccc1,nc(=o)oc[c@h](n)cc1ccccc1,NC(=O)OC[C@H](N)Cc1ccccc1,Original,,,,,,,,
SONIDEGIB,0,,1,Most,1,Most,1,Most,1,,0,,0,,1,,Cc1c(C(=O)Nc2ccc(N3C[C@@H](C)O[C@@H](C)C3)nc2)cccc1-c1ccc(OC(F)(F)F)cc1,cc1c(c(=o)nc2ccc(n3c[c@@h](c)o[c@@h](c)c3)nc2)cccc1-c1ccc(oc(f)(f)f)cc1,Cc1c(C(=O)Nc2ccc(N3C[C@@H](C)O[C@@H](C)C3)nc2)cccc1-c1ccc(OC(F)(F)F)cc1,Original,,,,,,,,
SORAFENIB,1,Most,1,Most,1,Most,1,Most,1,Most,0,,1,,1,,CNC(=O)c1cc(Oc2ccc(NC(=O)Nc3ccc(Cl)c(C(F)(F)F)c3)cc2)ccn1,cnc(=o)c1cc(oc2ccc(nc(=o)nc3ccc(cl)c(c(f)(f)f)c3)cc2)ccn1,CNC(=O)c1cc(Oc2ccc(NC(=O)Nc3ccc(Cl)c(C(F)(F)F)c3)cc2)ccn1,Original,,,,,,,,
SOTALOL HYDROCHLORIDE,1,Most,1,,1,,1,,0,,0,,1,Most,0,,CC(C)NCC(O)c1ccc(NS(C)(=O)=O)cc1,cc(c)ncc(o)c1ccc(ns(c)(=o)=o)cc1,CC(C)NCC(O)c1ccc(NS(C)(=O)=O)cc1,Original,,,,,,,,
SOTORASIB,0,,1,,1,Most,0,,1,Most,0,,1,Most,1,Most,C=CC(=O)N1CCN(c2nc(=O)n(-c3c(C)ccnc3C(C)C)c3nc(-c4c(O)cccc4F)c(F)cc23)[C@@H](C)C1,c=cc(=o)n1ccn(c2nc(=o)n(-c3c(c)ccnc3c(c)c)c3nc(-c4c(o)cccc4f)c(f)cc23)[c@@h](c)c1,C=CC(=O)N1CCN(c2nc(=O)n(-c3c(C)ccnc3C(C)C)c3nc(-c4c(O)cccc4F)c(F)cc23)[C@@H](C)C1,Original,,,,,,,,
SOYBEAN OIL,0,,1,,1,Most,0,,1,Most,0,,1,Most,1,Most,Not found,not found,,NotFound,SOYBEAN OIL,SOYBEAN OIL,,,not_found | variants_tried=2,,None,"no_hit | variants=['SOYBEAN OIL', 'SOYBEAN']"
SPIRONOLACTONE,1,,1,Most,1,Most,1,Most,1,,0,,0,,1,Most,CC(=O)S[C@@H]1CC2=CC(=O)CC[C@]2(C)[C@H]2CC[C@@]3(C)[C@@H](CC[C@@]34CCC(=O)O4)[C@H]12,cc(=o)s[c@@h]1cc2=cc(=o)cc[c@]2(c)[c@h]2cc[c@@]3(c)[c@@h](cc[c@@]34ccc(=o)o4)[c@h]12,CC(=O)S[C@@H]1CC2=CC(=O)CC[C@]2(C)[C@H]2CC[C@@]3(C)[C@@H](CC[C@@]34CCC(=O)O4)[C@H]12,Original,,,,,,,,
STAVUDINE,0,,1,Most,1,Most,0,,1,Most,0,,0,,1,Most,Cc1cn([C@H]2C=C[C@@H](CO)O2)c(=O)[nH]c1=O,cc1cn([c@h]2c=c[c@@h](co)o2)c(=o)[nh]c1=o,Cc1cn([C@H]2C=C[C@@H](CO)O2)c(=O)[nH]c1=O,Original,,,,,,,,
STERILE WATER FOR INJECTION,0,,0,,1,,0,,0,,0,,0,,0,,O,o,O,Original,,,,,,,,
STIRIPENTOL,0,,0,,1,Most,0,,1,,0,,0,,0,,CC(C)(C)C(O)/C=C/c1ccc2c(c1)OCO2,cc(c)(c)c(o)/c=c/c1ccc2c(c1)oco2,CC(C)(C)C(O)/C=C/c1ccc2c(c1)OCO2,Original,,,,,,,,
STREPTOMYCIN,0,,1,Most,1,Most,0,,0,,1,Most,0,,1,,CN[C@@H]1[C@H](O[C@H]2[C@H](O[C@H]3[C@H](O)[C@@H](O)[C@H](N=C(N)N)[C@@H](O)[C@@H]3N=C(N)N)O[C@@H](C)[C@]2(O)C=O)O[C@@H](CO)[C@H](O)[C@H]1O,cn[c@@h]1[c@h](o[c@h]2[c@h](o[c@h]3[c@h](o)[c@@h](o)[c@h](n=c(n)n)[c@@h](o)[c@@h]3n=c(n)n)o[c@@h](c)[c@]2(o)c=o)o[c@@h](co)[c@h](o)[c@h]1o,CN[C@@H]1[C@H](O[C@H]2[C@H](O[C@H]3[C@H](O)[C@@H](O)[C@H](N=C(N)N)[C@@H](O)[C@@H]3N=C(N)N)O[C@@H](C)[C@]2(O)C=O)O[C@@H](CO)[C@H](O)[C@H]1O,Original,,,,,,,,
STREPTOZOCIN,0,,1,Most,1,,1,Most,1,Most,0,,0,,1,Most,CN(N=O)C(=O)N[C@@H](C=O)[C@@H](O)[C@H](O)[C@H](O)CO,cn(n=o)c(=o)n[c@@h](c=o)[c@@h](o)[c@h](o)[c@h](o)co,CN(N=O)C(=O)N[C@@H](C=O)[C@@H](O)[C@H](O)[C@H](O)CO,Original,,,,,,,,
STRONTIUM CHLORIDE SR-89,0,,0,,1,Most,0,,0,,0,,0,,1,,[Sr+2],[sr+2],[Sr+2],Original,,,,,,,,
SUCCIMER,0,,1,Most,0,,0,,0,,0,,0,,0,,O=C(O)[C@@H](S)[C@@H](S)C(=O)O,o=c(o)[c@@h](s)[c@@h](s)c(=o)o,O=C(O)[C@@H](S)[C@@H](S)C(=O)O,Original,,,,,,,,
SUCCINYLCHOLINE CHLORIDE,1,Most,1,,0,,0,,0,,0,,1,Most,0,,C[N+](C)(C)CCOC(=O)CCC(=O)OCC[N+](C)(C)C,c[n+](c)(c)ccoc(=o)ccc(=o)occ[n+](c)(c)c,C[N+](C)(C)CCOC(=O)CCC(=O)OCC[N+](C)(C)C,Original,,,,,,,,
SUCRALFATE,0,,1,,0,,0,,0,,0,,1,Most,1,Most,Not found,not found,O=S(=O)(OC[C@H]1O[C@@H](O[C@]2(COS(=O)(=O)O[Al](O)O)O[C@H](OS(=O)(=O)O[Al](O)O)[C@@H](OS(=O)(=O)O[Al](O)O)[C@@H]2OS(=O)(=O)O[Al](O)O)[C@H](OS(=O)(=O)O[Al](O)O)[C@@H](OS(=O)(=O)O[Al](O)O)[C@@H]1OS(=O)(=O)O[Al](O)O)O[Al](O)O.O[Al](O)O.O[Al](O)O.O[Al](O)O.O[Al](O)O.O[Al](O)O.O[Al](O)O.O[Al](O)O.O[Al](O)O,ChEMBL,SUCRALFATE,SUCRALFATE,O=S(=O)(OC[C@H]1O[C@@H](O[C@]2(COS(=O)(=O)O[Al](O)O)O[C@H](OS(=O)(=O)O[Al](O)O)[C@@H](OS(=O)(=O)O[Al](O)O)[C@@H]2OS(=O)(=O)O[Al](O)O)[C@H](OS(=O)(=O)O[Al](O)O)[C@@H](OS(=O)(=O)O[Al](O)O)[C@@H]1OS(=O)(=O)O[Al](O)O)O[Al](O)O.O[Al](O)O.O[Al](O)O.O[Al](O)O.O[Al](O)O.O[Al](O)O.O[Al](O)O.O[Al](O)O.O[Al](O)O,ChEMBL,found_chembl | variants_tried=1,,,
SUCROFERRIC OXYHYDROXIDE,0,,1,,0,,0,,0,,0,,0,,0,,OCC1OC(OC2(CO)OC(CO)C(O)C2O)C(O)C(O)C1O.[Fe+3].[Fe+3].[Fe+3].[Fe+3].[Fe+3],occ1oc(oc2(co)oc(co)c(o)c2o)c(o)c(o)c1o.[fe+3].[fe+3].[fe+3].[fe+3].[fe+3],OCC1OC(OC2(CO)OC(CO)C(O)C2O)C(O)C(O)C1O.[Fe+3].[Fe+3].[Fe+3].[Fe+3].[Fe+3],Original,,,,,,,,
SUFENTANIL,1,Most,1,Most,0,,1,Most,0,,0,,1,Most,0,,CCC(=O)N(c1ccccc1)C1(COC)CCN(CCc2cccs2)CC1,ccc(=o)n(c1ccccc1)c1(coc)ccn(ccc2cccs2)cc1,CCC(=O)N(c1ccccc1)C1(COC)CCN(CCc2cccs2)CC1,Original,,,,,,,,
SUGAMMADEX,1,Most,1,Most,1,,0,,0,,0,,1,Most,1,Most,O=C(O)CCSC[C@H]1O[C@@H]2O[C@H]3[C@H](O)[C@@H](O)[C@@H](O[C@H]4[C@H](O)[C@@H](O)[C@@H](O[C@H]5[C@H](O)[C@@H](O)[C@@H](O[C@H]6[C@H](O)[C@@H](O)[C@@H](O[C@H]7[C@H](O)[C@@H](O)[C@@H](O[C@H]8[C@H](O)[C@@H](O)[C@@H](O[C@H]9[C@H](O)C(O)[C@@H](O[C@H]1[C@H](O)[C@H]2O)O[C@@H]9CSCCC(=O)O)O[C@@H]8CSCCC(=O)O)O[C@@H]7CSCCC(=O)O)O[C@@H]6CSCCC(=O)O)O[C@@H]5CSCCC(=O)O)O[C@@H]4CSCCC(=O)O)O[C@@H]3CSCCC(=O)O,o=c(o)ccsc[c@h]1o[c@@h]2o[c@h]3[c@h](o)[c@@h](o)[c@@h](o[c@h]4[c@h](o)[c@@h](o)[c@@h](o[c@h]5[c@h](o)[c@@h](o)[c@@h](o[c@h]6[c@h](o)[c@@h](o)[c@@h](o[c@h]7[c@h](o)[c@@h](o)[c@@h](o[c@h]8[c@h](o)[c@@h](o)[c@@h](o[c@h]9[c@h](o)c(o)[c@@h](o[c@h]1[c@h](o)[c@h]2o)o[c@@h]9csccc(=o)o)o[c@@h]8csccc(=o)o)o[c@@h]7csccc(=o)o)o[c@@h]6csccc(=o)o)o[c@@h]5csccc(=o)o)o[c@@h]4csccc(=o)o)o[c@@h]3csccc(=o)o,O=C(O)CCSC[C@H]1O[C@@H]2O[C@H]3[C@H](O)[C@@H](O)[C@@H](O[C@H]4[C@H](O)[C@@H](O)[C@@H](O[C@H]5[C@H](O)[C@@H](O)[C@@H](O[C@H]6[C@H](O)[C@@H](O)[C@@H](O[C@H]7[C@H](O)[C@@H](O)[C@@H](O[C@H]8[C@H](O)[C@@H](O)[C@@H](O[C@H]9[C@H](O)C(O)[C@@H](O[C@H]1[C@H](O)[C@H]2O)O[C@@H]9CSCCC(=O)O)O[C@@H]8CSCCC(=O)O)O[C@@H]7CSCCC(=O)O)O[C@@H]6CSCCC(=O)O)O[C@@H]5CSCCC(=O)O)O[C@@H]4CSCCC(=O)O)O[C@@H]3CSCCC(=O)O,Original,,,,,,,,
SULFADIAZINE,1,,1,Most,1,Most,0,,1,,1,,0,,1,Most,Nc1ccc(S(=O)(=O)Nc2ncccn2)cc1,nc1ccc(s(=o)(=o)nc2ncccn2)cc1,Nc1ccc(S(=O)(=O)Nc2ncccn2)cc1,Original,,,,,,,,
SULFASALAZINE,1,Most,1,Most,1,Most,1,Most,1,Most,1,Most,1,Most,1,Most,O=C(O)c1cc(/N=N/c2ccc(S(=O)(=O)Nc3ccccn3)cc2)ccc1O,o=c(o)c1cc(/n=n/c2ccc(s(=o)(=o)nc3ccccn3)cc2)ccc1o,O=C(O)c1cc(/N=N/c2ccc(S(=O)(=O)Nc3ccccn3)cc2)ccc1O,Original,,,,,,,,
SULINDAC,1,Most,1,Most,1,Most,0,,1,Most,1,,1,,1,,CC1=C(CC(=O)O)c2cc(F)ccc2/C1=C\c1ccc([S+](C)[O-])cc1,cc1=c(cc(=o)o)c2cc(f)ccc2/c1=c\c1ccc([s+](c)[o-])cc1,CC1=C(CC(=O)O)c2cc(F)ccc2/C1=C\c1ccc([S+](C)[O-])cc1,Original,,,,,,,,
SUMATRIPTAN SUCCINATE,1,Most,1,,0,,1,,1,Most,0,,0,,0,,CNS(=O)(=O)Cc1ccc2[nH]cc(CCN(C)C)c2c1.O=C(O)CCC(=O)O,cns(=o)(=o)cc1ccc2[nh]cc(ccn(c)c)c2c1.o=c(o)ccc(=o)o,CNS(=O)(=O)Cc1ccc2[nH]cc(CCN(C)C)c2c1.O=C(O)CCC(=O)O,Original,,,,,,,,
SUNITINIB MALATE,1,Most,1,Most,1,Most,1,Most,1,Most,0,,1,Most,1,Most,CCN(CC)CCNC(=O)c1c(C)[nH]c(/C=C2\C(=O)Nc3ccc(F)cc32)c1C.O=C(O)C[C@H](O)C(=O)O,ccn(cc)ccnc(=o)c1c(c)[nh]c(/c=c2\c(=o)nc3ccc(f)cc32)c1c.o=c(o)c[c@h](o)c(=o)o,CCN(CC)CCNC(=O)c1c(C)[nH]c(/C=C2\C(=O)Nc3ccc(F)cc32)c1C.O=C(O)C[C@H](O)C(=O)O,Original,,,,,,,,
SUVOREXANT,0,,1,,0,,1,,0,,0,,0,,0,,Cc1ccc(-n2nccn2)c(C(=O)N2CCN(c3nc4cc(Cl)ccc4o3)CC[C@H]2C)c1,cc1ccc(-n2nccn2)c(c(=o)n2ccn(c3nc4cc(cl)ccc4o3)cc[c@h]2c)c1,Cc1ccc(-n2nccn2)c(C(=O)N2CCN(c3nc4cc(Cl)ccc4o3)CC[C@H]2C)c1,Original,,,,,,,,
"SYNTHETIC CONJUGATED ESTROGENS, A",1,Most,1,Most,1,Most,0,,1,,0,,1,Most,0,,CC12CCC3C(=CCc4cc(OS(=O)(=O)O)ccc43)C1CCC2=O,cc12ccc3c(=ccc4cc(os(=o)(=o)o)ccc43)c1ccc2=o,CC12CCC3C(=CCc4cc(OS(=O)(=O)O)ccc43)C1CCC2=O,Original,,,,,,,,
"SYNTHETIC CONJUGATED ESTROGENS, B",1,Most,1,Most,1,Most,0,,1,Most,0,,1,Most,0,,Not found,not found,CC[C@H](C)[C@H](NC(=O)[C@H](COP(=O)(Oc1ccccc1)Oc1ccccc1)NC(=O)[C@H](CCC(=O)O)NC(C)=O)C(=O)N[C@@H](COP(=O)(Oc1ccccc1)Oc1ccccc1)C(=O)N[C@@H](COP(=O)(Oc1ccccc1)Oc1ccccc1)C(=O)N[C@@H](COP(=O)(Oc1ccccc1)Oc1ccccc1)C(=O)N[C@@H](CCC(=O)O)C(=O)NC(CCC(=O)O)C(=O)NC,ChEMBL,"SYNTHETIC CONJUGATED ESTROGENS, B","SYNTHETIC CONJUGATED ESTROGENS, B",CC[C@H](C)[C@H](NC(=O)[C@H](COP(=O)(Oc1ccccc1)Oc1ccccc1)NC(=O)[C@H](CCC(=O)O)NC(C)=O)C(=O)N[C@@H](COP(=O)(Oc1ccccc1)Oc1ccccc1)C(=O)N[C@@H](COP(=O)(Oc1ccccc1)Oc1ccccc1)C(=O)N[C@@H](COP(=O)(Oc1ccccc1)Oc1ccccc1)C(=O)N[C@@H](CCC(=O)O)C(=O)NC(CCC(=O)O)C(=O)NC,ChEMBL,found_chembl | variants_tried=4,,,
TACROLIMUS,1,Most,1,Most,1,Most,1,Most,1,Most,1,Most,1,Most,1,Most,C=CC[C@@H]1/C=C(\C)C[C@H](C)C[C@H](OC)[C@H]2O[C@@](O)(C(=O)C(=O)N3CCCC[C@H]3C(=O)O[C@H](/C(C)=C/[C@@H]3CC[C@@H](O)[C@H](OC)C3)[C@H](C)[C@@H](O)CC1=O)[C@H](C)C[C@@H]2OC,c=cc[c@@h]1/c=c(\c)c[c@h](c)c[c@h](oc)[c@h]2o[c@@](o)(c(=o)c(=o)n3cccc[c@h]3c(=o)o[c@h](/c(c)=c/[c@@h]3cc[c@@h](o)[c@h](oc)c3)[c@h](c)[c@@h](o)cc1=o)[c@h](c)c[c@@h]2oc,C=CC[C@@H]1/C=C(\C)C[C@H](C)C[C@H](OC)[C@H]2O[C@@](O)(C(=O)C(=O)N3CCCC[C@H]3C(=O)O[C@H](/C(C)=C/[C@@H]3CC[C@@H](O)[C@H](OC)C3)[C@H](C)[C@@H](O)CC1=O)[C@H](C)C[C@@H]2OC,Original,,,,,,,,
TACROLIMUS; TACROLIMUS CAPSULES,1,Most,1,Most,1,Most,1,Most,1,Most,1,,1,Most,1,Most,Not found,not found,C=CC[C@@H]1/C=C(\C)C[C@H](C)C[C@H](OC)[C@H]2O[C@@](O)(C(=O)C(=O)N3CCCC[C@H]3C(=O)O[C@H](/C(C)=C/[C@@H]3CC[C@@H](O)[C@H](OC)C3)[C@H](C)[C@@H](O)CC1=O)[C@H](C)C[C@@H]2OC.O,ChEMBL,,,,,,,,
TADALAFIL,1,Most,1,Most,1,Most,1,,0,,1,Most,1,Most,0,,CN1CC(=O)N2[C@H](c3ccc4c(c3)OCO4)c3[nH]c4ccccc4c3C[C@@H]2C1=O,cn1cc(=o)n2[c@h](c3ccc4c(c3)oco4)c3[nh]c4ccccc4c3c[c@@h]2c1=o,CN1CC(=O)N2[C@H](c3ccc4c(c3)OCO4)c3[nH]c4ccccc4c3C[C@@H]2C1=O,Original,,,,,,,,
TAFENOQUINE,0,,1,Most,1,Most,1,Most,1,Most,0,,0,,0,,COc1cc(C)c2c(Oc3cccc(C(F)(F)F)c3)c(OC)cc(NC(C)CCCN)c2n1,coc1cc(c)c2c(oc3cccc(c(f)(f)f)c3)c(oc)cc(nc(c)cccn)c2n1,COc1cc(C)c2c(Oc3cccc(C(F)(F)F)c3)c(OC)cc(NC(C)CCCN)c2n1,Original,,,,,,,,
TAFENOQUINE SUCCINATE,0,,1,Most,1,Most,1,Most,0,,0,,0,,0,,COc1cc(C)c2c(Oc3cccc(C(F)(F)F)c3)c(OC)cc(NC(C)CCCN)c2n1.O=C(O)CCC(=O)O,coc1cc(c)c2c(oc3cccc(c(f)(f)f)c3)c(oc)cc(nc(c)cccn)c2n1.o=c(o)ccc(=o)o,COc1cc(C)c2c(Oc3cccc(C(F)(F)F)c3)c(OC)cc(NC(C)CCCN)c2n1.O=C(O)CCC(=O)O,Original,,,,,,,,
TALAZOPARIB,0,,1,,1,Most,1,Most,1,,0,,0,,0,,Cn1ncnc1[C@H]1c2n[nH]c(=O)c3cc(F)cc(c23)N[C@@H]1c1ccc(F)cc1,cn1ncnc1[c@h]1c2n[nh]c(=o)c3cc(f)cc(c23)n[c@@h]1c1ccc(f)cc1,Cn1ncnc1[C@H]1c2n[nH]c(=O)c3cc(F)cc(c23)N[C@@H]1c1ccc(F)cc1,Original,,,,,,,,
TALC,0,,0,,1,Most,1,Most,0,,0,,1,Most,1,,O=[Si]=O.O=[Si]=O.O=[Si]=O.O=[Si]=O,o=[si]=o.o=[si]=o.o=[si]=o.o=[si]=o,O=[Si]=O.O=[Si]=O.O=[Si]=O.O=[Si]=O,Original,,,,,,,,
TAMOXIFEN CITRATE,1,Most,1,Most,1,Most,1,Most,1,Most,0,,1,Most,0,,CC/C(=C(\c1ccccc1)c1ccc(OCCN(C)C)cc1)c1ccccc1.O=C(O)CC(O)(CC(=O)O)C(=O)O,cc/c(=c(\c1ccccc1)c1ccc(occn(c)c)cc1)c1ccccc1.o=c(o)cc(o)(cc(=o)o)c(=o)o,CC/C(=C(\c1ccccc1)c1ccc(OCCN(C)C)cc1)c1ccccc1.O=C(O)CC(O)(CC(=O)O)C(=O)O,Original,,,,,,,,
TAMSULOSIN HYDROCHLORIDE,1,Most,1,Most,0,,1,Most,1,,0,,0,,0,,CCOc1ccccc1OCCN[C@H](C)Cc1ccc(OC)c(S(N)(=O)=O)c1,ccoc1ccccc1occn[c@h](c)cc1ccc(oc)c(s(n)(=o)=o)c1,CCOc1ccccc1OCCN[C@H](C)Cc1ccc(OC)c(S(N)(=O)=O)c1,Original,,,,,,,,
TAPENTADOL HYDROCHLORIDE,0,,1,,0,,1,,1,,0,,1,Most,1,Most,CC[C@@H](c1cccc(O)c1)[C@@H](C)CN(C)C,cc[c@@h](c1cccc(o)c1)[c@@h](c)cn(c)c,CC[C@@H](c1cccc(O)c1)[C@@H](C)CN(C)C,Original,,,,,,,,
TASIMELTEON,0,,0,,0,,1,,1,,0,,0,,0,,CCC(=O)NC[C@@H]1C[C@H]1c1cccc2c1CCO2,ccc(=o)nc[c@@h]1c[c@h]1c1cccc2c1cco2,CCC(=O)NC[C@@H]1C[C@H]1c1cccc2c1CCO2,Original,,,,,,,,
TAZEMETOSTAT,0,,1,,1,Most,0,,1,,0,,1,,0,,CCN(c1cc(-c2ccc(CN3CCOCC3)cc2)cc(C(=O)NCc2c(C)cc(C)[nH]c2=O)c1C)C1CCOCC1,ccn(c1cc(-c2ccc(cn3ccocc3)cc2)cc(c(=o)ncc2c(c)cc(c)[nh]c2=o)c1c)c1ccocc1,CCN(c1cc(-c2ccc(CN3CCOCC3)cc2)cc(C(=O)NCc2c(C)cc(C)[nH]c2=O)c1C)C1CCOCC1,Original,,,,,,,,
TECHNETIUM TC 99M MEDRONATE,1,Most,1,Most,0,,0,,0,,0,,0,,0,,O=P([O-])([O-])CP(=O)([O-])[O-].[Tc+4],o=p([o-])([o-])cp(=o)([o-])[o-].[tc+4],O=P([O-])([O-])CP(=O)([O-])[O-].[Tc+4],Original,,,,,,,,
TECHNETIUM TC 99M OXIDRONATE,0,,1,,0,,0,,0,,0,,0,,0,,O=P(O)(O)C(O)P(=O)(O)O.[Tc],o=p(o)(o)c(o)p(=o)(o)o.[tc],O=P(O)(O)C(O)P(=O)(O)O.[Tc],Original,,,,,,,,
TECHNETIUM TC 99M SESTAMIBI,1,,1,,0,,1,,0,,0,,0,,0,,[C-]#[N+]CC(C)(C)OC.[C-]#[N+]CC(C)(C)OC.[C-]#[N+]CC(C)(C)OC.[C-]#[N+]CC(C)(C)OC.[C-]#[N+]CC(C)(C)OC.[C-]#[N+]CC(C)(C)OC.[Tc],[c-]#[n+]cc(c)(c)oc.[c-]#[n+]cc(c)(c)oc.[c-]#[n+]cc(c)(c)oc.[c-]#[n+]cc(c)(c)oc.[c-]#[n+]cc(c)(c)oc.[c-]#[n+]cc(c)(c)oc.[tc],[C-]#[N+]CC(C)(C)OC.[C-]#[N+]CC(C)(C)OC.[C-]#[N+]CC(C)(C)OC.[C-]#[N+]CC(C)(C)OC.[C-]#[N+]CC(C)(C)OC.[C-]#[N+]CC(C)(C)OC.[Tc],Original,,,,,,,,
TECHNETIUM TC 99M SULFUR COLLOID,1,Most,1,Most,0,,0,,0,,0,,1,,0,,S1SSSSSSS1.[Tc],s1sssssss1.[tc],S1SSSSSSS1.[Tc],Original,,,,,,,,
TECHNETIUM TC 99M-LABELED RED BLOOD CELLS,0,,0,,0,,0,,0,,0,,0,,0,,Not found,not found,,NotFound,TECHNETIUM TC 99M-LABELED RED BLOOD CELLS,TECHNETIUM TC 99M-LABELED RED BLOOD CELLS,,,not_found | variants_tried=4,,None,"no_hit | variants=['TECHNETIUM TC M LABELED RED BLOOD CELLS', 'TECHNETIUM', 'TECHNETIUM TC', 'TECHNETIUM TC M']"
TECHNETIUM TC99M PYROPHOSPHATE,1,,0,,1,,0,,0,,0,,0,,1,,O=P(O)(O)OP(=O)(O)O.[Tc],o=p(o)(o)op(=o)(o)o.[tc],O=P(O)(O)OP(=O)(O)O.[Tc],Original,,,,,,,,
TEDIZOLID PHOSPHATE,0,,1,,1,Most,0,,1,Most,0,,0,,0,,Cn1nnc(-c2ccc(-c3ccc(N4C[C@H](COP(=O)(O)O)OC4=O)cc3F)cn2)n1,cn1nnc(-c2ccc(-c3ccc(n4c[c@h](cop(=o)(o)o)oc4=o)cc3f)cn2)n1,Cn1nnc(-c2ccc(-c3ccc(N4C[C@H](COP(=O)(O)O)OC4=O)cc3F)cn2)n1,Original,,,,,,,,
TEGASEROD,1,Most,1,,1,,0,,1,Most,0,,0,,0,,CCCCCNC(=N)N/N=C/c1c[nH]c2ccc(OC)cc12,cccccnc(=n)n/n=c/c1c[nh]c2ccc(oc)cc12,CCCCCNC(=N)N/N=C/c1c[nH]c2ccc(OC)cc12,Original,,,,,,,,
TELAVANCIN HYDROCHLORIDE,1,Most,1,Most,0,,1,,0,,0,,0,,1,Most,CCCCCCCCCCNCCN[C@@]1(C)C[C@H](O[C@H]2[C@H](Oc3c4cc5cc3Oc3ccc(cc3Cl)[C@@H](O)[C@@H](NC(=O)[C@@H](CC(C)C)NC)C(=O)N[C@@H](CC(N)=O)C(=O)N[C@H]5C(=O)N[C@H]3C(=O)N[C@H](C(=O)N[C@H](C(=O)O)c5cc(O)c(CNCP(=O)(O)O)c(O)c5-c5cc3ccc5O)[C@H](O)c3ccc(c(Cl)c3)O4)O[C@H](CO)[C@@H](O)[C@@H]2O)O[C@@H](C)[C@H]1O,ccccccccccnccn[c@@]1(c)c[c@h](o[c@h]2[c@h](oc3c4cc5cc3oc3ccc(cc3cl)[c@@h](o)[c@@h](nc(=o)[c@@h](cc(c)c)nc)c(=o)n[c@@h](cc(n)=o)c(=o)n[c@h]5c(=o)n[c@h]3c(=o)n[c@h](c(=o)n[c@h](c(=o)o)c5cc(o)c(cncp(=o)(o)o)c(o)c5-c5cc3ccc5o)[c@h](o)c3ccc(c(cl)c3)o4)o[c@h](co)[c@@h](o)[c@@h]2o)o[c@@h](c)[c@h]1o,CCCCCCCCCCNCCN[C@@]1(C)C[C@H](O[C@H]2[C@H](Oc3c4cc5cc3Oc3ccc(cc3Cl)[C@@H](O)[C@@H](NC(=O)[C@@H](CC(C)C)NC)C(=O)N[C@@H](CC(N)=O)C(=O)N[C@H]5C(=O)N[C@H]3C(=O)N[C@H](C(=O)N[C@H](C(=O)O)c5cc(O)c(CNCP(=O)(O)O)c(O)c5-c5cc3ccc5O)[C@H](O)c3ccc(c(Cl)c3)O4)O[C@H](CO)[C@@H](O)[C@@H]2O)O[C@@H](C)[C@H]1O,Original,,,,,,,,
TELITHROMYCIN,1,Most,1,Most,1,,1,,1,Most,0,,1,Most,1,Most,CC[C@H]1OC(=O)[C@H](C)C(=O)[C@H](C)[C@@H](O[C@@H]2O[C@H](C)C[C@H](N(C)C)[C@H]2O)[C@](C)(OC)C[C@@H](C)C(=O)[C@H](C)[C@H]2N(CCCCn3cnc(-c4cccnc4)c3)C(=O)O[C@]12C,cc[c@h]1oc(=o)[c@h](c)c(=o)[c@h](c)[c@@h](o[c@@h]2o[c@h](c)c[c@h](n(c)c)[c@h]2o)[c@](c)(oc)c[c@@h](c)c(=o)[c@h](c)[c@h]2n(ccccn3cnc(-c4cccnc4)c3)c(=o)o[c@]12c,CC[C@H]1OC(=O)[C@H](C)C(=O)[C@H](C)[C@@H](O[C@@H]2O[C@H](C)C[C@H](N(C)C)[C@H]2O)[C@](C)(OC)C[C@@H](C)C(=O)[C@H](C)[C@H]2N(CCCCn3cnc(-c4cccnc4)c3)C(=O)O[C@]12C,Original,,,,,,,,
TELMISARTAN,0,,1,Most,1,,0,,1,,0,,0,,1,Most,CCCc1nc2c(C)cc(-c3nc4ccccc4n3C)cc2n1Cc1ccc(-c2ccccc2C(=O)O)cc1,cccc1nc2c(c)cc(-c3nc4ccccc4n3c)cc2n1cc1ccc(-c2ccccc2c(=o)o)cc1,CCCc1nc2c(C)cc(-c3nc4ccccc4n3C)cc2n1Cc1ccc(-c2ccccc2C(=O)O)cc1,Original,,,,,,,,
TELOTRISTAT ETHYL,0,,0,,0,,0,,0,,0,,0,,0,,CCOC(=O)[C@@H](N)Cc1ccc(-c2cc(O[C@H](c3ccc(Cl)cc3-n3ccc(C)n3)C(F)(F)F)nc(N)n2)cc1,ccoc(=o)[c@@h](n)cc1ccc(-c2cc(o[c@h](c3ccc(cl)cc3-n3ccc(c)n3)c(f)(f)f)nc(n)n2)cc1,CCOC(=O)[C@@H](N)Cc1ccc(-c2cc(O[C@H](c3ccc(Cl)cc3-n3ccc(C)n3)C(F)(F)F)nc(N)n2)cc1,Original,,,,,,,,
TEMAZEPAM,0,,1,,0,,0,,0,,0,,1,Most,0,,CN1C(=O)C(O)N=C(c2ccccc2)c2cc(Cl)ccc21,cn1c(=o)c(o)n=c(c2ccccc2)c2cc(cl)ccc21,CN1C(=O)C(O)N=C(c2ccccc2)c2cc(Cl)ccc21,Original,,,,,,,,
TEMOZOLOMIDE,0,,1,Most,1,Most,1,Most,1,Most,0,,1,Most,0,,Cn1nnc2c(C(N)=O)ncn2c1=O,cn1nnc2c(c(n)=o)ncn2c1=o,Cn1nnc2c(C(N)=O)ncn2c1=O,Original,,,,,,,,
TEMSIROLIMUS,0,,1,Most,1,Most,1,Most,1,Most,0,,1,Most,1,Most,CO[C@H]1C[C@@H]2CC[C@@H](C)[C@@](O)(O2)C(=O)C(=O)N2CCCC[C@H]2C(=O)O[C@H]([C@H](C)C[C@@H]2CC[C@@H](OC(=O)C(C)(CO)CO)[C@H](OC)C2)CC(=O)[C@H](C)/C=C(\C)[C@@H](O)[C@@H](OC)C(=O)[C@H](C)C[C@H](C)/C=C/C=C/C=C/1C,co[c@h]1c[c@@h]2cc[c@@h](c)[c@@](o)(o2)c(=o)c(=o)n2cccc[c@h]2c(=o)o[c@h]([c@h](c)c[c@@h]2cc[c@@h](oc(=o)c(c)(co)co)[c@h](oc)c2)cc(=o)[c@h](c)/c=c(\c)[c@@h](o)[c@@h](oc)c(=o)[c@h](c)c[c@h](c)/c=c/c=c/c=c/1c,CO[C@H]1C[C@@H]2CC[C@@H](C)[C@@](O)(O2)C(=O)C(=O)N2CCCC[C@H]2C(=O)O[C@H]([C@H](C)C[C@@H]2CC[C@@H](OC(=O)C(C)(CO)CO)[C@H](OC)C2)CC(=O)[C@H](C)/C=C(\C)[C@@H](O)[C@@H](OC)C(=O)[C@H](C)C[C@H](C)/C=C/C=C/C=C/1C,Original,,,,,,,,
TENAPANOR HYDROCHLORIDE,0,,0,,0,,0,,0,,0,,0,,0,,CN1Cc2c(Cl)cc(Cl)cc2[C@H](c2cccc(S(=O)(=O)NCCOCCOCCNC(=O)NCCCCNC(=O)NCCOCCOCCNS(=O)(=O)c3cccc([C@@H]4CN(C)Cc5c(Cl)cc(Cl)cc54)c3)c2)C1,cn1cc2c(cl)cc(cl)cc2[c@h](c2cccc(s(=o)(=o)nccoccoccnc(=o)nccccnc(=o)nccoccoccns(=o)(=o)c3cccc([c@@h]4cn(c)cc5c(cl)cc(cl)cc54)c3)c2)c1,CN1Cc2c(Cl)cc(Cl)cc2[C@H](c2cccc(S(=O)(=O)NCCOCCOCCNC(=O)NCCCCNC(=O)NCCOCCOCCNS(=O)(=O)c3cccc([C@@H]4CN(C)Cc5c(Cl)cc(Cl)cc54)c3)c2)C1,Original,,,,,,,,
TENOFOVIR ALAFENAMIDE,0,,1,,0,,0,,1,,0,,0,,1,,CC(C)OC(=O)[C@H](C)N[P@](=O)(CO[C@H](C)Cn1cnc2c(N)ncnc21)Oc1ccccc1,cc(c)oc(=o)[c@h](c)n[p@](=o)(co[c@h](c)cn1cnc2c(n)ncnc21)oc1ccccc1,CC(C)OC(=O)[C@H](C)N[P@](=O)(CO[C@H](C)Cn1cnc2c(N)ncnc21)Oc1ccccc1,Original,,,,,,,,
TENOFOVIR DISOPROXIL FUMARATE,0,,1,Most,0,,0,,1,Most,0,,0,,1,Most,CC(C)OC(=O)OCOP(=O)(CO[C@H](C)Cn1cnc2c(N)ncnc21)OCOC(=O)OC(C)C.O=C(O)/C=C/C(=O)O,cc(c)oc(=o)ocop(=o)(co[c@h](c)cn1cnc2c(n)ncnc21)ococ(=o)oc(c)c.o=c(o)/c=c/c(=o)o,CC(C)OC(=O)OCOP(=O)(CO[C@H](C)Cn1cnc2c(N)ncnc21)OCOC(=O)OC(C)C.O=C(O)/C=C/C(=O)O,Original,,,,,,,,
TEPOTINIB HYDROCHLORIDE,0,,1,Most,1,Most,0,,1,Most,0,,1,Most,0,,CN1CCC(COc2cnc(-c3cccc(Cn4nc(-c5cccc(C#N)c5)ccc4=O)c3)nc2)CC1,cn1ccc(coc2cnc(-c3cccc(cn4nc(-c5cccc(c#n)c5)ccc4=o)c3)nc2)cc1,CN1CCC(COc2cnc(-c3cccc(Cn4nc(-c5cccc(C#N)c5)ccc4=O)c3)nc2)CC1,Original,,,,,,,,
TERAZOSIN,1,Most,1,,1,Most,1,Most,0,,0,,0,,0,,COc1cc2nc(N3CCN(C(=O)C4CCCO4)CC3)nc(N)c2cc1OC,coc1cc2nc(n3ccn(c(=o)c4ccco4)cc3)nc(n)c2cc1oc,COc1cc2nc(N3CCN(C(=O)C4CCCO4)CC3)nc(N)c2cc1OC,Original,,,,,,,,
TERBINAFINE HYDROCHLORIDE,0,,1,Most,1,Most,0,,1,Most,1,Most,0,,0,,CN(C/C=C/C#CC(C)(C)C)Cc1cccc2ccccc12,cn(c/c=c/c#cc(c)(c)c)cc1cccc2ccccc12,CN(C/C=C/C#CC(C)(C)C)Cc1cccc2ccccc12,Original,,,,,,,,
TERBUTALINE SULFATE,1,Most,1,,0,,0,,1,,0,,1,Most,0,,CC(C)(C)NCC(O)c1cc(O)cc(O)c1.CC(C)(C)NCC(O)c1cc(O)cc(O)c1,cc(c)(c)ncc(o)c1cc(o)cc(o)c1.cc(c)(c)ncc(o)c1cc(o)cc(o)c1,CC(C)(C)NCC(O)c1cc(O)cc(O)c1.CC(C)(C)NCC(O)c1cc(O)cc(O)c1,Original,,,,,,,,
TERIFLUNOMIDE,1,,1,Most,1,Most,1,Most,1,Most,0,,1,Most,1,,C/C(O)=C(\C#N)C(=O)Nc1ccc(C(F)(F)F)cc1,c/c(o)=c(\c#n)c(=o)nc1ccc(c(f)(f)f)cc1,C/C(O)=C(\C#N)C(=O)Nc1ccc(C(F)(F)F)cc1,Original,,,,,,,,
TERIPARATIDE,1,Most,1,Most,0,,0,,0,,0,,0,,0,,CC[C@H](C)[C@H](NC(=O)[C@H](CCC(=O)O)NC(=O)[C@H](CO)NC(=O)[C@@H](NC(=O)[C@@H](N)CO)C(C)C)C(=O)N[C@@H](CCC(N)=O)C(=O)N[C@@H](CC(C)C)C(=O)N[C@@H](CCSC)C(=O)N[C@@H](Cc1cnc[nH]1)C(=O)N[C@@H](CC(N)=O)C(=O)N[C@@H](CC(C)C)C(=O)NCC(=O)N[C@@H](CCCCN)C(=O)N[C@@H](Cc1cnc[nH]1)C(=O)N[C@@H](CC(C)C)C(=O)N[C@@H](CC(N)=O)C(=O)N[C@@H](CO)C(=O)N[C@@H](CCSC)C(=O)N[C@@H](CCC(=O)O)C(=O)N[C@@H](CCCNC(=N)N)C(=O)N[C@H](C(=O)N[C@@H](CCC(=O)O)C(=O)N[C@@H](Cc1c[nH]c2ccccc12)C(=O)N[C@@H](CC(C)C)C(=O)N[C@@H](CCCNC(=N)N)C(=O)N[C@@H](CCCCN)C(=O)N[C@@H](CCCCN)C(=O)N[C@@H](CC(C)C)C(=O)N[C@@H](CCC(N)=O)C(=O)N[C@@H](CC(=O)O)C(=O)N[C@H](C(=O)N[C@@H](Cc1cnc[nH]1)C(=O)N[C@@H](CC(N)=O)C(=O)N[C@@H](Cc1ccccc1)C(=O)O)C(C)C)C(C)C,cc[c@h](c)[c@h](nc(=o)[c@h](ccc(=o)o)nc(=o)[c@h](co)nc(=o)[c@@h](nc(=o)[c@@h](n)co)c(c)c)c(=o)n[c@@h](ccc(n)=o)c(=o)n[c@@h](cc(c)c)c(=o)n[c@@h](ccsc)c(=o)n[c@@h](cc1cnc[nh]1)c(=o)n[c@@h](cc(n)=o)c(=o)n[c@@h](cc(c)c)c(=o)ncc(=o)n[c@@h](ccccn)c(=o)n[c@@h](cc1cnc[nh]1)c(=o)n[c@@h](cc(c)c)c(=o)n[c@@h](cc(n)=o)c(=o)n[c@@h](co)c(=o)n[c@@h](ccsc)c(=o)n[c@@h](ccc(=o)o)c(=o)n[c@@h](cccnc(=n)n)c(=o)n[c@h](c(=o)n[c@@h](ccc(=o)o)c(=o)n[c@@h](cc1c[nh]c2ccccc12)c(=o)n[c@@h](cc(c)c)c(=o)n[c@@h](cccnc(=n)n)c(=o)n[c@@h](ccccn)c(=o)n[c@@h](ccccn)c(=o)n[c@@h](cc(c)c)c(=o)n[c@@h](ccc(n)=o)c(=o)n[c@@h](cc(=o)o)c(=o)n[c@h](c(=o)n[c@@h](cc1cnc[nh]1)c(=o)n[c@@h](cc(n)=o)c(=o)n[c@@h](cc1ccccc1)c(=o)o)c(c)c)c(c)c,CC[C@H](C)[C@H](NC(=O)[C@H](CCC(=O)O)NC(=O)[C@H](CO)NC(=O)[C@@H](NC(=O)[C@@H](N)CO)C(C)C)C(=O)N[C@@H](CCC(N)=O)C(=O)N[C@@H](CC(C)C)C(=O)N[C@@H](CCSC)C(=O)N[C@@H](Cc1cnc[nH]1)C(=O)N[C@@H](CC(N)=O)C(=O)N[C@@H](CC(C)C)C(=O)NCC(=O)N[C@@H](CCCCN)C(=O)N[C@@H](Cc1cnc[nH]1)C(=O)N[C@@H](CC(C)C)C(=O)N[C@@H](CC(N)=O)C(=O)N[C@@H](CO)C(=O)N[C@@H](CCSC)C(=O)N[C@@H](CCC(=O)O)C(=O)N[C@@H](CCCNC(=N)N)C(=O)N[C@H](C(=O)N[C@@H](CCC(=O)O)C(=O)N[C@@H](Cc1c[nH]c2ccccc12)C(=O)N[C@@H](CC(C)C)C(=O)N[C@@H](CCCNC(=N)N)C(=O)N[C@@H](CCCCN)C(=O)N[C@@H](CCCCN)C(=O)N[C@@H](CC(C)C)C(=O)N[C@@H](CCC(N)=O)C(=O)N[C@@H](CC(=O)O)C(=O)N[C@H](C(=O)N[C@@H](Cc1cnc[nH]1)C(=O)N[C@@H](CC(N)=O)C(=O)N[C@@H](Cc1ccccc1)C(=O)O)C(C)C)C(C)C,Original,,,,,,,,
TESTOSTERONE CYPIONATE,1,Most,1,Most,1,Most,1,Most,0,,0,,1,Most,0,,C[C@]12CC[C@H]3[C@@H](CCC4=CC(=O)CC[C@@]43C)[C@@H]1CC[C@@H]2OC(=O)CCC1CCCC1,c[c@]12cc[c@h]3[c@@h](ccc4=cc(=o)cc[c@@]43c)[c@@h]1cc[c@@h]2oc(=o)ccc1cccc1,C[C@]12CC[C@H]3[C@@H](CCC4=CC(=O)CC[C@@]43C)[C@@H]1CC[C@@H]2OC(=O)CCC1CCCC1,Original,,,,,,,,
TESTOSTERONE ENANTHATE,1,Most,1,Most,1,Most,1,Most,0,,0,,0,,0,,CCCCCCC(=O)O[C@H]1CC[C@H]2[C@@H]3CCC4=CC(=O)CC[C@]4(C)[C@H]3CC[C@]12C,ccccccc(=o)o[c@h]1cc[c@h]2[c@@h]3ccc4=cc(=o)cc[c@]4(c)[c@h]3cc[c@]12c,CCCCCCC(=O)O[C@H]1CC[C@H]2[C@@H]3CCC4=CC(=O)CC[C@]4(C)[C@H]3CC[C@]12C,Original,,,,,,,,
TESTOSTERONE UNDECANOATE,1,Most,0,,1,Most,1,Most,0,,0,,1,,0,,CCCCCCCCCCC(=O)O[C@H]1CC[C@H]2[C@@H]3CCC4=CC(=O)CC[C@]4(C)[C@H]3CC[C@]12C,ccccccccccc(=o)o[c@h]1cc[c@h]2[c@@h]3ccc4=cc(=o)cc[c@]4(c)[c@h]3cc[c@]12c,CCCCCCCCCCC(=O)O[C@H]1CC[C@H]2[C@@H]3CCC4=CC(=O)CC[C@]4(C)[C@H]3CC[C@]12C,Original,,,,,,,,
TETRABENAZINE,1,Most,1,,0,,1,,1,Most,0,,0,,0,,COc1cc2c(cc1OC)C1CC(=O)C(CC(C)C)CN1CC2,coc1cc2c(cc1oc)c1cc(=o)c(cc(c)c)cn1cc2,COc1cc2c(cc1OC)C1CC(=O)C(CC(C)C)CN1CC2,Original,,,,,,,,
TETRACYCLINE HYDROCHLORIDE,0,,1,Most,1,Most,0,,1,Most,0,,0,,1,Most,CN(C)[C@@H]1C(O)=C(C(N)=O)C(=O)[C@@]2(O)C(O)=C3C(=O)c4c(O)cccc4[C@@](C)(O)[C@H]3C[C@@H]12,cn(c)[c@@h]1c(o)=c(c(n)=o)c(=o)[c@@]2(o)c(o)=c3c(=o)c4c(o)cccc4[c@@](c)(o)[c@h]3c[c@@h]12,CN(C)[C@@H]1C(O)=C(C(N)=O)C(=O)[C@@]2(O)C(O)=C3C(=O)c4c(O)cccc4[C@@](C)(O)[C@H]3C[C@@H]12,Original,,,,,,,,
TETRADECYL HYDROGEN SULFATE (ESTER),1,Most,1,Most,1,Most,0,,0,,0,,1,Most,0,,Not found,not found,CCCCC(CC)CCC(CC(C)C)OS(=O)(=O)[O-].[Na+],ChEMBL,TETRADECYL HYDROGEN SULFATE (ESTER),TETRADECYL HYDROGEN SULFATE (ESTER),CCCCC(CC)CCC(CC(C)C)OS(=O)(=O)[O-].[Na+],ChEMBL,found_chembl | variants_tried=3,,,
TETROFOSMIN,1,,1,Most,0,,0,,0,,0,,0,,0,,CCOCCP(CCOCC)CCP(CCOCC)CCOCC,ccoccp(ccocc)ccp(ccocc)ccocc,CCOCCP(CCOCC)CCP(CCOCC)CCOCC,Original,,,,,,,,
THALIDOMIDE,1,Most,1,Most,1,Most,1,,0,,1,,1,Most,0,,O=C1CCC(N2C(=O)c3ccccc3C2=O)C(=O)N1,o=c1ccc(n2c(=o)c3ccccc3c2=o)c(=o)n1,O=C1CCC(N2C(=O)c3ccccc3C2=O)C(=O)N1,Original,,,,,,,,
THEOPHYLLINE,1,Most,0,,0,,1,Most,0,,0,,1,,0,,Cn1c(=O)c2nc[nH]c2n(C)c1=O,cn1c(=o)c2nc[nh]c2n(c)c1=o,Cn1c(=O)c2nc[nH]c2n(C)c1=O,Original,,,,,,,,
THIAMINE HYDROCHLORIDE,1,,1,Most,0,,0,,0,,0,,1,Most,1,Most,Cc1ncc(C[n+]2csc(CCO)c2C)c(N)n1,cc1ncc(c[n+]2csc(cco)c2c)c(n)n1,Cc1ncc(C[n+]2csc(CCO)c2C)c(N)n1,Original,,,,,,,,
THIOGUANINE,0,,0,,1,Most,0,,1,Most,0,,0,,0,,Nc1nc2[nH]cnc2c(=S)[nH]1,nc1nc2[nh]cnc2c(=s)[nh]1,Nc1nc2[nH]cnc2c(=S)[nH]1,Original,,,,,,,,
THIORIDAZINE HYDROCHLORIDE,1,Most,1,Most,1,Most,1,,0,,0,,1,,0,,CSc1ccc2c(c1)N(CCC1CCCCN1C)c1ccccc1S2,csc1ccc2c(c1)n(ccc1ccccn1c)c1ccccc1s2,CSc1ccc2c(c1)N(CCC1CCCCN1C)c1ccccc1S2,Original,,,,,,,,
THIOTHIXENE,1,Most,1,,1,Most,1,Most,1,,0,,0,,0,,CN1CCN(CC/C=C2/c3ccccc3Sc3ccc(S(=O)(=O)N(C)C)cc32)CC1,cn1ccn(cc/c=c2/c3ccccc3sc3ccc(s(=o)(=o)n(c)c)cc32)cc1,CN1CCN(CC/C=C2/c3ccccc3Sc3ccc(S(=O)(=O)N(C)C)cc32)CC1,Original,,,,,,,,
TIAGABINE,0,,1,Most,1,,0,,1,,0,,0,,0,,Cc1ccsc1C(=CCCN1CCC[C@@H](C(=O)O)C1)c1sccc1C,cc1ccsc1c(=cccn1ccc[c@@h](c(=o)o)c1)c1sccc1c,Cc1ccsc1C(=CCCN1CCC[C@@H](C(=O)O)C1)c1sccc1C,Original,,,,,,,,
TICAGRELOR,1,Most,1,,1,Most,0,,1,,0,,1,Most,0,,CCCSc1nc(N[C@@H]2C[C@H]2c2ccc(F)c(F)c2)c2nnn([C@@H]3C[C@H](OCCO)[C@@H](O)[C@H]3O)c2n1,cccsc1nc(n[c@@h]2c[c@h]2c2ccc(f)c(f)c2)c2nnn([c@@h]3c[c@h](occo)[c@@h](o)[c@h]3o)c2n1,CCCSc1nc(N[C@@H]2C[C@H]2c2ccc(F)c(F)c2)c2nnn([C@@H]3C[C@H](OCCO)[C@@H](O)[C@H]3O)c2n1,Original,,,,,,,,
TICLOPIDINE HYDROCHLORIDE,0,,1,Most,1,Most,0,,1,Most,0,,0,,1,Most,Clc1ccccc1CN1CCc2sccc2C1,clc1ccccc1cn1ccc2sccc2c1,Clc1ccccc1CN1CCc2sccc2C1,Original,,,,,,,,
TIGECYCLINE,0,,1,Most,1,Most,0,,1,Most,0,,0,,0,,CN(C)c1cc(NC(=O)CNC(C)(C)C)c(O)c2c1C[C@H]1C[C@H]3[C@H](N(C)C)C(O)=C(C(N)=O)C(=O)[C@@]3(O)C(O)=C1C2=O,cn(c)c1cc(nc(=o)cnc(c)(c)c)c(o)c2c1c[c@h]1c[c@h]3[c@h](n(c)c)c(o)=c(c(n)=o)c(=o)[c@@]3(o)c(o)=c1c2=o,CN(C)c1cc(NC(=O)CNC(C)(C)C)c(O)c2c1C[C@H]1C[C@H]3[C@H](N(C)C)C(O)=C(C(N)=O)C(=O)[C@@]3(O)C(O)=C1C2=O,Original,,,,,,,,
TINIDAZOLE,0,,1,Most,1,Most,1,Most,1,,0,,0,,0,,CCS(=O)(=O)CCn1c([N+](=O)[O-])cnc1C,ccs(=o)(=o)ccn1c([n+](=o)[o-])cnc1c,CCS(=O)(=O)CCn1c([N+](=O)[O-])cnc1C,Original,,,,,,,,
TIOPRONIN,0,,1,Most,1,Most,1,Most,1,,0,,1,Most,1,Most,CC(S)C(=O)NCC(=O)O,cc(s)c(=o)ncc(=o)o,CC(S)C(=O)NCC(=O)O,Original,,,,,,,,
TIPRANAVIR,1,Most,1,Most,1,Most,0,,1,Most,0,,0,,0,,CCC[C@@]1(CCc2ccccc2)CC(O)=C([C@H](CC)c2cccc(NS(=O)(=O)c3ccc(C(F)(F)F)cn3)c2)C(=O)O1,ccc[c@@]1(ccc2ccccc2)cc(o)=c([c@h](cc)c2cccc(ns(=o)(=o)c3ccc(c(f)(f)f)cn3)c2)c(=o)o1,CCC[C@@]1(CCc2ccccc2)CC(O)=C([C@H](CC)c2cccc(NS(=O)(=O)c3ccc(C(F)(F)F)cn3)c2)C(=O)O1,Original,,,,,,,,
TIROFIBAN,0,,1,,1,Most,0,,0,,0,,0,,0,,CCCCS(=O)(=O)N[C@@H](Cc1ccc(OCCCCC2CCNCC2)cc1)C(=O)O,ccccs(=o)(=o)n[c@@h](cc1ccc(occccc2ccncc2)cc1)c(=o)o,CCCCS(=O)(=O)N[C@@H](Cc1ccc(OCCCCC2CCNCC2)cc1)C(=O)O,Original,,,,,,,,
TIVOZANIB,1,Most,1,Most,1,Most,1,Most,1,,0,,1,Most,1,Most,COc1cc2nccc(Oc3ccc(NC(=O)Nc4cc(C)on4)c(Cl)c3)c2cc1OC,coc1cc2nccc(oc3ccc(nc(=o)nc4cc(c)on4)c(cl)c3)c2cc1oc,COc1cc2nccc(Oc3ccc(NC(=O)Nc4cc(C)on4)c(Cl)c3)c2cc1OC,Original,,,,,,,,
TIZANIDINE,1,Most,1,,0,,1,,1,Most,0,,0,,0,,Clc1ccc2nsnc2c1NC1=NCCN1,clc1ccc2nsnc2c1nc1=nccn1,Clc1ccc2nsnc2c1NC1=NCCN1,Original,,,,,,,,
TIZANIDINE HYDROCHLORIDE,1,Most,1,Most,0,,1,,1,Most,0,,0,,1,,Clc1ccc2nsnc2c1NC1=NCCN1,clc1ccc2nsnc2c1nc1=nccn1,Clc1ccc2nsnc2c1NC1=NCCN1,Original,,,,,,,,
TOBRAMYCIN SULFATE,0,,1,Most,1,Most,0,,0,,1,Most,0,,1,Most,NC[C@H]1O[C@H](O[C@H]2[C@H](O)[C@@H](O[C@H]3O[C@H](CO)[C@@H](O)[C@H](N)[C@H]3O)[C@H](N)C[C@@H]2N)[C@H](N)C[C@@H]1O.NC[C@H]1O[C@H](O[C@H]2[C@H](O)[C@@H](O[C@H]3O[C@H](CO)[C@@H](O)[C@H](N)[C@H]3O)[C@H](N)C[C@@H]2N)[C@H](N)C[C@@H]1O,nc[c@h]1o[c@h](o[c@h]2[c@h](o)[c@@h](o[c@h]3o[c@h](co)[c@@h](o)[c@h](n)[c@h]3o)[c@h](n)c[c@@h]2n)[c@h](n)c[c@@h]1o.nc[c@h]1o[c@h](o[c@h]2[c@h](o)[c@@h](o[c@h]3o[c@h](co)[c@@h](o)[c@h](n)[c@h]3o)[c@h](n)c[c@@h]2n)[c@h](n)c[c@@h]1o,NC[C@H]1O[C@H](O[C@H]2[C@H](O)[C@@H](O[C@H]3O[C@H](CO)[C@@H](O)[C@H](N)[C@H]3O)[C@H](N)C[C@@H]2N)[C@H](N)C[C@@H]1O.NC[C@H]1O[C@H](O[C@H]2[C@H](O)[C@@H](O[C@H]3O[C@H](CO)[C@@H](O)[C@H](N)[C@H]3O)[C@H](N)C[C@@H]2N)[C@H](N)C[C@@H]1O,Original,,,,,,,,
TOFACITINIB,1,Most,1,Most,1,Most,1,,1,Most,0,,1,Most,0,,C[C@@H]1CCN(C(=O)CC#N)C[C@@H]1N(C)c1ncnc2[nH]ccc12,c[c@@h]1ccn(c(=o)cc#n)c[c@@h]1n(c)c1ncnc2[nh]ccc12,C[C@@H]1CCN(C(=O)CC#N)C[C@@H]1N(C)c1ncnc2[nH]ccc12,Original,,,,,,,,
TOLCAPONE,1,Most,1,Most,1,,0,,1,Most,0,,0,,1,Most,Cc1ccc(C(=O)c2cc(O)c(O)c([N+](=O)[O-])c2)cc1,cc1ccc(c(=o)c2cc(o)c(o)c([n+](=o)[o-])c2)cc1,Cc1ccc(C(=O)c2cc(O)c(O)c([N+](=O)[O-])c2)cc1,Original,,,,,,,,
TOLMETIN SODIUM,1,Most,1,Most,1,Most,0,,1,Most,0,,0,,1,Most,Cc1ccc(C(=O)c2ccc(CC(=O)O)n2C)cc1,cc1ccc(c(=o)c2ccc(cc(=o)o)n2c)cc1,Cc1ccc(C(=O)c2ccc(CC(=O)O)n2C)cc1,Original,,,,,,,,
TOLTERODINE TARTRATE,1,,1,Most,0,,0,,0,,0,,0,,0,,Cc1ccc(O)c([C@H](CCN(C(C)C)C(C)C)c2ccccc2)c1.O=C(O)C(O)C(O)C(=O)O,cc1ccc(o)c([c@h](ccn(c(c)c)c(c)c)c2ccccc2)c1.o=c(o)c(o)c(o)c(=o)o,Cc1ccc(O)c([C@H](CCN(C(C)C)C(C)C)c2ccccc2)c1.O=C(O)C(O)C(O)C(=O)O,Original,,,,,,,,
TOLVAPTAN,0,,1,,1,,0,,1,Most,0,,0,,0,,Cc1ccccc1C(=O)Nc1ccc(C(=O)N2CCCC(O)c3cc(Cl)ccc32)c(C)c1,cc1ccccc1c(=o)nc1ccc(c(=o)n2cccc(o)c3cc(cl)ccc32)c(c)c1,Cc1ccccc1C(=O)Nc1ccc(C(=O)N2CCCC(O)c3cc(Cl)ccc32)c(C)c1,Original,,,,,,,,
TOPIRAMATE,0,,1,Most,1,Most,0,,1,,0,,0,,1,Most,CC1(C)O[C@@H]2[C@@H](CO[C@@]3(COS(N)(=O)=O)OC(C)(C)O[C@@H]23)O1,cc1(c)o[c@@h]2[c@@h](co[c@@]3(cos(n)(=o)=o)oc(c)(c)o[c@@h]23)o1,CC1(C)O[C@@H]2[C@@H](CO[C@@]3(COS(N)(=O)=O)OC(C)(C)O[C@@H]23)O1,Original,,,,,,,,
TOPOTECAN,0,,1,,1,Most,1,Most,0,,0,,1,Most,1,Most,CC[C@@]1(O)C(=O)OCc2c1cc1n(c2=O)Cc2cc3c(CN(C)C)c(O)ccc3nc2-1,cc[c@@]1(o)c(=o)occ2c1cc1n(c2=o)cc2cc3c(cn(c)c)c(o)ccc3nc2-1,CC[C@@]1(O)C(=O)OCc2c1cc1n(c2=O)Cc2cc3c(CN(C)C)c(O)ccc3nc2-1,Original,,,,,,,,
TOREMIFENE CITRATE,1,Most,1,,1,,1,Most,1,Most,0,,1,,0,,CN(C)CCOc1ccc(/C(=C(/CCCl)c2ccccc2)c2ccccc2)cc1.O=C(O)CC(O)(CC(=O)O)C(=O)O,cn(c)ccoc1ccc(/c(=c(/cccl)c2ccccc2)c2ccccc2)cc1.o=c(o)cc(o)(cc(=o)o)c(=o)o,CN(C)CCOc1ccc(/C(=C(/CCCl)c2ccccc2)c2ccccc2)cc1.O=C(O)CC(O)(CC(=O)O)C(=O)O,Original,,,,,,,,
TORSEMIDE,0,,1,Most,1,,0,,1,,1,Most,0,,1,Most,Cc1cccc(Nc2ccncc2S(=O)(=O)NC(=O)NC(C)C)c1,cc1cccc(nc2ccncc2s(=o)(=o)nc(=o)nc(c)c)c1,Cc1cccc(Nc2ccncc2S(=O)(=O)NC(=O)NC(C)C)c1,Original,,,,,,,,
TRABECTEDIN,1,Most,1,Most,1,Most,1,Most,1,Most,0,,1,,1,Most,COc1cc2c(cc1O)CCN[C@]21CS[C@@H]2c3c(OC(C)=O)c(C)c4c(c3[C@H](COC1=O)N1[C@@H]2[C@H]2c3c(cc(C)c(OC)c3O)C[C@@H]([C@@H]1O)N2C)OCO4,coc1cc2c(cc1o)ccn[c@]21cs[c@@h]2c3c(oc(c)=o)c(c)c4c(c3[c@h](coc1=o)n1[c@@h]2[c@h]2c3c(cc(c)c(oc)c3o)c[c@@h]([c@@h]1o)n2c)oco4,COc1cc2c(cc1O)CCN[C@]21CS[C@@H]2c3c(OC(C)=O)c(C)c4c(c3[C@H](COC1=O)N1[C@@H]2[C@H]2c3c(cc(C)c(OC)c3O)C[C@@H]([C@@H]1O)N2C)OCO4,Original,,,,,,,,
TRAMADOL HYDROCHLORIDE,1,Most,1,Most,1,Most,1,Most,0,,0,,1,Most,0,,COc1cccc(C2(O)CCCCC2CN(C)C)c1,coc1cccc(c2(o)ccccc2cn(c)c)c1,COc1cccc(C2(O)CCCCC2CN(C)C)c1,Original,,,,,,,,
TRAMETINIB,1,Most,1,Most,1,Most,1,Most,0,,0,,1,,0,,CC(=O)Nc1cccc(-n2c(=O)n(C3CC3)c(=O)c3c(Nc4ccc(I)cc4F)n(C)c(=O)c(C)c32)c1,cc(=o)nc1cccc(-n2c(=o)n(c3cc3)c(=o)c3c(nc4ccc(i)cc4f)n(c)c(=o)c(c)c32)c1,CC(=O)Nc1cccc(-n2c(=O)n(C3CC3)c(=O)c3c(Nc4ccc(I)cc4F)n(C)c(=O)c(C)c32)c1,Original,,,,,,,,
TRANEXAMIC ACID,1,Most,1,Most,1,Most,0,,0,,0,,0,,1,Most,NC[C@H]1CC[C@H](C(=O)O)CC1,nc[c@h]1cc[c@h](c(=o)o)cc1,NC[C@H]1CC[C@H](C(=O)O)CC1,Original,,,,,,,,
TRANYLCYPROMINE SULFATE,1,Most,1,Most,1,Most,0,,1,Most,1,,0,,0,,N[C@@H]1C[C@H]1c1ccccc1.N[C@H]1C[C@@H]1c1ccccc1,n[c@@h]1c[c@h]1c1ccccc1.n[c@h]1c[c@@h]1c1ccccc1,N[C@@H]1C[C@H]1c1ccccc1.N[C@H]1C[C@@H]1c1ccccc1,Original,,,,,,,,
TRAZODONE HYDROCHLORIDE,1,Most,1,Most,1,Most,0,,1,,0,,0,,0,,O=c1n(CCCN2CCN(c3cccc(Cl)c3)CC2)nc2ccccn12,o=c1n(cccn2ccn(c3cccc(cl)c3)cc2)nc2ccccn12,O=c1n(CCCN2CCN(c3cccc(Cl)c3)CC2)nc2ccccn12,Original,,,,,,,,
TREPROSTINIL,1,,0,,1,,0,,0,,0,,1,Most,0,,CCCCC[C@H](O)CC[C@@H]1[C@H]2Cc3cccc(OCC(=O)O)c3C[C@H]2C[C@H]1O,ccccc[c@h](o)cc[c@@h]1[c@h]2cc3cccc(occ(=o)o)c3c[c@h]2c[c@h]1o,CCCCC[C@H](O)CC[C@@H]1[C@H]2Cc3cccc(OCC(=O)O)c3C[C@H]2C[C@H]1O,Original,,,,,,,,
TRIAMTERENE CAPSULES,1,Most,1,,1,Most,0,,1,Most,0,,0,,1,Most,Nc1nc(N)c2nc(-c3ccccc3)c(N)nc2n1,nc1nc(n)c2nc(-c3ccccc3)c(n)nc2n1,Nc1nc(N)c2nc(-c3ccccc3)c(N)nc2n1,Original,,,,,,,,
TRIAZOLAM,0,,1,,0,,0,,1,,0,,1,Most,0,,Cc1nnc2n1-c1ccc(Cl)cc1C(c1ccccc1Cl)=NC2,cc1nnc2n1-c1ccc(cl)cc1c(c1ccccc1cl)=nc2,Cc1nnc2n1-c1ccc(Cl)cc1C(c1ccccc1Cl)=NC2,Original,,,,,,,,
TRICLABENDAZOLE,1,Most,1,,1,,0,,1,,0,,0,,0,,CSc1nc2cc(Cl)c(Oc3cccc(Cl)c3Cl)cc2[nH]1,csc1nc2cc(cl)c(oc3cccc(cl)c3cl)cc2[nh]1,CSc1nc2cc(Cl)c(Oc3cccc(Cl)c3Cl)cc2[nH]1,Original,,,,,,,,
TRIENTINE HYDROCHLORIDE,0,,1,,1,Most,0,,0,,0,,0,,0,,NCCNCCNCCN,nccnccnccn,NCCNCCNCCN,Original,,,,,,,,
TRIFLUOPERAZINE HYDROCHLORIDE,1,Most,1,Most,1,Most,1,,1,Most,0,,0,,0,,CN1CCN(CCCN2c3ccccc3Sc3ccc(C(F)(F)F)cc32)CC1,cn1ccn(cccn2c3ccccc3sc3ccc(c(f)(f)f)cc32)cc1,CN1CCN(CCCN2c3ccccc3Sc3ccc(C(F)(F)F)cc32)CC1,Original,,,,,,,,
TRIHEPTANOIN,0,,0,,0,,0,,0,,0,,0,,0,,CCCCCCC(=O)OCC(COC(=O)CCCCCC)OC(=O)CCCCCC,ccccccc(=o)occ(coc(=o)cccccc)oc(=o)cccccc,CCCCCCC(=O)OCC(COC(=O)CCCCCC)OC(=O)CCCCCC,Original,,,,,,,,
TRIHEXYPHENIDYL HYDROCHLORIDE,1,Most,1,,0,,0,,0,,0,,0,,0,,OC(CCN1CCCCC1)(c1ccccc1)C1CCCCC1,oc(ccn1ccccc1)(c1ccccc1)c1ccccc1,OC(CCN1CCCCC1)(c1ccccc1)C1CCCCC1,Original,,,,,,,,
TRILACICLIB,1,,1,Most,1,,1,Most,1,,0,,1,Most,0,,CN1CCN(c2ccc(Nc3ncc4cc5n(c4n3)C3(CCCCC3)CNC5=O)nc2)CC1,cn1ccn(c2ccc(nc3ncc4cc5n(c4n3)c3(ccccc3)cnc5=o)nc2)cc1,CN1CCN(c2ccc(Nc3ncc4cc5n(c4n3)C3(CCCCC3)CNC5=O)nc2)CC1,Original,,,,,,,,
TRIMETHOBENZAMIDE HYDROCHLORIDE,0,,1,,1,Most,0,,0,,0,,0,,0,,COc1cc(C(=O)NCc2ccc(OCCN(C)C)cc2)cc(OC)c1OC,coc1cc(c(=o)ncc2ccc(occn(c)c)cc2)cc(oc)c1oc,COc1cc(C(=O)NCc2ccc(OCCN(C)C)cc2)cc(OC)c1OC,Original,,,,,,,,
TRIMETHOPRIM,0,,1,Most,1,Most,0,,1,,0,,0,,0,,COc1cc(Cc2cnc(N)nc2N)cc(OC)c1OC,coc1cc(cc2cnc(n)nc2n)cc(oc)c1oc,COc1cc(Cc2cnc(N)nc2N)cc(OC)c1OC,Original,,,,,,,,
TRIMIPRAMINE MALEATE,1,Most,1,Most,1,Most,1,,1,Most,0,,0,,0,,CC(CN(C)C)CN1c2ccccc2CCc2ccccc21.O=C(O)/C=C\C(=O)O,cc(cn(c)c)cn1c2ccccc2ccc2ccccc21.o=c(o)/c=c\c(=o)o,CC(CN(C)C)CN1c2ccccc2CCc2ccccc21.O=C(O)/C=C\C(=O)O,Original,,,,,,,,
TRIPTORELIN,0,,1,Most,0,,0,,0,,0,,0,,0,,CC(C)C[C@H](NC(=O)[C@@H](Cc1c[nH]c2ccccc12)NC(=O)[C@H](Cc1ccc(O)cc1)NC(=O)[C@H](CO)NC(=O)[C@H](Cc1c[nH]c2ccccc12)NC(=O)[C@H](Cc1c[nH]cn1)NC(=O)[C@@H]1CCC(=O)N1)C(=O)N[C@@H](CCCNC(=N)N)C(=O)N1CCC[C@H]1C(=O)NCC(N)=O,cc(c)c[c@h](nc(=o)[c@@h](cc1c[nh]c2ccccc12)nc(=o)[c@h](cc1ccc(o)cc1)nc(=o)[c@h](co)nc(=o)[c@h](cc1c[nh]c2ccccc12)nc(=o)[c@h](cc1c[nh]cn1)nc(=o)[c@@h]1ccc(=o)n1)c(=o)n[c@@h](cccnc(=n)n)c(=o)n1ccc[c@h]1c(=o)ncc(n)=o,CC(C)C[C@H](NC(=O)[C@@H](Cc1c[nH]c2ccccc12)NC(=O)[C@H](Cc1ccc(O)cc1)NC(=O)[C@H](CO)NC(=O)[C@H](Cc1c[nH]c2ccccc12)NC(=O)[C@H](Cc1c[nH]cn1)NC(=O)[C@@H]1CCC(=O)N1)C(=O)N[C@@H](CCCNC(=N)N)C(=O)N1CCC[C@H]1C(=O)NCC(N)=O,Original,,,,,,,,
TRIPTORELIN PAMOATE,1,Most,1,,1,,1,Most,1,Most,0,,1,,0,,CC(C)C[C@H](NC(=O)[C@@H](Cc1c[nH]c2ccccc12)NC(=O)[C@H](Cc1ccc(O)cc1)NC(=O)[C@H](CO)NC(=O)[C@H](Cc1c[nH]c2ccccc12)NC(=O)[C@H](Cc1c[nH]cn1)NC(=O)[C@@H]1CCC(=O)N1)C(=O)N[C@@H](CCCNC(=N)N)C(=O)N1CCC[C@H]1C(=O)NCC(N)=O.O=C(O)c1cc2ccccc2c(Cc2c(O)c(C(=O)O)cc3ccccc23)c1O,cc(c)c[c@h](nc(=o)[c@@h](cc1c[nh]c2ccccc12)nc(=o)[c@h](cc1ccc(o)cc1)nc(=o)[c@h](co)nc(=o)[c@h](cc1c[nh]c2ccccc12)nc(=o)[c@h](cc1c[nh]cn1)nc(=o)[c@@h]1ccc(=o)n1)c(=o)n[c@@h](cccnc(=n)n)c(=o)n1ccc[c@h]1c(=o)ncc(n)=o.o=c(o)c1cc2ccccc2c(cc2c(o)c(c(=o)o)cc3ccccc23)c1o,CC(C)C[C@H](NC(=O)[C@@H](Cc1c[nH]c2ccccc12)NC(=O)[C@H](Cc1ccc(O)cc1)NC(=O)[C@H](CO)NC(=O)[C@H](Cc1c[nH]c2ccccc12)NC(=O)[C@H](Cc1c[nH]cn1)NC(=O)[C@@H]1CCC(=O)N1)C(=O)N[C@@H](CCCNC(=N)N)C(=O)N1CCC[C@H]1C(=O)NCC(N)=O.O=C(O)c1cc2ccccc2c(Cc2c(O)c(C(=O)O)cc3ccccc23)c1O,Original,,,,,,,,
TROMETHAMINE,0,,1,Most,1,,0,,1,Most,0,,1,Most,1,Most,NC(CO)(CO)CO,nc(co)(co)co,NC(CO)(CO)CO,Original,,,,,,,,
TROSPIUM CHLORIDE,1,,1,Most,0,,0,,0,,0,,0,,1,Most,O=C(O[C@H]1C[C@H]2CC[C@@H](C1)[N+]21CCCC1)C(O)(c1ccccc1)c1ccccc1,o=c(o[c@h]1c[c@h]2cc[c@@h](c1)[n+]21cccc1)c(o)(c1ccccc1)c1ccccc1,O=C(O[C@H]1C[C@H]2CC[C@@H](C1)[N+]21CCCC1)C(O)(c1ccccc1)c1ccccc1,Original,,,,,,,,
TRYPAN BLUE,0,,0,,1,Most,1,Most,0,,0,,0,,0,,Cc1cc(-c2ccc(/N=N/c3c(S(=O)(=O)O)cc4cc(S(=O)(=O)O)cc(N)c4c3O)c(C)c2)ccc1/N=N/c1c(S(=O)(=O)O)cc2cc(S(=O)(=O)O)cc(N)c2c1O,cc1cc(-c2ccc(/n=n/c3c(s(=o)(=o)o)cc4cc(s(=o)(=o)o)cc(n)c4c3o)c(c)c2)ccc1/n=n/c1c(s(=o)(=o)o)cc2cc(s(=o)(=o)o)cc(n)c2c1o,Cc1cc(-c2ccc(/N=N/c3c(S(=O)(=O)O)cc4cc(S(=O)(=O)O)cc(N)c4c3O)c(C)c2)ccc1/N=N/c1c(S(=O)(=O)O)cc2cc(S(=O)(=O)O)cc(N)c2c1O,Original,,,,,,,,
TUCATINIB,0,,1,Most,1,Most,1,Most,1,Most,0,,0,,1,Most,Cc1cc(Nc2ncnc3ccc(NC4=NC(C)(C)CO4)cc23)ccc1Oc1ccn2ncnc2c1,cc1cc(nc2ncnc3ccc(nc4=nc(c)(c)co4)cc23)ccc1oc1ccn2ncnc2c1,Cc1cc(Nc2ncnc3ccc(NC4=NC(C)(C)CO4)cc23)ccc1Oc1ccn2ncnc2c1,Original,,,,,,,,
UBROGEPANT,0,,1,Most,0,,0,,0,,0,,0,,0,,C[C@@H]1[C@H](c2ccccc2)C[C@H](NC(=O)c2cnc3c(c2)C[C@@]2(C3)C(=O)Nc3ncccc32)C(=O)N1CC(F)(F)F,c[c@@h]1[c@h](c2ccccc2)c[c@h](nc(=o)c2cnc3c(c2)c[c@@]2(c3)c(=o)nc3ncccc32)c(=o)n1cc(f)(f)f,C[C@@H]1[C@H](c2ccccc2)C[C@H](NC(=O)c2cnc3c(c2)C[C@@]2(C3)C(=O)Nc3ncccc32)C(=O)N1CC(F)(F)F,Original,,,,,,,,
ULTRAMICROSIZE GRISEOFULVIN,0,,1,Most,1,,0,,1,Most,0,,0,,0,,COC1=CC(=O)CC(C)C12Oc1c(Cl)c(OC)cc(OC)c1C2=O,coc1=cc(=o)cc(c)c12oc1c(cl)c(oc)cc(oc)c1c2=o,COC1=CC(=O)CC(C)C12Oc1c(Cl)c(OC)cc(OC)c1C2=O,Original,,,,,,,,
UMECLIDINIUM,1,,1,Most,0,,0,,0,,0,,0,,0,,OC(c1ccccc1)(c1ccccc1)C12CC[N+](CCOCc3ccccc3)(CC1)CC2,oc(c1ccccc1)(c1ccccc1)c12cc[n+](ccocc3ccccc3)(cc1)cc2,OC(c1ccccc1)(c1ccccc1)C12CC[N+](CCOCc3ccccc3)(CC1)CC2,Original,,,,,,,,
UREA C-13,0,,0,,0,,0,,0,,0,,0,,0,,NC(N)=O,nc(n)=o,NC(N)=O,Original,,,,,,,,
"UREA, C-14",0,,0,,0,,0,,0,,0,,0,,0,,NC(N)=O,nc(n)=o,NC(N)=O,Original,,,,,,,,
URIDINE TRIACETATE,0,,0,,0,,0,,0,,0,,0,,0,,CC(=O)OC[C@H]1O[C@@H](n2ccc(=O)[nH]c2=O)[C@H](OC(C)=O)[C@@H]1OC(C)=O,cc(=o)oc[c@h]1o[c@@h](n2ccc(=o)[nh]c2=o)[c@h](oc(c)=o)[c@@h]1oc(c)=o,CC(=O)OC[C@H]1O[C@@H](n2ccc(=O)[nH]c2=O)[C@H](OC(C)=O)[C@@H]1OC(C)=O,Original,,,,,,,,
URSODIOL,0,,1,,1,,0,,1,,0,,0,,0,,C[C@H](CCC(=O)O)[C@H]1CC[C@H]2[C@@H]3[C@@H](O)C[C@@H]4C[C@H](O)CC[C@]4(C)[C@H]3CC[C@]12C,c[c@h](ccc(=o)o)[c@h]1cc[c@h]2[c@@h]3[c@@h](o)c[c@@h]4c[c@h](o)cc[c@]4(c)[c@h]3cc[c@]12c,C[C@H](CCC(=O)O)[C@H]1CC[C@H]2[C@@H]3[C@@H](O)C[C@@H]4C[C@H](O)CC[C@]4(C)[C@H]3CC[C@]12C,Original,,,,,,,,
URSOSIOL,0,,1,Most,0,,0,,0,,0,,0,,0,,CC1(C)CCC2(C)C(=C3CCC4C5(C)CCC(O)C(C)(C)C5CCC4(C)C3(C)CC2O)C1,cc1(c)ccc2(c)c(=c3ccc4c5(c)ccc(o)c(c)(c)c5ccc4(c)c3(c)cc2o)c1,CC1(C)CCC2(C)C(=C3CCC4C5(C)CCC(O)C(C)(C)C5CCC4(C)C3(C)CC2O)C1,Original,,,,,,,,
VALACYCLOVIR,0,,1,Most,1,Most,0,,1,,0,,0,,1,Most,CC(C)[C@H](N)C(=O)OCCOCn1cnc2c(=O)nc(N)[nH]c21,cc(c)[c@h](n)c(=o)occocn1cnc2c(=o)nc(n)[nh]c21,CC(C)[C@H](N)C(=O)OCCOCn1cnc2c(=O)nc(N)[nH]c21,Original,,,,,,,,
VALBENAZINE,1,,1,Most,0,,1,,0,,0,,0,,0,,COc1cc2c(cc1OC)[C@H]1C[C@@H](OC(=O)[C@@H](N)C(C)C)[C@H](CC(C)C)CN1CC2,coc1cc2c(cc1oc)[c@h]1c[c@@h](oc(=o)[c@@h](n)c(c)c)[c@h](cc(c)c)cn1cc2,COc1cc2c(cc1OC)[C@H]1C[C@@H](OC(=O)[C@@H](N)C(C)C)[C@H](CC(C)C)CN1CC2,Original,,,,,,,,
VALGANCICLOVIR,0,,1,,1,Most,1,Most,1,,0,,0,,1,Most,CC(C)[C@H](N)C(=O)OCC(CO)OCn1cnc2c(=O)[nH]c(N)nc21,cc(c)[c@h](n)c(=o)occ(co)ocn1cnc2c(=o)[nh]c(n)nc21,CC(C)[C@H](N)C(=O)OCC(CO)OCn1cnc2c(=O)[nH]c(N)nc21,Original,,,,,,,,
VALPROATE SODIUM,0,,1,Most,1,Most,1,Most,1,Most,1,Most,0,,0,,CCCC(CCC)C(=O)O,cccc(ccc)c(=o)o,CCCC(CCC)C(=O)O,Original,,,,,,,,
VALPROIC ACID,1,,1,Most,1,Most,1,Most,1,Most,1,Most,0,,0,,CCCC(CCC)C(=O)O,cccc(ccc)c(=o)o,CCCC(CCC)C(=O)O,Original,,,,,,,,
VALRUBICIN,0,,1,,1,Most,1,Most,0,,0,,0,,0,,CCCCC(=O)OCC(=O)[C@]1(O)Cc2c(O)c3c(c(O)c2[C@@H](O[C@H]2C[C@H](NC(=O)C(F)(F)F)[C@H](O)[C@H](C)O2)C1)C(=O)c1c(OC)cccc1C3=O,ccccc(=o)occ(=o)[c@]1(o)cc2c(o)c3c(c(o)c2[c@@h](o[c@h]2c[c@h](nc(=o)c(f)(f)f)[c@h](o)[c@h](c)o2)c1)c(=o)c1c(oc)cccc1c3=o,CCCCC(=O)OCC(=O)[C@]1(O)Cc2c(O)c3c(c(O)c2[C@@H](O[C@H]2C[C@H](NC(=O)C(F)(F)F)[C@H](O)[C@H](C)O2)C1)C(=O)c1c(OC)cccc1C3=O,Original,,,,,,,,
VALSARTAN,0,,1,,1,,0,,1,,0,,0,,1,Most,CCCCC(=O)N(Cc1ccc(-c2ccccc2-c2nnn[nH]2)cc1)[C@H](C(=O)O)C(C)C,ccccc(=o)n(cc1ccc(-c2ccccc2-c2nnn[nh]2)cc1)[c@h](c(=o)o)c(c)c,CCCCC(=O)N(Cc1ccc(-c2ccccc2-c2nnn[nH]2)cc1)[C@H](C(=O)O)C(C)C,Original,,,,,,,,
VANCOMYCIN,1,Most,1,Most,1,Most,0,,0,,1,Most,0,,1,Most,CN[C@H](CC(C)C)C(=O)N[C@H]1C(=O)N[C@@H](CC(N)=O)C(=O)N[C@H]2C(=O)N[C@H]3C(=O)N[C@H](C(=O)N[C@H](C(=O)O)c4cc(O)cc(O)c4-c4cc3ccc4O)[C@H](O)c3ccc(c(Cl)c3)Oc3cc2cc(c3O[C@@H]2O[C@H](CO)[C@@H](O)[C@H](O)[C@H]2O[C@H]2C[C@](C)(N)[C@H](O)[C@H](C)O2)Oc2ccc(cc2Cl)[C@H]1O,cn[c@h](cc(c)c)c(=o)n[c@h]1c(=o)n[c@@h](cc(n)=o)c(=o)n[c@h]2c(=o)n[c@h]3c(=o)n[c@h](c(=o)n[c@h](c(=o)o)c4cc(o)cc(o)c4-c4cc3ccc4o)[c@h](o)c3ccc(c(cl)c3)oc3cc2cc(c3o[c@@h]2o[c@h](co)[c@@h](o)[c@h](o)[c@h]2o[c@h]2c[c@](c)(n)[c@h](o)[c@h](c)o2)oc2ccc(cc2cl)[c@h]1o,CN[C@H](CC(C)C)C(=O)N[C@H]1C(=O)N[C@@H](CC(N)=O)C(=O)N[C@H]2C(=O)N[C@H]3C(=O)N[C@H](C(=O)N[C@H](C(=O)O)c4cc(O)cc(O)c4-c4cc3ccc4O)[C@H](O)c3ccc(c(Cl)c3)Oc3cc2cc(c3O[C@@H]2O[C@H](CO)[C@@H](O)[C@H](O)[C@H]2O[C@H]2C[C@](C)(N)[C@H](O)[C@H](C)O2)Oc2ccc(cc2Cl)[C@H]1O,Original,,,,,,,,
VANCOMYCIN HYDROCHLORIDE,1,Most,1,Most,1,Most,0,,0,,1,Most,0,,1,Most,CN[C@H](CC(C)C)C(=O)N[C@H]1C(=O)N[C@@H](CC(N)=O)C(=O)N[C@H]2C(=O)N[C@H]3C(=O)N[C@H](C(=O)N[C@H](C(=O)O)c4cc(O)cc(O)c4-c4cc3ccc4O)[C@H](O)c3ccc(c(Cl)c3)Oc3cc2cc(c3O[C@@H]2O[C@H](CO)[C@@H](O)[C@H](O)[C@H]2O[C@H]2C[C@](C)(N)[C@H](O)[C@H](C)O2)Oc2ccc(cc2Cl)[C@H]1O,cn[c@h](cc(c)c)c(=o)n[c@h]1c(=o)n[c@@h](cc(n)=o)c(=o)n[c@h]2c(=o)n[c@h]3c(=o)n[c@h](c(=o)n[c@h](c(=o)o)c4cc(o)cc(o)c4-c4cc3ccc4o)[c@h](o)c3ccc(c(cl)c3)oc3cc2cc(c3o[c@@h]2o[c@h](co)[c@@h](o)[c@h](o)[c@h]2o[c@h]2c[c@](c)(n)[c@h](o)[c@h](c)o2)oc2ccc(cc2cl)[c@h]1o,CN[C@H](CC(C)C)C(=O)N[C@H]1C(=O)N[C@@H](CC(N)=O)C(=O)N[C@H]2C(=O)N[C@H]3C(=O)N[C@H](C(=O)N[C@H](C(=O)O)c4cc(O)cc(O)c4-c4cc3ccc4O)[C@H](O)c3ccc(c(Cl)c3)Oc3cc2cc(c3O[C@@H]2O[C@H](CO)[C@@H](O)[C@H](O)[C@H]2O[C@H]2C[C@](C)(N)[C@H](O)[C@H](C)O2)Oc2ccc(cc2Cl)[C@H]1O,Original,,,,,,,,
VARDENAFIL HYDROCHLORIDE,1,Most,1,,0,,0,,1,Most,1,,0,,0,,CCCc1nc(C)c2c(O)nc(-c3cc(S(=O)(=O)N4CCN(CC)CC4)ccc3OCC)nn12,cccc1nc(c)c2c(o)nc(-c3cc(s(=o)(=o)n4ccn(cc)cc4)ccc3occ)nn12,CCCc1nc(C)c2c(O)nc(-c3cc(S(=O)(=O)N4CCN(CC)CC4)ccc3OCC)nn12,Original,,,,,,,,
VARENICLINE TARTRATE,1,Most,1,Most,1,,1,,0,,0,,0,,0,,O=C(O)[C@H](O)[C@@H](O)C(=O)O.c1cnc2cc3c(cc2n1)[C@@H]1CNC[C@H]3C1,o=c(o)[c@h](o)[c@@h](o)c(=o)o.c1cnc2cc3c(cc2n1)[c@@h]1cnc[c@h]3c1,O=C(O)[C@H](O)[C@@H](O)C(=O)O.c1cnc2cc3c(cc2n1)[C@@H]1CNC[C@H]3C1,Original,,,,,,,,
VASOPRESSIN,1,Most,1,Most,1,Most,1,,0,,0,,0,,1,Most,N=C(N)NCCC[C@H](NC(=O)[C@@H]1CCCN1C(=O)[C@@H]1CSSC[C@H](N)C(=O)N[C@@H](Cc2ccc(O)cc2)C(=O)N[C@@H](Cc2ccccc2)C(=O)N[C@@H](CCC(N)=O)C(=O)N[C@@H](CC(N)=O)C(=O)N1)C(=O)NCC(N)=O,n=c(n)nccc[c@h](nc(=o)[c@@h]1cccn1c(=o)[c@@h]1cssc[c@h](n)c(=o)n[c@@h](cc2ccc(o)cc2)c(=o)n[c@@h](cc2ccccc2)c(=o)n[c@@h](ccc(n)=o)c(=o)n[c@@h](cc(n)=o)c(=o)n1)c(=o)ncc(n)=o,N=C(N)NCCC[C@H](NC(=O)[C@@H]1CCCN1C(=O)[C@@H]1CSSC[C@H](N)C(=O)N[C@@H](Cc2ccc(O)cc2)C(=O)N[C@@H](Cc2ccccc2)C(=O)N[C@@H](CCC(N)=O)C(=O)N[C@@H](CC(N)=O)C(=O)N1)C(=O)NCC(N)=O,Original,,,,,,,,
VECURONIUM BROMIDE,0,,1,,0,,0,,0,,0,,0,Most,0,,CC(=O)O[C@H]1C[C@@H]2CC[C@@H]3[C@H](CC[C@@]4(C)[C@H]3C[C@H]([N+]3(C)CCCCC3)[C@@H]4OC(C)=O)[C@@]2(C)C[C@@H]1N1CCCCC1,cc(=o)o[c@h]1c[c@@h]2cc[c@@h]3[c@h](cc[c@@]4(c)[c@h]3c[c@h]([n+]3(c)ccccc3)[c@@h]4oc(c)=o)[c@@]2(c)c[c@@h]1n1ccccc1,CC(=O)O[C@H]1C[C@@H]2CC[C@@H]3[C@H](CC[C@@]4(C)[C@H]3C[C@H]([N+]3(C)CCCCC3)[C@@H]4OC(C)=O)[C@@]2(C)C[C@@H]1N1CCCCC1,Original,,,,,,,,
VEMURAFENIB,1,Most,1,Most,1,Most,0,,1,Most,0,,0,,1,Most,CCCS(=O)(=O)Nc1ccc(F)c(C(=O)c2c[nH]c3ncc(-c4ccc(Cl)cc4)cc23)c1F,cccs(=o)(=o)nc1ccc(f)c(c(=o)c2c[nh]c3ncc(-c4ccc(cl)cc4)cc23)c1f,CCCS(=O)(=O)Nc1ccc(F)c(C(=O)c2c[nH]c3ncc(-c4ccc(Cl)cc4)cc23)c1F,Original,,,,,,,,
VENETOCLAX,0,,1,Most,1,Most,1,Most,1,Most,0,,1,Most,1,Most,CC1(C)CCC(CN2CCN(c3ccc(C(=O)NS(=O)(=O)c4ccc(NCC5CCOCC5)c([N+](=O)[O-])c4)c(Oc4cnc5[nH]ccc5c4)c3)CC2)=C(c2ccc(Cl)cc2)C1,cc1(c)ccc(cn2ccn(c3ccc(c(=o)ns(=o)(=o)c4ccc(ncc5ccocc5)c([n+](=o)[o-])c4)c(oc4cnc5[nh]ccc5c4)c3)cc2)=c(c2ccc(cl)cc2)c1,CC1(C)CCC(CN2CCN(c3ccc(C(=O)NS(=O)(=O)c4ccc(NCC5CCOCC5)c([N+](=O)[O-])c4)c(Oc4cnc5[nH]ccc5c4)c3)CC2)=C(c2ccc(Cl)cc2)C1,Original,,,,,,,,
VENLAFAXINE HYDROCHLORIDE,1,Most,1,Most,1,Most,1,,1,,0,,1,Most,0,,COc1ccc(C(CN(C)C)C2(O)CCCCC2)cc1,coc1ccc(c(cn(c)c)c2(o)ccccc2)cc1,COc1ccc(C(CN(C)C)C2(O)CCCCC2)cc1,Original,,,,,,,,
VENOFER (IRON SUCROSE),1,Most,1,Most,1,Most,0,,0,,0,,1,,0,,Not found,not found,CC(=O)OC[C@H]1O[C@@](COC(C)=O)(O[C@H]2O[C@H](COC(C)=O)[C@@H](OC(C)=O)[C@H](OC(C)=O)[C@H]2OC(C)=O)[C@@H](OC(C)=O)[C@@H]1OC(C)=O,ChEMBL,VENOFER (IRON SUCROSE),VENOFER (IRON SUCROSE),CC(=O)OC[C@H]1O[C@@](COC(C)=O)(O[C@H]2O[C@H](COC(C)=O)[C@@H](OC(C)=O)[C@H](OC(C)=O)[C@H]2OC(C)=O)[C@@H](OC(C)=O)[C@@H]1OC(C)=O,ChEMBL,found_chembl | variants_tried=2,,,
VERAPAMIL HYDROCHLORIDE,1,Most,1,Most,1,,0,,1,Most,0,,1,Most,0,,COc1ccc(CCN(C)CCCC(C#N)(c2ccc(OC)c(OC)c2)C(C)C)cc1OC,coc1ccc(ccn(c)cccc(c#n)(c2ccc(oc)c(oc)c2)c(c)c)cc1oc,COc1ccc(CCN(C)CCCC(C#N)(c2ccc(OC)c(OC)c2)C(C)C)cc1OC,Original,,,,,,,,
VERICIGUAT,0,,0,,1,Most,0,,0,,0,,0,,0,,COC(=O)Nc1c(N)nc(-c2nn(Cc3ccccc3F)c3ncc(F)cc23)nc1N,coc(=o)nc1c(n)nc(-c2nn(cc3ccccc3f)c3ncc(f)cc23)nc1n,COC(=O)Nc1c(N)nc(-c2nn(Cc3ccccc3F)c3ncc(F)cc23)nc1N,Original,,,,,,,,
VERTEPORFIN FOR INJECTION,1,Most,1,Most,1,,0,,1,,1,,0,,0,,Not found,not found,COC(=O)[C@H](Cc1ccccc1)NC(=O)[C@H](CC(C)C)NC(=O)[C@@H]1C[C@H](NC=O)CN1C=O,ChEMBL,VERTEPORFIN FOR,VERTEPORFIN FOR INJECTION,COC(=O)[C@H](Cc1ccccc1)NC(=O)[C@H](CC(C)C)NC(=O)[C@@H]1C[C@H](NC=O)CN1C=O,ChEMBL,found_chembl | variants_tried=3,,,
VIBEGRON,0,,1,,0,,0,,0,,0,,0,,0,,O=C(Nc1ccc(C[C@@H]2CC[C@H]([C@H](O)c3ccccc3)N2)cc1)[C@@H]1CCc2nccc(=O)n21,o=c(nc1ccc(c[c@@h]2cc[c@h]([c@h](o)c3ccccc3)n2)cc1)[c@@h]1ccc2nccc(=o)n21,O=C(Nc1ccc(C[C@@H]2CC[C@H]([C@H](O)c3ccccc3)N2)cc1)[C@@H]1CCc2nccc(=O)n21,Original,,,,,,,,
VIGABATRIN,0,,1,Most,1,Most,0,,0,,0,,0,,0,,C=CC(N)CCC(=O)O,c=cc(n)ccc(=o)o,C=CC(N)CCC(=O)O,Original,,,,,,,,
VILAZODONE HYDROCHLORIDE,0,,1,,1,Most,1,Most,0,,0,,1,,0,,N#Cc1ccc2[nH]cc(CCCCN3CCN(c4ccc5oc(C(N)=O)cc5c4)CC3)c2c1,n#cc1ccc2[nh]cc(ccccn3ccn(c4ccc5oc(c(n)=o)cc5c4)cc3)c2c1,N#Cc1ccc2[nH]cc(CCCCN3CCN(c4ccc5oc(C(N)=O)cc5c4)CC3)c2c1,Original,,,,,,,,
VILOXAZINE HYDROCHLORIDE,1,Most,0,,0,,0,,0,,0,,0,,0,,CCOc1ccccc1OCC1CNCCO1,ccoc1ccccc1occ1cncco1,CCOc1ccccc1OCC1CNCCO1,Original,,,,,,,,
VILTOLARSEN,1,,1,,0,,0,,0,,0,,0,,1,,Cc1cn(C2CN(P(=O)(OCC3CNCC(n4ccc(N)nc4=O)O3)N(C)C)CC(COP(=O)(N(C)C)N3CC(COP(=O)(N(C)C)N4CC(COP(=O)(N(C)C)N5CC(COP(=O)(N(C)C)N6CC(COP(=O)(N(C)C)N7CC(COP(=O)(N(C)C)N8CC(COP(=O)(N(C)C)N9CC(COP(=O)(N(C)C)N%10CC(COP(=O)(N(C)C)N%11CC(COP(=O)(N(C)C)N%12CC(COP(=O)(N(C)C)N%13CC(COP(=O)(N(C)C)N%14CC(COP(=O)(N(C)C)N%15CC(COP(=O)(N(C)C)N%16CC(COP(=O)(N(C)C)N%17CC(COP(=O)(N(C)C)N%18CC(COP(=O)(N(C)C)N%19CC(COP(=O)(N(C)C)N%20CC(COP(=O)(N(C)C)N%21CC(CO)OC(n%22ccc(N)nc%22=O)C%21)OC(n%21ccc(N)nc%21=O)C%20)OC(n%20cc(C)c(=O)[nH]c%20=O)C%19)OC(n%19ccc(N)nc%19=O)C%18)OC(n%18ccc(N)nc%18=O)C%17)OC(n%17cnc%18c(=O)[nH]c(N)nc%18%17)C%16)OC(n%16cnc%17c(=O)[nH]c(N)nc%17%16)C%15)OC(n%15cc(C)c(=O)[nH]c%15=O)C%14)OC(n%14cc(C)c(=O)[nH]c%14=O)C%13)OC(n%13ccc(N)nc%13=O)C%12)OC(n%12cc(C)c(=O)[nH]c%12=O)C%11)OC(n%11cnc%12c(=O)[nH]c(N)nc%12%11)C%10)OC(n%10cnc%11c(N)ncnc%11%10)C9)OC(n9cnc%10c(N)ncnc%109)C8)OC(n8cnc9c(=O)[nH]c(N)nc98)C7)OC(n7cnc8c(=O)[nH]c(N)nc87)C6)OC(n6cc(C)c(=O)[nH]c6=O)C5)OC(n5cnc6c(=O)[nH]c(N)nc65)C4)OC(n4cc(C)c(=O)[nH]c4=O)C3)O2)c(=O)[nH]c1=O,cc1cn(c2cn(p(=o)(occ3cncc(n4ccc(n)nc4=o)o3)n(c)c)cc(cop(=o)(n(c)c)n3cc(cop(=o)(n(c)c)n4cc(cop(=o)(n(c)c)n5cc(cop(=o)(n(c)c)n6cc(cop(=o)(n(c)c)n7cc(cop(=o)(n(c)c)n8cc(cop(=o)(n(c)c)n9cc(cop(=o)(n(c)c)n%10cc(cop(=o)(n(c)c)n%11cc(cop(=o)(n(c)c)n%12cc(cop(=o)(n(c)c)n%13cc(cop(=o)(n(c)c)n%14cc(cop(=o)(n(c)c)n%15cc(cop(=o)(n(c)c)n%16cc(cop(=o)(n(c)c)n%17cc(cop(=o)(n(c)c)n%18cc(cop(=o)(n(c)c)n%19cc(cop(=o)(n(c)c)n%20cc(cop(=o)(n(c)c)n%21cc(co)oc(n%22ccc(n)nc%22=o)c%21)oc(n%21ccc(n)nc%21=o)c%20)oc(n%20cc(c)c(=o)[nh]c%20=o)c%19)oc(n%19ccc(n)nc%19=o)c%18)oc(n%18ccc(n)nc%18=o)c%17)oc(n%17cnc%18c(=o)[nh]c(n)nc%18%17)c%16)oc(n%16cnc%17c(=o)[nh]c(n)nc%17%16)c%15)oc(n%15cc(c)c(=o)[nh]c%15=o)c%14)oc(n%14cc(c)c(=o)[nh]c%14=o)c%13)oc(n%13ccc(n)nc%13=o)c%12)oc(n%12cc(c)c(=o)[nh]c%12=o)c%11)oc(n%11cnc%12c(=o)[nh]c(n)nc%12%11)c%10)oc(n%10cnc%11c(n)ncnc%11%10)c9)oc(n9cnc%10c(n)ncnc%109)c8)oc(n8cnc9c(=o)[nh]c(n)nc98)c7)oc(n7cnc8c(=o)[nh]c(n)nc87)c6)oc(n6cc(c)c(=o)[nh]c6=o)c5)oc(n5cnc6c(=o)[nh]c(n)nc65)c4)oc(n4cc(c)c(=o)[nh]c4=o)c3)o2)c(=o)[nh]c1=o,Cc1cn(C2CN(P(=O)(OCC3CNCC(n4ccc(N)nc4=O)O3)N(C)C)CC(COP(=O)(N(C)C)N3CC(COP(=O)(N(C)C)N4CC(COP(=O)(N(C)C)N5CC(COP(=O)(N(C)C)N6CC(COP(=O)(N(C)C)N7CC(COP(=O)(N(C)C)N8CC(COP(=O)(N(C)C)N9CC(COP(=O)(N(C)C)N%10CC(COP(=O)(N(C)C)N%11CC(COP(=O)(N(C)C)N%12CC(COP(=O)(N(C)C)N%13CC(COP(=O)(N(C)C)N%14CC(COP(=O)(N(C)C)N%15CC(COP(=O)(N(C)C)N%16CC(COP(=O)(N(C)C)N%17CC(COP(=O)(N(C)C)N%18CC(COP(=O)(N(C)C)N%19CC(COP(=O)(N(C)C)N%20CC(COP(=O)(N(C)C)N%21CC(CO)OC(n%22ccc(N)nc%22=O)C%21)OC(n%21ccc(N)nc%21=O)C%20)OC(n%20cc(C)c(=O)[nH]c%20=O)C%19)OC(n%19ccc(N)nc%19=O)C%18)OC(n%18ccc(N)nc%18=O)C%17)OC(n%17cnc%18c(=O)[nH]c(N)nc%18%17)C%16)OC(n%16cnc%17c(=O)[nH]c(N)nc%17%16)C%15)OC(n%15cc(C)c(=O)[nH]c%15=O)C%14)OC(n%14cc(C)c(=O)[nH]c%14=O)C%13)OC(n%13ccc(N)nc%13=O)C%12)OC(n%12cc(C)c(=O)[nH]c%12=O)C%11)OC(n%11cnc%12c(=O)[nH]c(N)nc%12%11)C%10)OC(n%10cnc%11c(N)ncnc%11%10)C9)OC(n9cnc%10c(N)ncnc%109)C8)OC(n8cnc9c(=O)[nH]c(N)nc98)C7)OC(n7cnc8c(=O)[nH]c(N)nc87)C6)OC(n6cc(C)c(=O)[nH]c6=O)C5)OC(n5cnc6c(=O)[nH]c(N)nc65)C4)OC(n4cc(C)c(=O)[nH]c4=O)C3)O2)c(=O)[nH]c1=O,Original,,,,,,,,
VINBLASTINE SULFATE,1,,1,Most,1,Most,1,Most,1,Most,1,,1,Most,0,,CC[C@]1(O)C[C@@H]2CN(CCc3c([nH]c4ccccc34)[C@@](C(=O)OC)(c3cc4c(cc3OC)N(C)[C@H]3[C@@](O)(C(=O)OC)[C@H](OC(C)=O)[C@]5(CC)C=CCN6CC[C@]43[C@@H]65)C2)C1,cc[c@]1(o)c[c@@h]2cn(ccc3c([nh]c4ccccc34)[c@@](c(=o)oc)(c3cc4c(cc3oc)n(c)[c@h]3[c@@](o)(c(=o)oc)[c@h](oc(c)=o)[c@]5(cc)c=ccn6cc[c@]43[c@@h]65)c2)c1,CC[C@]1(O)C[C@@H]2CN(CCc3c([nH]c4ccccc34)[C@@](C(=O)OC)(c3cc4c(cc3OC)N(C)[C@H]3[C@@](O)(C(=O)OC)[C@H](OC(C)=O)[C@]5(CC)C=CCN6CC[C@]43[C@@H]65)C2)C1,Original,,,,,,,,
VINCRISTINE SULFATE,1,,1,Most,1,Most,1,Most,1,Most,1,Most,1,Most,1,,CC[C@]1(O)C[C@H]2CN(CCc3c([nH]c4ccccc34)[C@@](C(=O)OC)(c3cc4c(cc3OC)N(C=O)[C@H]3[C@@](O)(C(=O)OC)[C@H](OC(C)=O)[C@]5(CC)C=CCN6CC[C@]43[C@@H]65)C2)C1,cc[c@]1(o)c[c@h]2cn(ccc3c([nh]c4ccccc34)[c@@](c(=o)oc)(c3cc4c(cc3oc)n(c=o)[c@h]3[c@@](o)(c(=o)oc)[c@h](oc(c)=o)[c@]5(cc)c=ccn6cc[c@]43[c@@h]65)c2)c1,CC[C@]1(O)C[C@H]2CN(CCc3c([nH]c4ccccc34)[C@@](C(=O)OC)(c3cc4c(cc3OC)N(C=O)[C@H]3[C@@](O)(C(=O)OC)[C@H](OC(C)=O)[C@]5(CC)C=CCN6CC[C@]43[C@@H]65)C2)C1,Original,,,,,,,,
VINORELBINE,1,,1,Most,1,Most,1,,1,Most,1,,1,Most,0,,CCC1=C[C@@H]2CN(C1)Cc1c([nH]c3ccccc13)[C@@](C(=O)OC)(c1cc3c(cc1OC)N(C)[C@H]1[C@@](O)(C(=O)OC)[C@H](OC(C)=O)[C@]4(CC)C=CCN5CC[C@]31[C@@H]54)C2,ccc1=c[c@@h]2cn(c1)cc1c([nh]c3ccccc13)[c@@](c(=o)oc)(c1cc3c(cc1oc)n(c)[c@h]1[c@@](o)(c(=o)oc)[c@h](oc(c)=o)[c@]4(cc)c=ccn5cc[c@]31[c@@h]54)c2,CCC1=C[C@@H]2CN(C1)Cc1c([nH]c3ccccc13)[C@@](C(=O)OC)(c1cc3c(cc1OC)N(C)[C@H]1[C@@](O)(C(=O)OC)[C@H](OC(C)=O)[C@]4(CC)C=CCN5CC[C@]31[C@@H]54)C2,Original,,,,,,,,
VISMODEGIB,0,,1,Most,0,,1,Most,1,Most,0,,0,,0,,CS(=O)(=O)c1ccc(C(=O)Nc2ccc(Cl)c(-c3ccccn3)c2)c(Cl)c1,cs(=o)(=o)c1ccc(c(=o)nc2ccc(cl)c(-c3ccccn3)c2)c(cl)c1,CS(=O)(=O)c1ccc(C(=O)Nc2ccc(Cl)c(-c3ccccn3)c2)c(Cl)c1,Original,,,,,,,,
VITAMIN A PALMITATE,0,,1,Most,1,,0,,1,Most,0,,0,,1,,CCCCCCCCCCCCCCCC(=O)OC/C=C(C)/C=C/C=C(C)/C=C/C1=C(C)CCCC1(C)C,cccccccccccccccc(=o)oc/c=c(c)/c=c/c=c(c)/c=c/c1=c(c)cccc1(c)c,CCCCCCCCCCCCCCCC(=O)OC/C=C(C)/C=C/C=C(C)/C=C/C1=C(C)CCCC1(C)C,Original,,,,,,,,
VOCLOSPORIN,1,Most,1,Most,1,Most,0,,0,,0,,0,,1,Most,C=C/C=C/C[C@@H](C)[C@@H](O)[C@H]1C(=O)N[C@@H](CC)C(=O)N(C)CC(=O)N(C)[C@@H](CC(C)C)C(=O)N[C@@H](C(C)C)C(=O)N(C)[C@@H](CC(C)C)C(=O)N[C@@H](C)C(=O)N[C@H](C)C(=O)N(C)[C@@H](CC(C)C)C(=O)N(C)[C@@H](CC(C)C)C(=O)N(C)[C@@H](C(C)C)C(=O)N1C,c=c/c=c/c[c@@h](c)[c@@h](o)[c@h]1c(=o)n[c@@h](cc)c(=o)n(c)cc(=o)n(c)[c@@h](cc(c)c)c(=o)n[c@@h](c(c)c)c(=o)n(c)[c@@h](cc(c)c)c(=o)n[c@@h](c)c(=o)n[c@h](c)c(=o)n(c)[c@@h](cc(c)c)c(=o)n(c)[c@@h](cc(c)c)c(=o)n(c)[c@@h](c(c)c)c(=o)n1c,C=C/C=C/C[C@@H](C)[C@@H](O)[C@H]1C(=O)N[C@@H](CC)C(=O)N(C)CC(=O)N(C)[C@@H](CC(C)C)C(=O)N[C@@H](C(C)C)C(=O)N(C)[C@@H](CC(C)C)C(=O)N[C@@H](C)C(=O)N[C@H](C)C(=O)N(C)[C@@H](CC(C)C)C(=O)N(C)[C@@H](CC(C)C)C(=O)N(C)[C@@H](C(C)C)C(=O)N1C,Original,,,,,,,,
VORAPAXAR,0,,1,,1,Most,0,,0,,0,,0,,0,,CCOC(=O)N[C@@H]1CC[C@@H]2[C@@H](C1)C[C@H]1C(=O)O[C@H](C)[C@H]1[C@H]2/C=C/c1ccc(-c2cccc(F)c2)cn1,ccoc(=o)n[c@@h]1cc[c@@h]2[c@@h](c1)c[c@h]1c(=o)o[c@h](c)[c@h]1[c@h]2/c=c/c1ccc(-c2cccc(f)c2)cn1,CCOC(=O)N[C@@H]1CC[C@@H]2[C@@H](C1)C[C@H]1C(=O)O[C@H](C)[C@H]1[C@H]2/C=C/c1ccc(-c2cccc(F)c2)cn1,Original,,,,,,,,
VORICONAZOLE,1,Most,1,Most,1,Most,0,,1,Most,0,,0,,1,Most,C[C@@H](c1ncncc1F)[C@](O)(Cn1cncn1)c1ccc(F)cc1F,c[c@@h](c1ncncc1f)[c@](o)(cn1cncn1)c1ccc(f)cc1f,C[C@@H](c1ncncc1F)[C@](O)(Cn1cncn1)c1ccc(F)cc1F,Original,,,,,,,,
VORINOSTAT,1,Most,1,Most,1,Most,1,Most,1,Most,0,,1,Most,1,,O=C(CCCCCCC(=O)Nc1ccccc1)NO,o=c(ccccccc(=o)nc1ccccc1)no,O=C(CCCCCCC(=O)Nc1ccccc1)NO,Original,,,,,,,,
VORTIOXETINE,0,,1,,1,Most,0,,0,,0,,1,,0,,Cc1ccc(Sc2ccccc2N2CCNCC2)c(C)c1,cc1ccc(sc2ccccc2n2ccncc2)c(c)c1,Cc1ccc(Sc2ccccc2N2CCNCC2)c(C)c1,Original,,,,,,,,
VOSORITIDE,0,,1,Most,0,,0,,0,,0,,0,,0,,CCC(C)C1NC(=O)C(CCCNC(=N)N)NC(=O)C(CC(=O)O)NC(=O)C(CC(C)C)NC(=O)C(CCCCN)NC(=O)C(CC(C)C)NC(=O)CNC(=O)C(Cc2ccccc2)NC(=O)C(NC(=O)CNC(=O)C(CCCCN)NC(=O)C(CO)NC(=O)C(CC(C)C)NC(=O)CNC(=O)C(CCCCN)NC(=O)C(CCCCN)NC(=O)C(CC(N)=O)NC(=O)C(C)NC(=O)CNC(=O)C(CCCCN)NC(=O)C(Cc2ccc(O)cc2)NC(=O)C(CCCCN)NC(=O)C(CCCNC(=N)N)NC(=O)C(C)NC(=O)C(CC(N)=O)NC(=O)C2CCCN2C(=O)C(Cc2cnc[nH]2)NC(=O)C(CCC(=O)O)NC(=O)C(CCC(N)=O)NC(=O)CNC(=O)C2CCCN2)CSSCC(C(=O)O)NC(=O)CNC(=O)C(CC(C)C)NC(=O)CNC(=O)C(CO)NC(=O)C(CCSC)NC(=O)C(CO)NC(=O)CNC1=O,ccc(c)c1nc(=o)c(cccnc(=n)n)nc(=o)c(cc(=o)o)nc(=o)c(cc(c)c)nc(=o)c(ccccn)nc(=o)c(cc(c)c)nc(=o)cnc(=o)c(cc2ccccc2)nc(=o)c(nc(=o)cnc(=o)c(ccccn)nc(=o)c(co)nc(=o)c(cc(c)c)nc(=o)cnc(=o)c(ccccn)nc(=o)c(ccccn)nc(=o)c(cc(n)=o)nc(=o)c(c)nc(=o)cnc(=o)c(ccccn)nc(=o)c(cc2ccc(o)cc2)nc(=o)c(ccccn)nc(=o)c(cccnc(=n)n)nc(=o)c(c)nc(=o)c(cc(n)=o)nc(=o)c2cccn2c(=o)c(cc2cnc[nh]2)nc(=o)c(ccc(=o)o)nc(=o)c(ccc(n)=o)nc(=o)cnc(=o)c2cccn2)csscc(c(=o)o)nc(=o)cnc(=o)c(cc(c)c)nc(=o)cnc(=o)c(co)nc(=o)c(ccsc)nc(=o)c(co)nc(=o)cnc1=o,CCC(C)C1NC(=O)C(CCCNC(=N)N)NC(=O)C(CC(=O)O)NC(=O)C(CC(C)C)NC(=O)C(CCCCN)NC(=O)C(CC(C)C)NC(=O)CNC(=O)C(Cc2ccccc2)NC(=O)C(NC(=O)CNC(=O)C(CCCCN)NC(=O)C(CO)NC(=O)C(CC(C)C)NC(=O)CNC(=O)C(CCCCN)NC(=O)C(CCCCN)NC(=O)C(CC(N)=O)NC(=O)C(C)NC(=O)CNC(=O)C(CCCCN)NC(=O)C(Cc2ccc(O)cc2)NC(=O)C(CCCCN)NC(=O)C(CCCNC(=N)N)NC(=O)C(C)NC(=O)C(CC(N)=O)NC(=O)C2CCCN2C(=O)C(Cc2cnc[nH]2)NC(=O)C(CCC(=O)O)NC(=O)C(CCC(N)=O)NC(=O)CNC(=O)C2CCCN2)CSSCC(C(=O)O)NC(=O)CNC(=O)C(CC(C)C)NC(=O)CNC(=O)C(CO)NC(=O)C(CCSC)NC(=O)C(CO)NC(=O)CNC1=O,Original,,,,,,,,
VOXELOTOR,0,,1,Most,1,,0,,1,Most,0,,1,,0,,CC(C)n1nccc1-c1ncccc1COc1cccc(O)c1C=O,cc(c)n1nccc1-c1ncccc1coc1cccc(o)c1c=o,CC(C)n1nccc1-c1ncccc1COc1cccc(O)c1C=O,Original,,,,,,,,
WARFARIN SODIUM,0,,1,Most,1,Most,0,,1,,0,,0,,0,,CC(=O)CC(c1ccccc1)c1c(O)c2ccccc2oc1=O,cc(=o)cc(c1ccccc1)c1c(o)c2ccccc2oc1=o,CC(=O)CC(c1ccccc1)c1c(O)c2ccccc2oc1=O,Original,,,,,,,,
ZALEPLON,0,,1,,0,,1,Most,1,,1,,0,,0,,CCN(C(C)=O)c1cccc(-c2ccnc3c(C#N)cnn23)c1,ccn(c(c)=o)c1cccc(-c2ccnc3c(c#n)cnn23)c1,CCN(C(C)=O)c1cccc(-c2ccnc3c(C#N)cnn23)c1,Original,,,,,,,,
ZANUBRUTINIB,1,Most,1,Most,1,Most,1,,1,,0,,1,,0,,C=CC(=O)N1CCC([C@@H]2CCNc3c(C(N)=O)c(-c4ccc(Oc5ccccc5)cc4)nn32)CC1,c=cc(=o)n1ccc([c@@h]2ccnc3c(c(n)=o)c(-c4ccc(oc5ccccc5)cc4)nn32)cc1,C=CC(=O)N1CCC([C@@H]2CCNc3c(C(N)=O)c(-c4ccc(Oc5ccccc5)cc4)nn32)CC1,Original,,,,,,,,
ZICONOTIDE ACETATE,0,,1,Most,0,,1,Most,0,,0,,0,,1,Most,CSCCC1NC(=O)C(CC(C)C)NC(=O)C(CCCNC(=N)N)NC(=O)C(CO)NC(=O)C2CSSCC3NC(=O)C(CO)NC(=O)CNC(=O)C(C(C)O)NC(=O)C(CSSCC(N)C(=O)NC(CCCCN)C(=O)NCC(=O)NC(CCCCN)C(=O)NCC(=O)NC(C)C(=O)NC(CCCCN)C(=O)N2)NC(=O)C(CSSCC(C(N)=O)NC(=O)C(CCCCN)NC(=O)CNC(=O)C(CO)NC(=O)C(CCCNC(=N)N)NC3=O)NC(=O)C(CC(=O)O)NC(=O)C(Cc2ccc(O)cc2)NC1=O,csccc1nc(=o)c(cc(c)c)nc(=o)c(cccnc(=n)n)nc(=o)c(co)nc(=o)c2csscc3nc(=o)c(co)nc(=o)cnc(=o)c(c(c)o)nc(=o)c(csscc(n)c(=o)nc(ccccn)c(=o)ncc(=o)nc(ccccn)c(=o)ncc(=o)nc(c)c(=o)nc(ccccn)c(=o)n2)nc(=o)c(csscc(c(n)=o)nc(=o)c(ccccn)nc(=o)cnc(=o)c(co)nc(=o)c(cccnc(=n)n)nc3=o)nc(=o)c(cc(=o)o)nc(=o)c(cc2ccc(o)cc2)nc1=o,CSCCC1NC(=O)C(CC(C)C)NC(=O)C(CCCNC(=N)N)NC(=O)C(CO)NC(=O)C2CSSCC3NC(=O)C(CO)NC(=O)CNC(=O)C(C(C)O)NC(=O)C(CSSCC(N)C(=O)NC(CCCCN)C(=O)NCC(=O)NC(CCCCN)C(=O)NCC(=O)NC(C)C(=O)NC(CCCCN)C(=O)N2)NC(=O)C(CSSCC(C(N)=O)NC(=O)C(CCCCN)NC(=O)CNC(=O)C(CO)NC(=O)C(CCCNC(=N)N)NC3=O)NC(=O)C(CC(=O)O)NC(=O)C(Cc2ccc(O)cc2)NC1=O,Original,,,,,,,,
ZIDOVUDINE,1,,1,Most,1,Most,0,,1,Most,1,,0,,0,,Cc1cn([C@H]2C[C@H](N=[N+]=[N-])[C@@H](CO)O2)c(=O)[nH]c1=O,cc1cn([c@h]2c[c@h](n=[n+]=[n-])[c@@h](co)o2)c(=o)[nh]c1=o,Cc1cn([C@H]2C[C@H](N=[N+]=[N-])[C@@H](CO)O2)c(=O)[nH]c1=O,Original,,,,,,,,
ZILEUTON,0,,1,,1,,1,,1,Most,0,,0,,1,,CC(c1cc2ccccc2s1)N(O)C(N)=O,cc(c1cc2ccccc2s1)n(o)c(n)=o,CC(c1cc2ccccc2s1)N(O)C(N)=O,Original,,,,,,,,
ZINC CHLORIDE,0,,0,,1,Most,0,,0,,0,,1,,0,,[Zn+2],[zn+2],[Zn+2],Original,,,,,,,,
ZINC SULFATE,0,,0,,1,Most,0,,0,,0,,1,,0,,O=S(=O)(O)O,o=s(=o)(o)o,O=S(=O)(O)O,Original,,,,,,,,
ZIPRASIDONE HCL,1,Most,1,Most,1,Most,1,Most,0,,0,,1,,0,,O=C1Cc2cc(CCN3CCN(c4nsc5ccccc45)CC3)c(Cl)cc2N1,o=c1cc2cc(ccn3ccn(c4nsc5ccccc45)cc3)c(cl)cc2n1,O=C1Cc2cc(CCN3CCN(c4nsc5ccccc45)CC3)c(Cl)cc2N1,Original,,,,,,,,
ZIPRASIDONE MESYLATE,1,Most,1,Most,1,Most,1,,1,,0,,0,,0,,O=C1Cc2cc(CCN3CCN(c4nsc5ccccc45)CC3)c(Cl)cc2N1,o=c1cc2cc(ccn3ccn(c4nsc5ccccc45)cc3)c(cl)cc2n1,O=C1Cc2cc(CCN3CCN(c4nsc5ccccc45)CC3)c(Cl)cc2N1,Original,,,,,,,,
ZOLEDRONIC ACID,1,Most,1,Most,1,,1,Most,0,,0,,1,,1,Most,O=P(O)(O)C(O)(Cn1ccnc1)P(=O)(O)O,o=p(o)(o)c(o)(cn1ccnc1)p(=o)(o)o,O=P(O)(O)C(O)(Cn1ccnc1)P(=O)(O)O,Original,,,,,,,,
ZOLMITRIPTAN,1,Most,1,,0,,0,,0,,0,,0,,0,,CN(C)CCc1c[nH]c2ccc(C[C@H]3COC(=O)N3)cc12,cn(c)ccc1c[nh]c2ccc(c[c@h]3coc(=o)n3)cc12,CN(C)CCc1c[nH]c2ccc(C[C@H]3COC(=O)N3)cc12,Original,,,,,,,,
ZOLPIDEM TARTRATE,0,,1,,1,,0,,1,Most,0,,1,Most,0,,Cc1ccc(-c2nc3ccc(C)cn3c2CC(=O)N(C)C)cc1.Cc1ccc(-c2nc3ccc(C)cn3c2CC(=O)N(C)C)cc1.O=C(O)C(O)C(O)C(=O)O,cc1ccc(-c2nc3ccc(c)cn3c2cc(=o)n(c)c)cc1.cc1ccc(-c2nc3ccc(c)cn3c2cc(=o)n(c)c)cc1.o=c(o)c(o)c(o)c(=o)o,Cc1ccc(-c2nc3ccc(C)cn3c2CC(=O)N(C)C)cc1.Cc1ccc(-c2nc3ccc(C)cn3c2CC(=O)N(C)C)cc1.O=C(O)C(O)C(O)C(=O)O,Original,,,,,,,,
ZONISAMIDE,1,,1,Most,1,Most,1,Most,1,Most,0,,0,,1,Most,NS(=O)(=O)Cc1noc2ccccc12,ns(=o)(=o)cc1noc2ccccc12,NS(=O)(=O)Cc1noc2ccccc12,Original,,,,,,,,
(CHLOROPROCAINE HCI,1,Most,1,Most,1,Most,0,,0,,0,,1,Most,0,,CCN(CC)CCOC(=O)c1ccc(N)cc1Cl,ccn(cc)ccoc(=o)c1ccc(n)cc1cl,CCN(CC)CCOC(=O)c1ccc(N)cc1Cl,Original,,,,,,,,
"(COAGULATION FACTOR IX (RECOMBINANT), GLYCOPEGYLATED)",0,,1,Most,1,Most,0,,0,,0,,0,,1,,Not found,not found,,NotFound,"(COAGULATION FACTOR IX (RECOMBINANT), GLYCOPEGYLATED)","(COAGULATION FACTOR IX (RECOMBINANT), GLYCOPEGYLATED)",,,not_found | variants_tried=2,,None,no_hit | variants=['GLYCOPEGYLATED']
(SOTRADECOL) SODIUM TETRADECYL SULFATE,1,Most,1,Most,1,Most,0,,0,,0,,1,Most,0,,Not found,not found,CCCCC(CC)CCC(CC(C)C)OS(=O)(=O)[O-].[Na+],ChEMBL,,,,,,,,
0.12% CHLORHEXIDINE GLUCONATE,0,,1,Most,0,,0,,0,,0,,0,,0,,NC(=NCCCCCCN=C(N)N=C(N)Nc1ccc(Cl)cc1)N=C(N)Nc1ccc(Cl)cc1.O=C(O)C(O)C(O)C(O)C(O)CO.O=C(O)C(O)C(O)C(O)C(O)CO,nc(=nccccccn=c(n)n=c(n)nc1ccc(cl)cc1)n=c(n)nc1ccc(cl)cc1.o=c(o)c(o)c(o)c(o)c(o)co.o=c(o)c(o)c(o)c(o)c(o)co,NC(=NCCCCCCN=C(N)N=C(N)Nc1ccc(Cl)cc1)N=C(N)Nc1ccc(Cl)cc1.O=C(O)C(O)C(O)C(O)C(O)CO.O=C(O)C(O)C(O)C(O)C(O)CO,Original,,,,,,,,
0.25% BUPIVACAINE HCL; BUPIVACAINE HYDROCHLORIDE,1,Most,1,Most,1,Most,0,,1,Most,0,,1,Most,0,,Not found,not found,CCCCN1CCCCC1C(=O)Nc1c(C)cccc1C,ChEMBL,,,,,,,,
0.5% LIDOCAINE HCL,1,Most,1,,1,Most,0,,0,,0,,1,Most,0,,CCN(CC)CC(=O)Nc1c(C)cccc1C,ccn(cc)cc(=o)nc1c(c)cccc1c,CCN(CC)CC(=O)Nc1c(C)cccc1C,Original,,,,,,,,
0.9% SODIUM CHLORIDE,1,Most,0,,0,,0,,0,,0,,1,Most,1,Most,[Na+],[na+],[Na+],Original,,,,,,,,
1% LIDOCAINE HCI,1,Most,1,Most,1,Most,0,,1,Most,1,,1,Most,0,,CCN(CC)CC(=O)Nc1c(C)cccc1C,ccn(cc)cc(=o)nc1c(c)cccc1c,CCN(CC)CC(=O)Nc1c(C)cccc1C,Original,,,,,,,,
1% LIDOCAINE HCI; 2% LIDOCAINE HCI,1,Most,1,Most,1,Most,0,,0,,1,,1,Most,0,,Not found,not found,CCN(CC)CC(=O)Nc1c(C)cccc1C,ChEMBL,1% LIDOCAINE HCI; 2% LIDOCAINE HCI,1% LIDOCAINE HCI; 2% LIDOCAINE HCI,CCN(CC)CC(=O)Nc1c(C)cccc1C,ChEMBL,found_chembl | variants_tried=4,,,
2% LIDOCAINE HCI,1,Most,0,,0,,0,,0,,0,,1,,0,,CCN(CC)CC(=O)Nc1c(C)cccc1C,ccn(cc)cc(=o)nc1c(c)cccc1c,CCN(CC)CC(=O)Nc1c(C)cccc1C,Original,,,,,,,,
25% DEXTROSE INFANT,0,,1,Most,1,,0,,0,,0,,0,,0,,O=CC(O)C(O)C(O)C(O)CO,o=cc(o)c(o)c(o)c(o)co,O=CC(O)C(O)C(O)C(O)CO,Original,,,,,,,,
3% SODIUM CHLORIDE,1,Most,1,,0,,0,,0,,0,,1,Most,1,Most,[Na+],[na+],[Na+],Original,,,,,,,,
5% DEXTROSE,0,,0,,1,,0,,0,,0,,1,Most,0,,O=CC(O)C(O)C(O)C(O)CO,o=cc(o)c(o)c(o)c(o)co,O=CC(O)C(O)C(O)C(O)CO,Original,,,,,,,,
50% DEXTROSE,0,,1,Most,1,Most,0,,0,,0,,0,,0,,O=CC(O)C(O)C(O)C(O)CO,o=cc(o)c(o)c(o)c(o)co,O=CC(O)C(O)C(O)C(O)CO,Original,,,,,,,,
50% MAGNESIUM SULFATE,1,Most,0,,0,,0,,0,,0,,1,Most,1,Most,O=S(=O)(O)O,o=s(=o)(o)o,O=S(=O)(O)O,Original,,,,,,,,
6% HETASTARCH IN 0.9% SODIUM CHLORIDE,1,Most,1,Most,1,Most,0,,1,,0,,1,Most,1,Most,Not found,not found,[Cl-].[Na+],ChEMBL,6% HETASTARCH IN 0.9% SODIUM CHLORIDE,6% HETASTARCH IN 0.9% SODIUM CHLORIDE,[Cl-].[Na+],ChEMBL,found_chembl | variants_tried=4,,,
ABACAVIR SULFATE,1,Most,1,Most,1,,0,,1,Most,0,,0,,0,,Nc1nc(NC2CC2)c2ncn([C@H]3C=C[C@@H](CO)C3)c2n1.Nc1nc(NC2CC2)c2ncn([C@H]3C=C[C@@H](CO)C3)c2n1,nc1nc(nc2cc2)c2ncn([c@h]3c=c[c@@h](co)c3)c2n1.nc1nc(nc2cc2)c2ncn([c@h]3c=c[c@@h](co)c3)c2n1,Nc1nc(NC2CC2)c2ncn([C@H]3C=C[C@@H](CO)C3)c2n1.Nc1nc(NC2CC2)c2ncn([C@H]3C=C[C@@H](CO)C3)c2n1,Original,,,,,,,,
ABIRATERONE,1,Most,1,,1,Most,1,Most,1,Most,0,,1,,0,,C[C@]12CC[C@H](O)CC1=CC[C@@H]1[C@@H]2CC[C@]2(C)C(c3cccnc3)=CC[C@@H]12,c[c@]12cc[c@h](o)cc1=cc[c@@h]1[c@@h]2cc[c@]2(c)c(c3cccnc3)=cc[c@@h]12,C[C@]12CC[C@H](O)CC1=CC[C@@H]1[C@@H]2CC[C@]2(C)C(c3cccnc3)=CC[C@@H]12,Original,,,,,,,,
ABROCITINIB,1,Most,1,Most,1,Most,1,,1,,0,,1,Most,0,,CCCS(=O)(=O)N[C@H]1C[C@@H](N(C)c2ncnc3[nH]ccc23)C1,cccs(=o)(=o)n[c@h]1c[c@@h](n(c)c2ncnc3[nh]ccc23)c1,CCCS(=O)(=O)N[C@H]1C[C@@H](N(C)c2ncnc3[nH]ccc23)C1,Original,,,,,,,,
ACAMPROSATE CALCIUM ENTERIC-COATED,0,,1,,0,,0,,0,,0,,0,,1,Most,CC(=O)NCCCS(=O)(=O)O.CC(=O)NCCCS(=O)(=O)O,cc(=o)ncccs(=o)(=o)o.cc(=o)ncccs(=o)(=o)o,CC(=O)NCCCS(=O)(=O)O.CC(=O)NCCCS(=O)(=O)O,Original,,,,,,,,
ACETAZOLAMIDE EXTENDED-RELEASE,0,,1,Most,1,Most,0,,1,Most,1,Most,1,,1,Most,CC(=O)Nc1nnc(S(N)(=O)=O)s1,cc(=o)nc1nnc(s(n)(=o)=o)s1,CC(=O)Nc1nnc(S(N)(=O)=O)s1,Original,,,,,,,,
ACETAZOLAMIDE SODIUM,0,,1,Most,1,Most,0,,1,Most,1,Most,1,,1,Most,CC(=O)Nc1nnc(S(N)(=O)=O)s1,cc(=o)nc1nnc(s(n)(=o)=o)s1,CC(=O)Nc1nnc(S(N)(=O)=O)s1,Original,,,,,,,,
ACETIC ACID,0,,1,,0,,0,,0,,0,,0,,0,,CC(=O)O,cc(=o)o,CC(=O)O,Original,,,,,,,,
ACETYLCYSTEINE INJECTION,0,,1,Most,0,,0,,0,,0,,1,Most,0,,CC(=O)NC(CS)C(=O)O,cc(=o)nc(cs)c(=o)o,CC(=O)NC(CS)C(=O)O,Original,,,,,,,,
ACYCLOVIR SODIUM,0,,1,Most,1,Most,1,,1,,0,,0,,1,Most,Nc1nc(O)c2ncn(COCCO)c2n1,nc1nc(o)c2ncn(cocco)c2n1,Nc1nc(O)c2ncn(COCCO)c2n1,Original,,,,,,,,
ADAGRASIB,1,Most,0,,1,Most,1,Most,1,Most,0,,1,Most,1,Most,C=C(F)C(=O)N1CCN(c2nc(OC[C@@H]3CCCN3C)nc3c2CCN(c2cccc4cccc(Cl)c24)C3)C[C@@H]1CC#N,c=c(f)c(=o)n1ccn(c2nc(oc[c@@h]3cccn3c)nc3c2ccn(c2cccc4cccc(cl)c24)c3)c[c@@h]1cc#n,C=C(F)C(=O)N1CCN(c2nc(OC[C@@H]3CCCN3C)nc3c2CCN(c2cccc4cccc(Cl)c24)C3)C[C@@H]1CC#N,Original,,,,,,,,
ADALIMUMAB,1,Most,1,Most,1,Most,0,,1,,0,,1,Most,0,,Not found,not found,,NotFound,ADALIMUMAB,ADALIMUMAB,,,not_found | variants_tried=1,,,
ADALIMUMAB-AATY,1,Most,1,Most,1,,0,,1,Most,0,,1,Most,0,,Not found,not found,,NotFound,ADALIMUMAB-AATY,ADALIMUMAB-AATY,,,not_found | variants_tried=3,,None,"no_hit | variants=['ADALIMUMAB AATY', 'ADALIMUMAB']"
ADALIMUMAB-ADAZ,1,Most,1,Most,1,,0,,1,Most,0,,1,Most,0,,Not found,not found,,NotFound,ADALIMUMAB-ADAZ,ADALIMUMAB-ADAZ,,,not_found | variants_tried=3,,None,"no_hit | variants=['ADALIMUMAB ADAZ', 'ADALIMUMAB']"
ADALIMUMAB-AQVH,1,Most,1,Most,1,Most,0,,1,Most,0,,1,Most,0,,Not found,not found,,NotFound,ADALIMUMAB-AQVH,ADALIMUMAB-AQVH,,,not_found | variants_tried=3,,None,"no_hit | variants=['ADALIMUMAB AQVH', 'ADALIMUMAB']"
ADALIMUMAB-ATTO,1,Most,1,Most,1,,0,,1,Most,0,,1,Most,0,,Not found,not found,,NotFound,ADALIMUMAB-ATTO,ADALIMUMAB-ATTO,,,not_found | variants_tried=3,,None,"no_hit | variants=['ADALIMUMAB ATTO', 'ADALIMUMAB']"
ADALIMUMAB-BWWD,1,Most,1,Most,1,Most,0,,1,Most,0,,1,Most,0,,Not found,not found,,NotFound,ADALIMUMAB-BWWD,ADALIMUMAB-BWWD,,,not_found | variants_tried=3,,None,"no_hit | variants=['ADALIMUMAB BWWD', 'ADALIMUMAB']"
"ADENOSINE INJECTION, 6MG/2ML (3MG/ML) VIAL",1,Most,0,,0,,0,,0,,0,,1,Most,0,,Nc1ncnc2c1ncn2C1OC(CO)C(O)C1O,nc1ncnc2c1ncn2c1oc(co)c(o)c1o,Nc1ncnc2c1ncn2C1OC(CO)C(O)C1O,Original,,,,,,,,
"ADENOSINE INJECTION, SOLUTION",1,Most,0,,0,,0,,0,,0,,1,Most,0,,Nc1ncnc2c1ncn2C1OC(CO)C(O)C1O,nc1ncnc2c1ncn2c1oc(co)c(o)c1o,Nc1ncnc2c1ncn2C1OC(CO)C(O)C1O,Original,,,,,,,,
ADO-TRASTUZUMAB EMTANSINE,1,,1,Most,1,Most,1,Most,1,Most,0,,1,Most,0,,Not found,not found,NC(N)=NCCC[C@@H](N)C(=O)N[C@@H](CCCN=C(N)N)C(=O)NCCCCCCCCCCCC(=O)N[C@@H](CO)C(=O)N1Cc2ccccc2C[C@@H]1C(=O)N1[C@H](C(=O)O)C[C@@H]2CCCC[C@@H]21,ChEMBL,ADO,ADO-TRASTUZUMAB EMTANSINE,NC(N)=NCCC[C@@H](N)C(=O)N[C@@H](CCCN=C(N)N)C(=O)NCCCCCCCCCCCC(=O)N[C@@H](CO)C(=O)N1Cc2ccccc2C[C@@H]1C(=O)N1[C@H](C(=O)O)C[C@@H]2CCCC[C@@H]21,ChEMBL,found_chembl | variants_tried=4,,,
ADRENALIN (EPINEPHRINE),1,Most,1,Most,0,,1,,0,,0,,1,Most,0,,CNCC(O)c1ccc(O)c(O)c1,cncc(o)c1ccc(o)c(o)c1,CNCC(O)c1ccc(O)c(O)c1,Original,,,,,,,,
ADRENALIN(R),1,Most,1,Most,0,,1,Most,0,,0,,1,Most,0,,CNCC(O)c1ccc(O)c(O)c1,cncc(o)c1ccc(o)c(o)c1,CNCC(O)c1ccc(O)c(O)c1,Original,,,,,,,,
ADUCANUMAB,0,,1,,1,Most,0,,0,,0,,0,,0,,Not found,not found,,NotFound,ADUCANUMAB,ADUCANUMAB,,,not_found | variants_tried=1,,,
AFAMELANOTIDE,0,,1,Most,0,,0,,0,,0,,0,,0,,CCCC[C@H](NC(=O)[C@H](CO)NC(=O)[C@H](Cc1ccc(O)cc1)NC(=O)[C@H](CO)NC(C)=O)C(=O)N[C@@H](CCC(=O)O)C(=O)N[C@@H](Cc1c[nH]cn1)C(=O)N[C@H](Cc1ccccc1)C(=O)N[C@@H](CCCNC(=N)N)C(=O)N[C@@H](Cc1c[nH]c2ccccc12)C(=O)NCC(=O)N[C@@H](CCCCN)C(=O)N1CCC[C@H]1C(=O)N[C@H](C(N)=O)C(C)C,cccc[c@h](nc(=o)[c@h](co)nc(=o)[c@h](cc1ccc(o)cc1)nc(=o)[c@h](co)nc(c)=o)c(=o)n[c@@h](ccc(=o)o)c(=o)n[c@@h](cc1c[nh]cn1)c(=o)n[c@h](cc1ccccc1)c(=o)n[c@@h](cccnc(=n)n)c(=o)n[c@@h](cc1c[nh]c2ccccc12)c(=o)ncc(=o)n[c@@h](ccccn)c(=o)n1ccc[c@h]1c(=o)n[c@h](c(n)=o)c(c)c,CCCC[C@H](NC(=O)[C@H](CO)NC(=O)[C@H](Cc1ccc(O)cc1)NC(=O)[C@H](CO)NC(C)=O)C(=O)N[C@@H](CCC(=O)O)C(=O)N[C@@H](Cc1c[nH]cn1)C(=O)N[C@H](Cc1ccccc1)C(=O)N[C@@H](CCCNC(=N)N)C(=O)N[C@@H](Cc1c[nH]c2ccccc12)C(=O)NCC(=O)N[C@@H](CCCCN)C(=O)N1CCC[C@H]1C(=O)N[C@H](C(N)=O)C(C)C,Original,,,,,,,,
AFLIBERCEPT,1,,1,,0,,1,Most,0,,0,,0,,0,,Not found,not found,,NotFound,AFLIBERCEPT,AFLIBERCEPT,,,not_found | variants_tried=1,,,
AGALSIDASE BETA,1,Most,1,Most,0,,0,,0,,1,,1,Most,0,,CCCCCCCC(=O)NC(CN1CCCC1)C(O)c1ccc2c(c1)OCCO2.CCCCCCCC(=O)NC(CN1CCCC1)C(O)c1ccc2c(c1)OCCO2.O=C(O)C(O)C(O)C(=O)O,cccccccc(=o)nc(cn1cccc1)c(o)c1ccc2c(c1)occo2.cccccccc(=o)nc(cn1cccc1)c(o)c1ccc2c(c1)occo2.o=c(o)c(o)c(o)c(=o)o,CCCCCCCC(=O)NC(CN1CCCC1)C(O)c1ccc2c(c1)OCCO2.CCCCCCCC(=O)NC(CN1CCCC1)C(O)c1ccc2c(c1)OCCO2.O=C(O)C(O)C(O)C(=O)O,Original,,,,,,,,
ALBUMIN HUMAN,1,Most,1,,0,,0,,0,,0,,0,,0,,FC(F)(F)C(F)(F)C(F)(F)F,fc(f)(f)c(f)(f)c(f)(f)f,FC(F)(F)C(F)(F)C(F)(F)F,Original,,,,,,,,
ALBUTEROL SULFATE,1,Most,1,,0,,0,,0,,0,,1,Most,0,,CC(C)(C)NCC(O)c1ccc(O)c(CO)c1.CC(C)(C)NCC(O)c1ccc(O)c(CO)c1,cc(c)(c)ncc(o)c1ccc(o)c(co)c1.cc(c)(c)ncc(o)c1ccc(o)c(co)c1,CC(C)(C)NCC(O)c1ccc(O)c(CO)c1.CC(C)(C)NCC(O)c1ccc(O)c(CO)c1,Original,,,,,,,,
ALCAFTADINE,0,,1,,0,,0,,0,,0,,0,,0,,CN1CCC(=C2c3ccccc3CCn3c(C=O)cnc32)CC1,cn1ccc(=c2c3ccccc3ccn3c(c=o)cnc32)cc1,CN1CCC(=C2c3ccccc3CCn3c(C=O)cnc32)CC1,Original,,,,,,,,
ALDESLEUKIN,1,Most,1,Most,1,Most,0,,1,Most,0,,1,Most,1,Most,Not found,not found,,NotFound,ALDESLEUKIN,ALDESLEUKIN,,,not_found | variants_tried=1,,None,no_hit | variants=['ALDESLEUKIN']
ALEMTUZUMAB,1,Most,1,Most,1,Most,1,Most,1,Most,0,,1,Most,1,Most,Not found,not found,,NotFound,ALEMTUZUMAB,ALEMTUZUMAB,,,not_found | variants_tried=1,,,
ALENDRONATE SODIUM TABLET,0,,1,Most,0,,0,,0,,0,,1,,0,,NCCCC(O)(P(=O)(O)O)P(=O)(O)O,ncccc(o)(p(=o)(o)o)p(=o)(o)o,NCCCC(O)(P(=O)(O)O)P(=O)(O)O,Original,,,,,,,,
ALFUZOSIN,1,,1,Most,1,,0,,1,Most,0,,0,,0,,COc1cc2nc(N(C)CCCNC(=O)C3CCCO3)nc(N)c2cc1OC,coc1cc2nc(n(c)cccnc(=o)c3ccco3)nc(n)c2cc1oc,COc1cc2nc(N(C)CCCNC(=O)C3CCCO3)nc(N)c2cc1OC,Original,,,,,,,,
ALFUZOSIN HCL,1,,1,Most,1,,0,,1,Most,0,,0,,0,,COc1cc2nc(N(C)CCCNC(=O)C3CCCO3)nc(N)c2cc1OC,coc1cc2nc(n(c)cccnc(=o)c3ccco3)nc(n)c2cc1oc,COc1cc2nc(N(C)CCCNC(=O)C3CCCO3)nc(N)c2cc1OC,Original,,,,,,,,
ALGLUCOSIDASE ALFA,1,Most,1,Most,0,,0,,0,,0,,1,Most,1,Most,Not found,not found,,NotFound,ALGLUCOSIDASE ALFA,ALGLUCOSIDASE ALFA,,,not_found | variants_tried=2,,,
ALIROCUMAB,0,,1,Most,0,,0,,1,,0,,0,,0,,Not found,not found,,NotFound,ALIROCUMAB,ALIROCUMAB,,,not_found | variants_tried=1,,,
ALISKIREN,0,,1,Most,1,,0,,1,,0,,0,,1,Most,COCCCOc1cc(C[C@@H](C[C@H](N)[C@@H](O)C[C@H](C(=O)NCC(C)(C)C(N)=O)C(C)C)C(C)C)ccc1OC,cocccoc1cc(c[c@@h](c[c@h](n)[c@@h](o)c[c@h](c(=o)ncc(c)(c)c(n)=o)c(c)c)c(c)c)ccc1oc,COCCCOc1cc(C[C@@H](C[C@H](N)[C@@H](O)C[C@H](C(=O)NCC(C)(C)C(N)=O)C(C)C)C(C)C)ccc1OC,Original,,,,,,,,
ALISKIREN HEMIFUMARATE,0,,1,Most,1,,0,,0,,0,,0,,1,Most,COCCCOc1cc(CC(CC(N)C(O)CC(C(=O)NCC(C)(C)C(N)=O)C(C)C)C(C)C)ccc1OC.COCCCOc1cc(CC(CC(N)C(O)CC(C(=O)NCC(C)(C)C(N)=O)C(C)C)C(C)C)ccc1OC.O=C(O)C=CC(=O)O,cocccoc1cc(cc(cc(n)c(o)cc(c(=o)ncc(c)(c)c(n)=o)c(c)c)c(c)c)ccc1oc.cocccoc1cc(cc(cc(n)c(o)cc(c(=o)ncc(c)(c)c(n)=o)c(c)c)c(c)c)ccc1oc.o=c(o)c=cc(=o)o,COCCCOc1cc(CC(CC(N)C(O)CC(C(=O)NCC(C)(C)C(N)=O)C(C)C)C(C)C)ccc1OC.COCCCOc1cc(CC(CC(N)C(O)CC(C(=O)NCC(C)(C)C(N)=O)C(C)C)C(C)C)ccc1OC.O=C(O)C=CC(=O)O,Original,,,,,,,,
ALLOGENIC THYMOCYTE-DEPLETED THYMUS TISSUE-AGDC,0,,1,Most,1,Most,0,,1,,0,,1,,1,Most,Not found,not found,CN[C@H]1C(=O)N[C@@H]2Cc3ccc(cc3)Oc3cc4cc(c3O[C@@H]3O[C@H](C(=O)O)[C@@H](O)[C@H](O)[C@H]3NC(=O)CCCCCCCCC(C)C)Oc3ccc(cc3Cl)[C@@H](O)[C@@H]3NC(=O)[C@H](NC(=O)[C@@H]4NC(=O)[C@@H](NC2=O)c2cc(cc(O)c2Cl)Oc2cc1ccc2O)c1ccc(O)c(c1)-c1c(O[C@H]2O[C@H](CO)[C@@H](O)[C@H](O)[C@@H]2O)cc(O)cc1[C@@H](C(=O)NCCCN(C)C)NC3=O.Cl,ChEMBL,ALLOGENIC THYMOCYTE-DEPLETED THYMUS TISSUE-AGDC,ALLOGENIC THYMOCYTE-DEPLETED THYMUS TISSUE-AGDC,CN[C@H]1C(=O)N[C@@H]2Cc3ccc(cc3)Oc3cc4cc(c3O[C@@H]3O[C@H](C(=O)O)[C@@H](O)[C@H](O)[C@H]3NC(=O)CCCCCCCCC(C)C)Oc3ccc(cc3Cl)[C@@H](O)[C@@H]3NC(=O)[C@H](NC(=O)[C@@H]4NC(=O)[C@@H](NC2=O)c2cc(cc(O)c2Cl)Oc2cc1ccc2O)c1ccc(O)c(c1)-c1c(O[C@H]2O[C@H](CO)[C@@H](O)[C@H](O)[C@@H]2O)cc(O)cc1[C@@H](C(=O)NCCCN(C)C)NC3=O.Cl,ChEMBL,found_chembl | variants_tried=4,,,
ALLOPURINOL SODIUM,0,,1,Most,1,Most,0,,1,Most,0,,0,,1,Most,O=c1[nH]cnc2[nH]ncc12,o=c1[nh]cnc2[nh]ncc12,O=c1[nH]cnc2[nH]ncc12,Original,,,,,,,,
ALMOTRIPTAN MALATE,1,Most,1,Most,0,,1,Most,1,,0,,0,,0,,CN(C)CCc1c[nH]c2ccc(CS(=O)(=O)N3CCCC3)cc12.O=C(O)CC(O)C(=O)O,cn(c)ccc1c[nh]c2ccc(cs(=o)(=o)n3cccc3)cc12.o=c(o)cc(o)c(=o)o,CN(C)CCc1c[nH]c2ccc(CS(=O)(=O)N3CCCC3)cc12.O=C(O)CC(O)C(=O)O,Original,,,,,,,,
ALOGLIPTIN,1,,1,Most,0,,0,,1,Most,0,,0,,1,Most,Cn1c(=O)cc(N2CCC[C@@H](N)C2)n(Cc2ccccc2C#N)c1=O,cn1c(=o)cc(n2ccc[c@@h](n)c2)n(cc2ccccc2c#n)c1=o,Cn1c(=O)cc(N2CCC[C@@H](N)C2)n(Cc2ccccc2C#N)c1=O,Original,,,,,,,,
ALOSETRON,0,,1,Most,0,,0,,1,,0,,0,,0,,Cc1[nH]cnc1CN1CCc2c(c3ccccc3n2C)C1=O,cc1[nh]cnc1cn1ccc2c(c3ccccc3n2c)c1=o,Cc1[nH]cnc1CN1CCc2c(c3ccccc3n2C)C1=O,Original,,,,,,,,
ALPRAZOLAM C-IV,1,,1,Most,0,,0,,1,Most,0,,1,Most,0,,Cc1nnc2n1-c1ccc(Cl)cc1C(c1ccccc1)=NC2,cc1nnc2n1-c1ccc(cl)cc1c(c1ccccc1)=nc2,Cc1nnc2n1-c1ccc(Cl)cc1C(c1ccccc1)=NC2,Original,,,,,,,,
ALTEPLASE,1,Most,1,,1,Most,0,,0,,0,,1,Most,0,,Not found,not found,,NotFound,ALTEPLASE,ALTEPLASE,,,not_found | variants_tried=1,,,
AMANTADINE HCL,1,Most,1,,1,Most,1,,0,,0,,1,Most,1,Most,NC12CC3CC(CC(C3)C1)C2,nc12cc3cc(cc(c3)c1)c2,NC12CC3CC(CC(C3)C1)C2,Original,,,,,,,,
AMIDATE(TM) ETOMIDATE,1,,0,,0,,0,,0,,0,,0,,0,,CCOC(=O)c1cncn1C(C)c1ccccc1,ccoc(=o)c1cncn1c(c)c1ccccc1,CCOC(=O)c1cncn1C(C)c1ccccc1,Original,,,,,,,,
AMINOLEVULINIC ACID HYDROCHLORIDE,0,,1,Most,1,,0,,0,,0,,0,,0,,NCC(=O)CCC(=O)O,ncc(=o)ccc(=o)o,NCC(=O)CCC(=O)O,Original,,,,,,,,
AMIODARONE HCI,1,Most,1,Most,1,Most,1,,1,Most,0,,1,Most,1,,CCCCc1oc2ccccc2c1C(=O)c1cc(I)c(OCCN(CC)CC)c(I)c1,ccccc1oc2ccccc2c1c(=o)c1cc(i)c(occn(cc)cc)c(i)c1,CCCCc1oc2ccccc2c1C(=O)c1cc(I)c(OCCN(CC)CC)c(I)c1,Original,,,,,,,,
AMITRIPTYLINE HCL,1,Most,1,Most,1,Most,0,,1,,0,,0,,0,,CN(C)CCC=C1c2ccccc2CCc2ccccc21,cn(c)ccc=c1c2ccccc2ccc2ccccc21,CN(C)CCC=C1c2ccccc2CCc2ccccc21,Original,,,,,,,,
AMIVANTAMAB,0,,1,Most,1,Most,0,,1,,0,,1,Most,0,,Not found,not found,,NotFound,AMIVANTAMAB,AMIVANTAMAB,,,not_found | variants_tried=1,,,
AMMONIA N 13,0,,0,,0,,0,,0,,0,,0,,0,,[13NH3],[13nh3],[13NH3],Original,,,,,,,,
AMOXICILLAN,0,,1,Most,1,Most,0,,1,,0,,0,,1,Most,CC1(C)SC2C(NC(=O)C(N)c3ccc(O)cc3)C(=O)N2C1C(=O)O,cc1(c)sc2c(nc(=o)c(n)c3ccc(o)cc3)c(=o)n2c1c(=o)o,CC1(C)SC2C(NC(=O)C(N)c3ccc(O)cc3)C(=O)N2C1C(=O)O,Original,,,,,,,,
AMOXICILLIN ORAL SUSP,0,,1,Most,1,Most,0,,1,,0,,0,,1,Most,CC1(C)SC2C(NC(=O)C(N)c3ccc(O)cc3)C(=O)N2C1C(=O)O,cc1(c)sc2c(nc(=o)c(n)c3ccc(o)cc3)c(=o)n2c1c(=o)o,CC1(C)SC2C(NC(=O)C(N)c3ccc(O)cc3)C(=O)N2C1C(=O)O,Original,,,,,,,,
"AMOXICILLIN POWDER, FOR SUSPENSION",0,,1,Most,1,,0,,1,,0,,0,,1,Most,CC1(C)SC2C(NC(=O)C(N)c3ccc(O)cc3)C(=O)N2C1C(=O)O,cc1(c)sc2c(nc(=o)c(n)c3ccc(o)cc3)c(=o)n2c1c(=o)o,CC1(C)SC2C(NC(=O)C(N)c3ccc(O)cc3)C(=O)N2C1C(=O)O,Original,,,,,,,,
"AMOXICILLIN TABLET, FILM COATED",0,,1,Most,1,,0,,1,,0,,0,,1,Most,CC1(C)SC2C(NC(=O)C(N)c3ccc(O)cc3)C(=O)N2C1C(=O)O,cc1(c)sc2c(nc(=o)c(n)c3ccc(o)cc3)c(=o)n2c1c(=o)o,CC1(C)SC2C(NC(=O)C(N)c3ccc(O)cc3)C(=O)N2C1C(=O)O,Original,,,,,,,,
AMPHETAMINE SULFATE TABLETS,1,Most,1,Most,0,,0,,0,,0,,0,,0,,CC(N)Cc1ccccc1.CC(N)Cc1ccccc1,cc(n)cc1ccccc1.cc(n)cc1ccccc1,CC(N)Cc1ccccc1.CC(N)Cc1ccccc1,Original,,,,,,,,
AMPICILLIN INJECTION,0,,1,Most,1,Most,0,,0,,0,,0,,0,,CC1(C)SC2C(NC(=O)C(N)c3ccccc3)C(=O)N2C1C(=O)O,cc1(c)sc2c(nc(=o)c(n)c3ccccc3)c(=o)n2c1c(=o)o,CC1(C)SC2C(NC(=O)C(N)c3ccccc3)C(=O)N2C1C(=O)O,Original,,,,,,,,
AMPICILLIN; AMPICILLIN SODIUM,0,,1,Most,1,Most,0,,0,,0,,0,,0,,Not found,not found,CC1(C)S[C@@H]2[C@H](NC(=O)[C@H](N)c3ccccc3)C(=O)N2[C@H]1C(=O)[O-].[Na+],ChEMBL,,,,,,,,
ANAGRELIDE,1,Most,1,,1,Most,1,Most,1,Most,0,,1,Most,1,Most,O=C1CN2Cc3c(ccc(Cl)c3Cl)N=C2N1,o=c1cn2cc3c(ccc(cl)c3cl)n=c2n1,O=C1CN2Cc3c(ccc(Cl)c3Cl)N=C2N1,Original,,,,,,,,
ANAKINRA,0,,1,Most,1,Most,0,,1,,0,,0,,0,,Not found,not found,C=CC1=C(C(=O)O)N2C(=O)[C@@H](NC(=O)/C(=N\OCOC(=O)C(C)(C)C)c3csc(N)n3)C2SC1,ChEMBL,ANAKINRA,ANAKINRA,C=CC1=C(C(=O)O)N2C(=O)[C@@H](NC(=O)/C(=N\OCOC(=O)C(C)(C)C)c3csc(N)n3)C2SC1,ChEMBL,found_chembl | variants_tried=1,,,
ANASTROZOLE TABLETS,1,Most,1,Most,1,Most,1,Most,1,Most,0,,0,,0,,CC(C)(C#N)c1cc(Cn2cncn2)cc(C(C)(C)C#N)c1,cc(c)(c#n)c1cc(cn2cncn2)cc(c(c)(c)c#n)c1,CC(C)(C#N)c1cc(Cn2cncn2)cc(C(C)(C)C#N)c1,Original,,,,,,,,
ANIFROLUMAB,0,,1,Most,0,,0,,0,,0,,0,,0,,Not found,not found,,NotFound,ANIFROLUMAB,ANIFROLUMAB,,,not_found | variants_tried=1,,,
ANSUVIMAB,0,,0,,0,,0,,0,,0,,0,,0,,Not found,not found,,NotFound,ANSUVIMAB,ANSUVIMAB,,,not_found | variants_tried=1,,,
ANTI-INHIBITOR COAGULANT COMPLEX,1,Most,1,Most,1,Most,0,,0,,0,,1,Most,0,,Not found,not found,CC(=O)N[C@@H](CC(C)C)C(=O)N[C@@H](CCC(=O)O)C(=O)N[C@@H](Cc1cnc[nH]1)C(=O)N[C@H](C=O)CC(=O)O.O=C(O)C(F)(F)F,ChEMBL,ANTI-INHIBITOR COAGULANT COMPLEX,ANTI-INHIBITOR COAGULANT COMPLEX,CC(=O)N[C@@H](CC(C)C)C(=O)N[C@@H](CCC(=O)O)C(=O)N[C@@H](Cc1cnc[nH]1)C(=O)N[C@H](C=O)CC(=O)O.O=C(O)C(F)(F)F,ChEMBL,found_chembl | variants_tried=4,,,
ANTI-THYMOCYTE GLOBULIN (RABBIT),1,Most,1,Most,1,Most,0,,0,,0,,1,Most,0,,Not found,not found,N[C@@H]1C[C@@]23CCCC[C@@]2(CCC3)C1,ChEMBL,ANTI-THYMOCYTE GLOBULIN (RABBIT),ANTI-THYMOCYTE GLOBULIN (RABBIT),,,not_found | variants_tried=4,N[C@@H]1C[C@@]23CCCC[C@@]2(CCC3)C1,ChEMBL,query='ANTI' via chembl | tried=3
ANTICOAGULANT CITRATE PHOSPHATE DOUBLE DEXTROSE,0,,0,,0,,0,,0,,0,,0,,0,,OCC1OC(O)C(O)C(O)C1O,occ1oc(o)c(o)c(o)c1o,OCC1OC(O)C(O)C(O)C1O,Original,,,,,,,,
"ANTIHEMOPHILIC FACTOR (RECOMBINANT), FC-VWF-XTEN FUSION PROTEIN-EHTL",0,,1,,0,,0,,0,,0,,0,,0,,Not found,not found,CCCCCCCCCCCCCCCCOC[C@H](COP(=O)([O-])OCC[N+](C)(C)C)OC(C)=O,ChEMBL,ANTIHEMOPHILIC FACTOR,"ANTIHEMOPHILIC FACTOR (RECOMBINANT), FC-VWF-XTEN FUSION PROTEIN-EHTL",CCCCCCCCCCCCCCCCOC[C@H](COP(=O)([O-])OCC[N+](C)(C)C)OC(C)=O,ChEMBL,found_chembl | variants_tried=4,,,
APADAMTASE ALFA,0,,1,Most,0,,0,,0,,0,,0,,0,,Not found,not found,,NotFound,APADAMTASE ALFA,APADAMTASE ALFA,,,not_found | variants_tried=2,,,
APRACLONIDINE HYDROCHLORIDE,1,,1,,0,,0,,0,,0,,0,,0,,Nc1cc(Cl)c(N=C2NCCN2)c(Cl)c1,nc1cc(cl)c(n=c2nccn2)c(cl)c1,Nc1cc(Cl)c(N=C2NCCN2)c(Cl)c1,Original,,,,,,,,
APRACLONIDINE HYDROCHLORIDE OPHTHALMIC SOLUTION,1,,1,,0,,0,,0,,0,,0,,0,,Nc1cc(Cl)c(NC2=NCCN2)c(Cl)c1,nc1cc(cl)c(nc2=nccn2)c(cl)c1,Nc1cc(Cl)c(NC2=NCCN2)c(Cl)c1,Original,,,,,,,,
APROCITENTAN,0,,1,,1,Most,1,Most,1,Most,0,,0,,0,,NS(=O)(=O)Nc1ncnc(OCCOc2ncc(Br)cn2)c1-c1ccc(Br)cc1,ns(=o)(=o)nc1ncnc(occoc2ncc(br)cn2)c1-c1ccc(br)cc1,NS(=O)(=O)Nc1ncnc(OCCOc2ncc(Br)cn2)c1-c1ccc(Br)cc1,Original,,,,,,,,
ARIPIPRAZOLE ORAL,1,Most,1,Most,1,Most,0,,0,,0,,0,,0,,O=C1CCc2ccc(OCCCCN3CCN(c4cccc(Cl)c4Cl)CC3)cc2N1,o=c1ccc2ccc(occccn3ccn(c4cccc(cl)c4cl)cc3)cc2n1,O=C1CCc2ccc(OCCCCN3CCN(c4cccc(Cl)c4Cl)CC3)cc2N1,Original,,,,,,,,
ARIPIPRAZOLE ORALLY DISINTEGRATING,1,Most,1,,1,Most,0,,0,,0,,0,,0,,O=C1CCc2ccc(OCCCCN3CCN(c4cccc(Cl)c4Cl)CC3)cc2N1,o=c1ccc2ccc(occccn3ccn(c4cccc(cl)c4cl)cc3)cc2n1,O=C1CCc2ccc(OCCCCN3CCN(c4cccc(Cl)c4Cl)CC3)cc2N1,Original,,,,,,,,
ARMODAFINIL,1,Most,1,Most,1,,0,,1,Most,0,,0,,0,,NC(=O)C[S@@+]([O-])C(c1ccccc1)c1ccccc1,nc(=o)c[s@@+]([o-])c(c1ccccc1)c1ccccc1,NC(=O)C[S@@+]([O-])C(c1ccccc1)c1ccccc1,Original,,,,,,,,
ASENAPINE,1,Most,1,Most,1,Most,1,,1,,0,,0,,0,,CN1CC2c3ccccc3Oc3ccc(Cl)cc3C2C1,cn1cc2c3ccccc3oc3ccc(cl)cc3c2c1,CN1CC2c3ccccc3Oc3ccc(Cl)cc3C2C1,Original,,,,,,,,
ASFOTASE ALFA,0,,1,Most,0,,0,,0,,0,,0,,0,,Not found,not found,,NotFound,ASFOTASE ALFA,ASFOTASE ALFA,,,not_found | variants_tried=2,,,
ASPARAGINASE ERWINIA CHRYSANTHEMI (RECOMBINANT)-RYWN,0,,1,Most,1,Most,0,,1,Most,0,,1,,1,,Not found,not found,,NotFound,ASPARAGINASE ERWINIA CHRYSANTHEMI (RECOMBINANT)-RYWN,ASPARAGINASE ERWINIA CHRYSANTHEMI (RECOMBINANT)-RYWN,,,not_found | variants_tried=4,,None,"no_hit | variants=['ASPARAGINASE ERWINIA CHRYSANTHEMI RYWN', 'ASPARAGINASE', 'ASPARAGINASE ERWINIA', 'ASPARAGINASE ERWINIA CHRYSANTHEMI']"
ATAZANAVIR SULFATE,1,Most,1,Most,1,Most,0,,1,Most,0,,0,,1,,COC(=O)N[C@H](C(=O)N[C@@H](Cc1ccccc1)[C@@H](O)CN(Cc1ccc(-c2ccccn2)cc1)NC(=O)[C@@H](NC(=O)OC)C(C)(C)C)C(C)(C)C,coc(=o)n[c@h](c(=o)n[c@@h](cc1ccccc1)[c@@h](o)cn(cc1ccc(-c2ccccn2)cc1)nc(=o)[c@@h](nc(=o)oc)c(c)(c)c)c(c)(c)c,COC(=O)N[C@H](C(=O)N[C@@H](Cc1ccccc1)[C@@H](O)CN(Cc1ccc(-c2ccccn2)cc1)NC(=O)[C@@H](NC(=O)OC)C(C)(C)C)C(C)(C)C,Original,,,,,,,,
ATEZOLIZUMAB,1,Most,1,Most,1,Most,1,Most,1,Most,0,,1,Most,1,Most,Not found,not found,CCOC(=O)/C(C#N)=C/c1cccc(C#N)c1,ChEMBL,ATEZOLIZUMAB,ATEZOLIZUMAB,CCOC(=O)/C(C#N)=C/c1cccc(C#N)c1,ChEMBL,found_chembl | variants_tried=1,,,
ATOMOXETINE,1,Most,1,,0,,0,,1,Most,0,,0,,0,,CNCC[C@@H](Oc1ccccc1C)c1ccccc1,cncc[c@@h](oc1ccccc1c)c1ccccc1,CNCC[C@@H](Oc1ccccc1C)c1ccccc1,Original,,,,,,,,
ATOMXETINE HYROCHLORIDE,1,Most,1,Most,0,,0,,1,Most,0,,0,,0,,CNCCC(Oc1ccccc1C)c1ccccc1,cnccc(oc1ccccc1c)c1ccccc1,CNCCC(Oc1ccccc1C)c1ccccc1,Original,,,,,,,,
ATORVALIQ,1,,1,Most,0,,1,,1,Most,0,,1,,1,Most,CC(C)c1c(C(=O)Nc2ccccc2)c(-c2ccccc2)c(-c2ccc(F)cc2)n1CCC(O)CC(O)CC(=O)O.CC(C)c1c(C(=O)Nc2ccccc2)c(-c2ccccc2)c(-c2ccc(F)cc2)n1CCC(O)CC(O)CC(=O)O,cc(c)c1c(c(=o)nc2ccccc2)c(-c2ccccc2)c(-c2ccc(f)cc2)n1ccc(o)cc(o)cc(=o)o.cc(c)c1c(c(=o)nc2ccccc2)c(-c2ccccc2)c(-c2ccc(f)cc2)n1ccc(o)cc(o)cc(=o)o,CC(C)c1c(C(=O)Nc2ccccc2)c(-c2ccccc2)c(-c2ccc(F)cc2)n1CCC(O)CC(O)CC(=O)O.CC(C)c1c(C(=O)Nc2ccccc2)c(-c2ccccc2)c(-c2ccc(F)cc2)n1CCC(O)CC(O)CC(=O)O,Original,,,,,,,,
ATORVASTATIN,0,,1,Most,0,,1,,1,Most,0,,1,,0,,CC(C)c1c(C(=O)Nc2ccccc2)c(-c2ccccc2)c(-c2ccc(F)cc2)n1CC[C@@H](O)C[C@@H](O)CC(=O)O,cc(c)c1c(c(=o)nc2ccccc2)c(-c2ccccc2)c(-c2ccc(f)cc2)n1cc[c@@h](o)c[c@@h](o)cc(=o)o,CC(C)c1c(C(=O)Nc2ccccc2)c(-c2ccccc2)c(-c2ccc(F)cc2)n1CC[C@@H](O)C[C@@H](O)CC(=O)O,Original,,,,,,,,
ATORVASTATIN CALCIUM TABLETS,0,,1,Most,0,,1,,1,Most,0,,1,,0,,Not found,not found,CC(C)c1n(CC[C@@H](O)C[C@@H](O)CC(O)=O)c(c2ccc(F)cc2)c(c3ccccc3)c1C(=O)Nc4ccccc4,NCI/Cactus,,,,,,,,
"ATORVASTATIN CALCIUM, COATED",1,,1,Most,0,,1,,1,Most,0,,1,,1,,CC(C)c1c(C(=O)Nc2ccccc2)c(-c2ccccc2)c(-c2ccc(F)cc2)n1CCC(O)CC(O)CC(=O)O.CC(C)c1c(C(=O)Nc2ccccc2)c(-c2ccccc2)c(-c2ccc(F)cc2)n1CCC(O)CC(O)CC(=O)O,cc(c)c1c(c(=o)nc2ccccc2)c(-c2ccccc2)c(-c2ccc(f)cc2)n1ccc(o)cc(o)cc(=o)o.cc(c)c1c(c(=o)nc2ccccc2)c(-c2ccccc2)c(-c2ccc(f)cc2)n1ccc(o)cc(o)cc(=o)o,CC(C)c1c(C(=O)Nc2ccccc2)c(-c2ccccc2)c(-c2ccc(F)cc2)n1CCC(O)CC(O)CC(=O)O.CC(C)c1c(C(=O)Nc2ccccc2)c(-c2ccccc2)c(-c2ccc(F)cc2)n1CCC(O)CC(O)CC(=O)O,Original,,,,,,,,
"ATORVASTATIN CALCIUM, FILM COATED",0,,1,Most,0,,1,,1,Most,0,,1,,1,,CC(C)c1c(C(=O)Nc2ccccc2)c(-c2ccccc2)c(-c2ccc(F)cc2)n1CCC(O)CC(O)CC(=O)O.CC(C)c1c(C(=O)Nc2ccccc2)c(-c2ccccc2)c(-c2ccc(F)cc2)n1CCC(O)CC(O)CC(=O)O,cc(c)c1c(c(=o)nc2ccccc2)c(-c2ccccc2)c(-c2ccc(f)cc2)n1ccc(o)cc(o)cc(=o)o.cc(c)c1c(c(=o)nc2ccccc2)c(-c2ccccc2)c(-c2ccc(f)cc2)n1ccc(o)cc(o)cc(=o)o,CC(C)c1c(C(=O)Nc2ccccc2)c(-c2ccccc2)c(-c2ccc(F)cc2)n1CCC(O)CC(O)CC(=O)O.CC(C)c1c(C(=O)Nc2ccccc2)c(-c2ccccc2)c(-c2ccc(F)cc2)n1CCC(O)CC(O)CC(=O)O,Original,,,,,,,,
ATORVASTATIN FILM COATED,0,,1,Most,0,,1,,1,Most,0,,1,,1,,CC(C)c1c(C(=O)Nc2ccccc2)c(-c2ccccc2)c(-c2ccc(F)cc2)n1CCC(O)CC(O)CC(=O)O.CC(C)c1c(C(=O)Nc2ccccc2)c(-c2ccccc2)c(-c2ccc(F)cc2)n1CCC(O)CC(O)CC(=O)O,cc(c)c1c(c(=o)nc2ccccc2)c(-c2ccccc2)c(-c2ccc(f)cc2)n1ccc(o)cc(o)cc(=o)o.cc(c)c1c(c(=o)nc2ccccc2)c(-c2ccccc2)c(-c2ccc(f)cc2)n1ccc(o)cc(o)cc(=o)o,CC(C)c1c(C(=O)Nc2ccccc2)c(-c2ccccc2)c(-c2ccc(F)cc2)n1CCC(O)CC(O)CC(=O)O.CC(C)c1c(C(=O)Nc2ccccc2)c(-c2ccccc2)c(-c2ccc(F)cc2)n1CCC(O)CC(O)CC(=O)O,Original,,,,,,,,
ATROPINE,1,Most,1,Most,0,,1,Most,0,,0,,1,Most,0,,CN1[C@@H]2CC[C@H]1C[C@@H](OC(=O)C(CO)c1ccccc1)C2,cn1[c@@h]2cc[c@h]1c[c@@h](oc(=o)c(co)c1ccccc1)c2,CN1[C@@H]2CC[C@H]1C[C@@H](OC(=O)C(CO)c1ccccc1)C2,Original,,,,,,,,
ATROPINE SULFATE INJECTION,1,Most,1,Most,0,,0,,0,,0,,1,Most,0,,Not found,not found,CN1C2CCC1CC(C2)OC(=O)C(CO)c3ccccc3,NCI/Cactus,,,,,,,,
AUTOLOGOUS CULTURED CHONDROCYTES,0,,1,,0,,0,,0,,0,,0,,0,,Not found,not found,,NotFound,AUTOLOGOUS CULTURED CHONDROCYTES,AUTOLOGOUS CULTURED CHONDROCYTES,,,not_found | variants_tried=3,,None,"no_hit | variants=['AUTOLOGOUS CULTURED CHONDROCYTES', 'AUTOLOGOUS', 'AUTOLOGOUS CULTURED']"
AVACINCAPTAD PEGOL,0,,0,,0,,0,,0,,0,,0,,0,,Not found,not found,,NotFound,AVACINCAPTAD PEGOL,AVACINCAPTAD PEGOL,,,not_found | variants_tried=2,,None,"no_hit | variants=['AVACINCAPTAD PEGOL', 'AVACINCAPTAD']"
AVALGLUCOSIDASE ALFA,1,,1,Most,0,,0,,0,,0,,1,Most,0,,Not found,not found,,NotFound,AVALGLUCOSIDASE ALFA,AVALGLUCOSIDASE ALFA,,,not_found | variants_tried=2,,,
AVELUMAB,1,Most,1,Most,1,Most,0,,1,Most,0,,1,Most,1,Most,Not found,not found,,NotFound,AVELUMAB,AVELUMAB,,,not_found | variants_tried=1,,,
AZACITIDINE FOR,1,,1,Most,1,Most,1,Most,1,Most,0,,1,Most,1,Most,Nc1ncn(C2OC(CO)C(O)C2O)c(=O)n1,nc1ncn(c2oc(co)c(o)c2o)c(=o)n1,Nc1ncn(C2OC(CO)C(O)C2O)c(=O)n1,Original,,,,,,,,
AZELAIC ACID,0,,1,Most,0,,0,,0,,0,,1,,0,,O=C(O)CCCCCCCC(=O)O,o=c(o)cccccccc(=o)o,O=C(O)CCCCCCCC(=O)O,Original,,,,,,,,
AZELASTINE,0,,1,,0,,1,,0,,0,,0,,0,,CN1CCCC(n2nc(Cc3ccc(Cl)cc3)c3ccccc3c2=O)CC1,cn1cccc(n2nc(cc3ccc(cl)cc3)c3ccccc3c2=o)cc1,CN1CCCC(n2nc(Cc3ccc(Cl)cc3)c3ccccc3c2=O)CC1,Original,,,,,,,,
AZELASTINE HCL,0,,1,Most,0,,1,,0,,0,,0,,0,,CN1CCCC(n2nc(Cc3ccc(Cl)cc3)c3ccccc3c2=O)CC1,cn1cccc(n2nc(cc3ccc(cl)cc3)c3ccccc3c2=o)cc1,CN1CCCC(n2nc(Cc3ccc(Cl)cc3)c3ccccc3c2=O)CC1,Original,,,,,,,,
AZELASTINE HYDROCHLORIDE,0,,1,Most,0,,1,,0,,0,,0,,0,,CN1CCCC(n2nc(Cc3ccc(Cl)cc3)c3ccccc3c2=O)CC1,cn1cccc(n2nc(cc3ccc(cl)cc3)c3ccccc3c2=o)cc1,CN1CCCC(n2nc(Cc3ccc(Cl)cc3)c3ccccc3c2=O)CC1,Original,,,,,,,,
AZELASTINE HYDROCHLORIDE OPHTHALMIC SOLUTION 0.05%,0,,0,,0,,0,,0,,0,,0,,0,,CN1CCCC(n2nc(Cc3ccc(Cl)cc3)c3ccccc3c2=O)CC1,cn1cccc(n2nc(cc3ccc(cl)cc3)c3ccccc3c2=o)cc1,CN1CCCC(n2nc(Cc3ccc(Cl)cc3)c3ccccc3c2=O)CC1,Original,,,,,,,,
AZITHROMYCIN DIHYDRATE,1,Most,1,Most,1,,1,,1,Most,1,Most,0,,1,,CCC1OC(=O)C(C)C(OC2CC(C)(OC)C(O)C(C)O2)C(C)C(OC2OC(C)CC(N(C)C)C2O)C(C)(O)CC(C)CN(C)C(C)C(O)C1(C)O,ccc1oc(=o)c(c)c(oc2cc(c)(oc)c(o)c(c)o2)c(c)c(oc2oc(c)cc(n(c)c)c2o)c(c)(o)cc(c)cn(c)c(c)c(o)c1(c)o,CCC1OC(=O)C(C)C(OC2CC(C)(OC)C(O)C(C)O2)C(C)C(OC2OC(C)CC(N(C)C)C2O)C(C)(O)CC(C)CN(C)C(C)C(O)C1(C)O,Original,,,,,,,,
AZITHROMYCIN MONOHYDRATE,0,,1,,0,,0,,0,,0,,0,,0,,CC[C@H]1OC(=O)[C@H](C)[C@@H](O[C@H]2C[C@@](C)(OC)[C@@H](O)[C@H](C)O2)[C@H](C)[C@@H](O[C@@H]2O[C@H](C)C[C@H](N(C)C)[C@H]2O)[C@](C)(O)C[C@@H](C)CN(C)[C@H](C)[C@@H](O)[C@]1(C)O,cc[c@h]1oc(=o)[c@h](c)[c@@h](o[c@h]2c[c@@](c)(oc)[c@@h](o)[c@h](c)o2)[c@h](c)[c@@h](o[c@@h]2o[c@h](c)c[c@h](n(c)c)[c@h]2o)[c@](c)(o)c[c@@h](c)cn(c)[c@h](c)[c@@h](o)[c@]1(c)o,CC[C@H]1OC(=O)[C@H](C)[C@@H](O[C@H]2C[C@@](C)(OC)[C@@H](O)[C@H](C)O2)[C@H](C)[C@@H](O[C@@H]2O[C@H](C)C[C@H](N(C)C)[C@H]2O)[C@](C)(O)C[C@@H](C)CN(C)[C@H](C)[C@@H](O)[C@]1(C)O,Original,,,,,,,,
AZITHROMYCIN; AZITHROMYCIN DIHYDRATE,1,Most,1,Most,1,,1,,1,Most,1,Most,0,,1,,Not found,not found,CC[C@@H]1OC(=O)[C@H](C)[C@@H](O[C@@H]2C[C@](C)(OC)[C@H](O)[C@@H](C)O2)[C@@H](C)[C@@H](O[C@@H]2O[C@H](C)C[C@H](N(C)C)[C@H]2O)[C@](C)(O)C[C@@H](C)CN(C)[C@H](C)[C@@H](O)[C@]1(C)O,ChEMBL,,,,,,,,
BACILLUS CALMETTE-GUERIN,0,,1,,1,Most,0,,1,Most,0,,1,Most,1,,Cc1c(C2(c3cc(Br)c(O)c(Br)c3C)OS(=O)(=O)c3ccccc32)cc(Br)c(O)c1Br,cc1c(c2(c3cc(br)c(o)c(br)c3c)os(=o)(=o)c3ccccc32)cc(br)c(o)c1br,Cc1c(C2(c3cc(Br)c(O)c(Br)c3C)OS(=O)(=O)c3ccccc32)cc(Br)c(O)c1Br,Original,,,,,,,,
BACITRACIN,0,,1,,0,,0,,0,,0,,0,,0,,CC[C@H](C)[C@H](N)C1=N[C@H](C(=O)N[C@@H](CC(C)C)C(=O)N[C@H](CCC(=O)O)C(=O)N[C@H](C(=O)N[C@H]2CCCCNC(=O)[C@H](CC(N)=O)NC(=O)[C@@H](CC(=O)O)NC(=O)[C@H](Cc3cnc[nH]3)NC(=O)[C@@H](Cc3ccccc3)NC(=O)[C@H]([C@@H](C)CC)NC(=O)[C@@H](CCCN)NC2=O)[C@@H](C)CC)CS1,cc[c@h](c)[c@h](n)c1=n[c@h](c(=o)n[c@@h](cc(c)c)c(=o)n[c@h](ccc(=o)o)c(=o)n[c@h](c(=o)n[c@h]2ccccnc(=o)[c@h](cc(n)=o)nc(=o)[c@@h](cc(=o)o)nc(=o)[c@h](cc3cnc[nh]3)nc(=o)[c@@h](cc3ccccc3)nc(=o)[c@h]([c@@h](c)cc)nc(=o)[c@@h](cccn)nc2=o)[c@@h](c)cc)cs1,CC[C@H](C)[C@H](N)C1=N[C@H](C(=O)N[C@@H](CC(C)C)C(=O)N[C@H](CCC(=O)O)C(=O)N[C@H](C(=O)N[C@H]2CCCCNC(=O)[C@H](CC(N)=O)NC(=O)[C@@H](CC(=O)O)NC(=O)[C@H](Cc3cnc[nH]3)NC(=O)[C@@H](Cc3ccccc3)NC(=O)[C@H]([C@@H](C)CC)NC(=O)[C@@H](CCCN)NC2=O)[C@@H](C)CC)CS1,Original,,,,,,,,
BACLOFEN INJECTION,1,,1,Most,1,,0,,0,,0,,1,Most,0,,NCC(CC(=O)O)c1ccc(Cl)cc1,ncc(cc(=o)o)c1ccc(cl)cc1,NCC(CC(=O)O)c1ccc(Cl)cc1,Original,,,,,,,,
BACTERIOSTATIC SODIUM CHLORIDE,0,,0,,1,Most,0,,0,,0,,0,,0,,[Na+],[na+],[Na+],Original,,,,,,,,
BACTERIOSTATIC WATER,0,,0,,1,,0,,0,,0,,0,,0,,O,o,O,Original,,,,,,,,
BASILIXIMAB,1,Most,1,Most,1,,0,,0,,0,,1,Most,0,,Not found,not found,,NotFound,BASILIXIMAB,BASILIXIMAB,,,not_found | variants_tried=1,,,
BECLOMETHASONE DIPROPIONATE,0,,1,Most,0,,1,,0,,0,,0,,0,,CCC(=O)OCC(=O)[C@@]1(OC(=O)CC)[C@@H](C)C[C@H]2[C@@H]3CCC4=CC(=O)C=C[C@]4(C)[C@@]3(Cl)[C@@H](O)C[C@@]21C,ccc(=o)occ(=o)[c@@]1(oc(=o)cc)[c@@h](c)c[c@h]2[c@@h]3ccc4=cc(=o)c=c[c@]4(c)[c@@]3(cl)[c@@h](o)c[c@@]21c,CCC(=O)OCC(=O)[C@@]1(OC(=O)CC)[C@@H](C)C[C@H]2[C@@H]3CCC4=CC(=O)C=C[C@]4(C)[C@@]3(Cl)[C@@H](O)C[C@@]21C,Original,,,,,,,,
BECLOMETHASONE DIPROPIONATE MONOHYDRATE,0,,1,Most,0,,1,,0,,0,,0,,0,,CCC(=O)OCC(=O)C1(OC(=O)CC)C(C)CC2C3CCC4=CC(=O)C=CC4(C)C3(Cl)C(O)CC21C,ccc(=o)occ(=o)c1(oc(=o)cc)c(c)cc2c3ccc4=cc(=o)c=cc4(c)c3(cl)c(o)cc21c,CCC(=O)OCC(=O)C1(OC(=O)CC)C(C)CC2C3CCC4=CC(=O)C=CC4(C)C3(Cl)C(O)CC21C,Original,,,,,,,,
BELANTAMAB,0,,0,,1,Most,1,Most,1,,0,,1,,0,,Not found,not found,,NotFound,BELANTAMAB,BELANTAMAB,,,not_found | variants_tried=1,,,
BELATACEPT,0,,1,,1,Most,0,,1,Most,0,,0,,1,Most,Not found,not found,,NotFound,BELATACEPT,BELATACEPT,,,not_found | variants_tried=1,,,
BELIMUMAB,0,,1,Most,1,,0,,0,,0,,0,,0,,Not found,not found,,NotFound,BELIMUMAB,BELIMUMAB,,,not_found | variants_tried=1,,,
BENAZEPRIL; BENAZEPRIL HYDROCHLORIDE,1,,1,Most,1,,0,,1,Most,0,,1,,1,Most,Not found,not found,CCOC(=O)[C@H](CCc1ccccc1)N[C@H]1CCc2ccccc2N(CC(=O)O)C1=O,ChEMBL,,,,,,,,
BENDAMUSTINE HCL,1,Most,1,Most,1,Most,1,Most,1,Most,0,,1,Most,1,Most,Cn1c(CCCC(=O)O)nc2cc(N(CCCl)CCCl)ccc21,cn1c(cccc(=o)o)nc2cc(n(cccl)cccl)ccc21,Cn1c(CCCC(=O)O)nc2cc(N(CCCl)CCCl)ccc21,Original,,,,,,,,
BENRALIZUMAB,0,,1,,1,,0,,0,,0,,0,,0,,Not found,not found,,NotFound,BENRALIZUMAB,BENRALIZUMAB,,,not_found | variants_tried=1,,,
BENZTROPINE,1,,1,,0,,0,,0,,0,,0,,0,,CN1[C@@H]2CC[C@H]1C[C@@H](OC(c1ccccc1)c1ccccc1)C2,cn1[c@@h]2cc[c@h]1c[c@@h](oc(c1ccccc1)c1ccccc1)c2,CN1[C@@H]2CC[C@H]1C[C@@H](OC(c1ccccc1)c1ccccc1)C2,Original,,,,,,,,
BENZTROPINE MESYLATE,1,,1,Most,0,,0,,0,,0,,0,,0,,CN1[C@@H]2CC[C@H]1C[C@@H](OC(c1ccccc1)c1ccccc1)C2,cn1[c@@h]2cc[c@h]1c[c@@h](oc(c1ccccc1)c1ccccc1)c2,CN1[C@@H]2CC[C@H]1C[C@@H](OC(c1ccccc1)c1ccccc1)C2,Original,,,,,,,,
BEPOTASTINE BESILATE,0,,1,,0,,1,,0,,0,,0,,0,,O=C(O)CCCN1CCC(OC(c2ccc(Cl)cc2)c2ccccn2)CC1.O=S(=O)(O)c1ccccc1,o=c(o)cccn1ccc(oc(c2ccc(cl)cc2)c2ccccn2)cc1.o=s(=o)(o)c1ccccc1,O=C(O)CCCN1CCC(OC(c2ccc(Cl)cc2)c2ccccn2)CC1.O=S(=O)(O)c1ccccc1,Original,,,,,,,,
BEPOTASTINE BESILATE OPHTHALMIC SOLUTION 1.5%,0,,1,,0,,1,,0,,0,,0,,0,,O=C(O)CCCN1CCC(OC(c2ccc(Cl)cc2)c2ccccn2)CC1.O=S(=O)(O)c1ccccc1,o=c(o)cccn1ccc(oc(c2ccc(cl)cc2)c2ccccn2)cc1.o=s(=o)(o)c1ccccc1,O=C(O)CCCN1CCC(OC(c2ccc(Cl)cc2)c2ccccn2)CC1.O=S(=O)(O)c1ccccc1,Original,,,,,,,,
BERACTANT,0,,0,,0,,0,,0,,0,,0,,0,,Not found,not found,,NotFound,BERACTANT,BERACTANT,,,not_found | variants_tried=1,,None,no_hit | variants=['BERACTANT']
BESIFLOXACIN,0,,0,,0,,0,,0,,0,,0,,0,,N[C@@H]1CCCCN(c2c(F)cc3c(=O)c(C(=O)O)cn(C4CC4)c3c2Cl)C1,n[c@@h]1ccccn(c2c(f)cc3c(=o)c(c(=o)o)cn(c4cc4)c3c2cl)c1,N[C@@H]1CCCCN(c2c(F)cc3c(=O)c(C(=O)O)cn(C4CC4)c3c2Cl)C1,Original,,,,,,,,
BETAINE ANHYDROUS,0,,1,,0,,0,,0,,0,,0,,0,,C[N+](C)(C)CC(=O)[O-],c[n+](c)(c)cc(=o)[o-],C[N+](C)(C)CC(=O)[O-],Original,,,,,,,,
BETAMETHASONE VALERATE,0,,1,Most,0,,0,,0,,0,,0,,0,,CCCCC(=O)O[C@]1(C(=O)CO)[C@@H](C)C[C@H]2[C@@H]3CCC4=CC(=O)C=C[C@]4(C)[C@@]3(F)[C@@H](O)C[C@@]21C,ccccc(=o)o[c@]1(c(=o)co)[c@@h](c)c[c@h]2[c@@h]3ccc4=cc(=o)c=c[c@]4(c)[c@@]3(f)[c@@h](o)c[c@@]21c,CCCCC(=O)O[C@]1(C(=O)CO)[C@@H](C)C[C@H]2[C@@H]3CCC4=CC(=O)C=C[C@]4(C)[C@@]3(F)[C@@H](O)C[C@@]21C,Original,,,,,,,,
BETAXOLOL,1,Most,1,Most,0,,0,,0,,0,,1,,1,,CC(C)NCC(O)COc1ccc(CCOCC2CC2)cc1,cc(c)ncc(o)coc1ccc(ccocc2cc2)cc1,CC(C)NCC(O)COc1ccc(CCOCC2CC2)cc1,Original,,,,,,,,
BETAXOLOL HYDROCHLORIDE,1,Most,1,,0,,0,,0,,0,,1,Most,0,,CC(C)NCC(O)COc1ccc(CCOCC2CC2)cc1,cc(c)ncc(o)coc1ccc(ccocc2cc2)cc1,CC(C)NCC(O)COc1ccc(CCOCC2CC2)cc1,Original,,,,,,,,
BETHANECHOL CHLORIDE 10 MG; BETHANECHOL CHLORIDE 25 MG; BETHANECHOL CHLORIDE 5 MG; BETHANECHOL CHLORIDE 50 MG,1,Most,1,,0,,0,,0,,0,,1,,0,,Not found,not found,CC(C[N+](C)(C)C)OC(N)=O.[Cl-],ChEMBL,BETHANECHOL CHLORIDE 10 MG; BETHANECHOL CHLORIDE 25 MG; BETHANECHOL CHLORIDE 5 MG; BETHANECHOL CHLORIDE 50 MG,BETHANECHOL CHLORIDE 10 MG; BETHANECHOL CHLORIDE 25 MG; BETHANECHOL CHLORIDE 5 MG; BETHANECHOL CHLORIDE 50 MG,CC(C[N+](C)(C)C)OC(N)=O.[Cl-],ChEMBL,found_chembl | variants_tried=4,,,
BEVACIZUMAB,1,Most,1,Most,1,Most,1,Most,1,Most,0,,1,Most,1,Most,Not found,not found,COc1ccc([C@H]2CNC(=O)C2)cc1OC1CCCC1,ChEMBL,BEVACIZUMAB,BEVACIZUMAB,COc1ccc([C@H]2CNC(=O)C2)cc1OC1CCCC1,ChEMBL,found_chembl | variants_tried=1,,,
BEVACIZUMAB-ADCD,1,Most,1,Most,1,Most,1,Most,0,,0,,1,Most,1,Most,Not found,not found,COc1ccc([C@H]2CNC(=O)C2)cc1OC1CCCC1,ChEMBL,BEVACIZUMAB-ADCD,BEVACIZUMAB-ADCD,COc1ccc([C@H]2CNC(=O)C2)cc1OC1CCCC1,ChEMBL,found_chembl | variants_tried=3,,,
BEVACIZUMAB-AWWB,1,Most,1,Most,1,Most,1,Most,0,,0,,1,Most,1,Most,Not found,not found,COc1ccc([C@H]2CNC(=O)C2)cc1OC1CCCC1,ChEMBL,BEVACIZUMAB-AWWB,BEVACIZUMAB-AWWB,COc1ccc([C@H]2CNC(=O)C2)cc1OC1CCCC1,ChEMBL,found_chembl | variants_tried=3,,,
BEVACIZUMAB-BVZR,1,Most,1,Most,1,Most,1,Most,0,,0,,1,Most,1,Most,Not found,not found,COc1ccc([C@H]2CNC(=O)C2)cc1OC1CCCC1,ChEMBL,BEVACIZUMAB-BVZR,BEVACIZUMAB-BVZR,COc1ccc([C@H]2CNC(=O)C2)cc1OC1CCCC1,ChEMBL,found_chembl | variants_tried=3,,,
BEVACIZUMAB-MALY,1,Most,1,Most,1,Most,1,Most,0,,0,,1,Most,1,Most,Not found,not found,COc1ccc([C@H]2CNC(=O)C2)cc1OC1CCCC1,ChEMBL,BEVACIZUMAB-MALY,BEVACIZUMAB-MALY,COc1ccc([C@H]2CNC(=O)C2)cc1OC1CCCC1,ChEMBL,found_chembl | variants_tried=3,,,
BEXAGLIFLOZIN,0,,1,Most,0,,0,,0,,0,,0,,1,Most,OC[C@H]1O[C@@H](c2ccc(Cl)c(Cc3ccc(OCCOC4CC4)cc3)c2)[C@H](O)[C@@H](O)[C@@H]1O,oc[c@h]1o[c@@h](c2ccc(cl)c(cc3ccc(occoc4cc4)cc3)c2)[c@h](o)[c@@h](o)[c@@h]1o,OC[C@H]1O[C@@H](c2ccc(Cl)c(Cc3ccc(OCCOC4CC4)cc3)c2)[C@H](O)[C@@H](O)[C@@H]1O,Original,,,,,,,,
BEZLOTOXUMAB,1,Most,0,,0,,0,,0,,0,,0,,0,,Not found,not found,,NotFound,BEZLOTOXUMAB,BEZLOTOXUMAB,,,not_found | variants_tried=1,,,
BIMATOPROST,0,,0,,0,,0,,0,,0,,0,,0,,CCNC(=O)CCC/C=C\C[C@@H]1[C@@H](/C=C/[C@@H](O)CCc2ccccc2)[C@H](O)C[C@@H]1O,ccnc(=o)ccc/c=c\c[c@@h]1[c@@h](/c=c/[c@@h](o)ccc2ccccc2)[c@h](o)c[c@@h]1o,CCNC(=O)CCC/C=C\C[C@@H]1[C@@H](/C=C/[C@@H](O)CCc2ccccc2)[C@H](O)C[C@@H]1O,Original,,,,,,,,
BIMEKIZUMAB,0,,1,Most,1,,0,,1,,0,,0,,0,,Not found,not found,,NotFound,BIMEKIZUMAB,BIMEKIZUMAB,,,not_found | variants_tried=1,,,
BLEOMYCIN SULFATE,1,Most,1,Most,1,,0,,1,,0,,1,Most,1,Most,Cc1c(N)nc(C(CC(N)=O)NCC(N)C(N)=O)nc1C(=O)NC(C(=O)NC(C)C(O)C(C)C(=O)NC(C(=O)NCCc1nc(-c2nc(C(=O)NCCC[S+](C)C)cs2)cs1)C(C)O)C(OC1OC(CO)C(O)C(O)C1OC1OC(CO)C(O)C(OC(N)=O)C1O)c1cnc[nH]1,cc1c(n)nc(c(cc(n)=o)ncc(n)c(n)=o)nc1c(=o)nc(c(=o)nc(c)c(o)c(c)c(=o)nc(c(=o)nccc1nc(-c2nc(c(=o)nccc[s+](c)c)cs2)cs1)c(c)o)c(oc1oc(co)c(o)c(o)c1oc1oc(co)c(o)c(oc(n)=o)c1o)c1cnc[nh]1,Cc1c(N)nc(C(CC(N)=O)NCC(N)C(N)=O)nc1C(=O)NC(C(=O)NC(C)C(O)C(C)C(=O)NC(C(=O)NCCc1nc(-c2nc(C(=O)NCCC[S+](C)C)cs2)cs1)C(C)O)C(OC1OC(CO)C(O)C(O)C1OC1OC(CO)C(O)C(OC(N)=O)C1O)c1cnc[nH]1,Original,,,,,,,,
BLINATUMOMAB,0,,1,Most,1,Most,0,,1,,0,,0,,0,,Not found,not found,,NotFound,BLINATUMOMAB,BLINATUMOMAB,,,not_found | variants_tried=1,,,
BORTEXOMIB,1,Most,1,Most,1,Most,1,Most,1,Most,1,Most,1,Most,1,Most,CC(C)CC(NC(=O)C(Cc1ccccc1)NC(=O)c1cnccn1)B(O)O,cc(c)cc(nc(=o)c(cc1ccccc1)nc(=o)c1cnccn1)b(o)o,CC(C)CC(NC(=O)C(Cc1ccccc1)NC(=O)c1cnccn1)B(O)O,Original,,,,,,,,
BORTEZOMIB FOR INJECTION,1,Most,1,Most,1,Most,1,Most,1,Most,1,,1,Most,1,,CC(C)CC(NC(=O)C(Cc1ccccc1)NC(=O)c1cnccn1)B(O)O,cc(c)cc(nc(=o)c(cc1ccccc1)nc(=o)c1cnccn1)b(o)o,CC(C)CC(NC(=O)C(Cc1ccccc1)NC(=O)c1cnccn1)B(O)O,Original,,,,,,,,
BOSUTINIB,1,Most,1,Most,1,Most,1,Most,1,Most,0,,1,Most,1,Most,COc1cc(Nc2c(C#N)cnc3cc(OCCCN4CCN(C)CC4)c(OC)cc23)c(Cl)cc1Cl,coc1cc(nc2c(c#n)cnc3cc(occcn4ccn(c)cc4)c(oc)cc23)c(cl)cc1cl,COc1cc(Nc2c(C#N)cnc3cc(OCCCN4CCN(C)CC4)c(OC)cc23)c(Cl)cc1Cl,Original,,,,,,,,
BOTULINUM TOXIN TYPE A,1,Most,1,,0,,1,,0,,0,,1,Most,0,,Not found,not found,CC(=O)O[C@H]1[C@H]2O[C@H]2C2=CC(=O)[C@]3(C[C@]2(C)[C@H]1C)O[C@]3(C)C=O,ChEMBL,BOTULINUM TOXIN TYPE A,BOTULINUM TOXIN TYPE A,CC(=O)O[C@H]1[C@H]2O[C@H]2C2=CC(=O)[C@]3(C[C@]2(C)[C@H]1C)O[C@]3(C)C=O,ChEMBL,found_chembl | variants_tried=3,,,
BRENTUXIMAB VEDOTIN,0,,1,Most,1,Most,1,Most,1,Most,0,,1,Most,1,Most,Not found,not found,CC[C@H](C)[C@@H]([C@@H](CC(=O)N1CCC[C@H]1[C@H](OC)[C@@H](C)C(=O)N[C@H](C)[C@@H](O)c1ccccc1)OC)N(C)C(=O)[C@@H](NC(=O)[C@H](C(C)C)N(C)C(=O)OCc1ccc(NC(=O)[C@H](CCCNC(N)=O)NC(=O)[C@@H](NC(=O)CCCCCN2C(=O)CCC2=O)C(C)C)cc1)C(C)C,ChEMBL,BRENTUXIMAB VEDOTIN,BRENTUXIMAB VEDOTIN,CC[C@H](C)[C@@H]([C@@H](CC(=O)N1CCC[C@H]1[C@H](OC)[C@@H](C)C(=O)N[C@H](C)[C@@H](O)c1ccccc1)OC)N(C)C(=O)[C@@H](NC(=O)[C@H](C(C)C)N(C)C(=O)OCc1ccc(NC(=O)[C@H](CCCNC(N)=O)NC(=O)[C@@H](NC(=O)CCCCCN2C(=O)CCC2=O)C(C)C)cc1)C(C)C,ChEMBL,found_chembl | variants_tried=2,,,
BRIMONIDINE TARTRATE,1,Most,1,Most,0,,0,,0,,0,,0,,0,,Brc1c(NC2=NCCN2)ccc2nccnc12.O=C(O)[C@H](O)[C@@H](O)C(=O)O,brc1c(nc2=nccn2)ccc2nccnc12.o=c(o)[c@h](o)[c@@h](o)c(=o)o,Brc1c(NC2=NCCN2)ccc2nccnc12.O=C(O)[C@H](O)[C@@H](O)C(=O)O,Original,,,,,,,,
"BRIMONIDINE TARTRATE OPHTHALMIC SOLUTION, 0.15%",1,Most,1,,0,,0,,0,,0,,1,,0,,Brc1c(NC2=NCCN2)ccc2nccnc12.O=C(O)C(O)C(O)C(=O)O,brc1c(nc2=nccn2)ccc2nccnc12.o=c(o)c(o)c(o)c(=o)o,Brc1c(NC2=NCCN2)ccc2nccnc12.O=C(O)C(O)C(O)C(=O)O,Original,,,,,,,,
BRINCIDOFOVIR,0,,1,Most,0,,1,Most,1,Most,0,,0,,0,,CCCCCCCCCCCCCCCCOCCCOP(=O)(O)CO[C@H](CO)Cn1ccc(N)nc1=O,ccccccccccccccccocccop(=o)(o)co[c@h](co)cn1ccc(n)nc1=o,CCCCCCCCCCCCCCCCOCCCOP(=O)(O)CO[C@H](CO)Cn1ccc(N)nc1=O,Original,,,,,,,,
BRINZOLAMIDE,0,,1,Most,1,Most,0,,1,,0,,0,,1,,CCN[C@H]1CN(CCCOC)S(=O)(=O)c2sc(S(N)(=O)=O)cc21,ccn[c@h]1cn(cccoc)s(=o)(=o)c2sc(s(n)(=o)=o)cc21,CCN[C@H]1CN(CCCOC)S(=O)(=O)c2sc(S(N)(=O)=O)cc21,Original,,,,,,,,
BRODALUMAB,0,,1,Most,1,Most,0,,0,,0,,0,,0,,Not found,not found,,NotFound,BRODALUMAB,BRODALUMAB,,,not_found | variants_tried=1,,,
BROLUCIZUMAB,1,,1,Most,0,,1,Most,0,,0,,0,,0,,Not found,not found,,NotFound,BROLUCIZUMAB,BROLUCIZUMAB,,,not_found | variants_tried=1,,,
BROMFENAC,0,,0,,1,,0,,0,,0,,0,,0,,Nc1c(CC(=O)O)cccc1C(=O)c1ccc(Br)cc1,nc1c(cc(=o)o)cccc1c(=o)c1ccc(br)cc1,Nc1c(CC(=O)O)cccc1C(=O)c1ccc(Br)cc1,Original,,,,,,,,
BROMFENAC OPHTHALMIC SOLUTION 0.09%,0,,0,,1,,0,,0,,0,,0,,0,,Nc1c(CC(=O)O)cccc1C(=O)c1ccc(Br)cc1.Nc1c(CC(=O)O)cccc1C(=O)c1ccc(Br)cc1,nc1c(cc(=o)o)cccc1c(=o)c1ccc(br)cc1.nc1c(cc(=o)o)cccc1c(=o)c1ccc(br)cc1,Nc1c(CC(=O)O)cccc1C(=O)c1ccc(Br)cc1.Nc1c(CC(=O)O)cccc1C(=O)c1ccc(Br)cc1,Original,,,,,,,,
BROMFENAC SODIUM,0,,0,,1,,0,,0,,0,,0,,0,,Nc1c(CC(=O)O)cccc1C(=O)c1ccc(Br)cc1.Nc1c(CC(=O)O)cccc1C(=O)c1ccc(Br)cc1,nc1c(cc(=o)o)cccc1c(=o)c1ccc(br)cc1.nc1c(cc(=o)o)cccc1c(=o)c1ccc(br)cc1,Nc1c(CC(=O)O)cccc1C(=O)c1ccc(Br)cc1.Nc1c(CC(=O)O)cccc1C(=O)c1ccc(Br)cc1,Original,,,,,,,,
BUDESONIDE,0,,1,Most,0,,0,,0,,0,,0,,0,,CCCC1O[C@@H]2C[C@H]3[C@@H]4CCC5=CC(=O)C=C[C@]5(C)[C@H]4[C@@H](O)C[C@]3(C)[C@]2(C(=O)CO)O1,cccc1o[c@@h]2c[c@h]3[c@@h]4ccc5=cc(=o)c=c[c@]5(c)[c@h]4[c@@h](o)c[c@]3(c)[c@]2(c(=o)co)o1,CCCC1O[C@@H]2C[C@H]3[C@@H]4CCC5=CC(=O)C=C[C@]5(C)[C@H]4[C@@H](O)C[C@]3(C)[C@]2(C(=O)CO)O1,Original,,,,,,,,
BUFFERED PENICILLIN G POTASSIUM,1,,1,Most,1,Most,0,,0,,0,,0,,1,Most,CC1(C)SC2C(NC(=O)Cc3ccccc3)C(=O)N2C1C(=O)O,cc1(c)sc2c(nc(=o)cc3ccccc3)c(=o)n2c1c(=o)o,CC1(C)SC2C(NC(=O)Cc3ccccc3)C(=O)N2C1C(=O)O,Original,,,,,,,,
BUPIVACAINE,1,Most,1,,1,Most,0,,1,Most,0,,1,,0,,CCCCN1CCCCC1C(=O)Nc1c(C)cccc1C,ccccn1ccccc1c(=o)nc1c(c)cccc1c,CCCCN1CCCCC1C(=O)Nc1c(C)cccc1C,Original,,,,,,,,
BUPIVACAINE HCI,1,Most,1,,1,Most,0,,0,,0,,1,Most,0,,CCCCN1CCCCC1C(=O)Nc1c(C)cccc1C,ccccn1ccccc1c(=o)nc1c(c)cccc1c,CCCCN1CCCCC1C(=O)Nc1c(C)cccc1C,Original,,,,,,,,
BUPIVACAINE HCL,1,Most,1,Most,1,Most,0,,1,Most,0,,1,Most,0,,CCCCN1CCCCC1C(=O)Nc1c(C)cccc1C,ccccn1ccccc1c(=o)nc1c(c)cccc1c,CCCCN1CCCCC1C(=O)Nc1c(C)cccc1C,Original,,,,,,,,
BUPIVACAINE HCL COLLAGEN-MATRIX,1,Most,1,Most,1,Most,0,,1,Most,0,,1,Most,1,Most,Not found,not found,CCCCN1CCCCC1C(=O)Nc1c(C)cccc1C,ChEMBL,,,,,,,,
BUPIVACAINE HYDROCHLORIDE,1,Most,1,,0,,0,,1,Most,0,,0,Most,0,,CCCCN1CCCCC1C(=O)Nc1c(C)cccc1C,ccccn1ccccc1c(=o)nc1c(c)cccc1c,CCCCN1CCCCC1C(=O)Nc1c(C)cccc1C,Original,,,,,,,,
BUPIVACAINE HYDROCHLORIDE IN DEXTROSE,1,Most,1,Most,1,Most,0,,1,Most,0,,1,Most,0,,CCCCN1CCCCC1C(=O)Nc1c(C)cccc1C,ccccn1ccccc1c(=o)nc1c(c)cccc1c,CCCCN1CCCCC1C(=O)Nc1c(C)cccc1C,Original,,,,,,,,
"BUPIVACAINE HYDROCHLORIDE INJECTION, SOLUTION",1,Most,1,,1,Most,0,,1,Most,0,,1,Most,0,,CCCCN1CCCCC1C(=O)Nc1c(C)cccc1C,ccccn1ccccc1c(=o)nc1c(c)cccc1c,CCCCN1CCCCC1C(=O)Nc1c(C)cccc1C,Original,,,,,,,,
BUPIVACAINE HYDROCHLORIDE WITH DEXTROSE,1,Most,1,,1,Most,0,,1,Most,0,,1,Most,0,,CCCCN1CCCCC1C(=O)Nc1c(C)cccc1C,ccccn1ccccc1c(=o)nc1c(c)cccc1c,CCCCN1CCCCC1C(=O)Nc1c(C)cccc1C,Original,,,,,,,,
BUPIVICAINE HYDROCHLORIDE,1,Most,1,,1,Most,0,,1,Most,0,,1,Most,0,,CCCCN1CCCCC1C(=O)Nc1c(C)cccc1C,ccccn1ccccc1c(=o)nc1c(c)cccc1c,CCCCN1CCCCC1C(=O)Nc1c(C)cccc1C,Original,,,,,,,,
BUPRENORPHINE HCL,0,,1,,0,,1,Most,1,Most,0,,1,Most,0,,COC12CCC3(CC1C(C)(O)C(C)(C)C)C1Cc4ccc(O)c5c4C3(CCN1CC1CC1)C2O5,coc12ccc3(cc1c(c)(o)c(c)(c)c)c1cc4ccc(o)c5c4c3(ccn1cc1cc1)c2o5,COC12CCC3(CC1C(C)(O)C(C)(C)C)C1Cc4ccc(O)c5c4C3(CCN1CC1CC1)C2O5,Original,,,,,,,,
BUPRENORPHINE HYDROCHLORIDE,1,,1,Most,0,,1,Most,1,Most,0,,1,Most,0,,CO[C@@]12CC[C@@]3(C[C@@H]1[C@](C)(O)C(C)(C)C)[C@H]1Cc4ccc(O)c5c4[C@@]3(CCN1CC1CC1)[C@H]2O5,co[c@@]12cc[c@@]3(c[c@@h]1[c@](c)(o)c(c)(c)c)[c@h]1cc4ccc(o)c5c4[c@@]3(ccn1cc1cc1)[c@h]2o5,CO[C@@]12CC[C@@]3(C[C@@H]1[C@](C)(O)C(C)(C)C)[C@H]1Cc4ccc(O)c5c4[C@@]3(CCN1CC1CC1)[C@H]2O5,Original,,,,,,,,
BUPRENORPHINE HYDROCHLORIDE SUBLINGUAL,0,,1,,0,,1,,1,Most,0,,1,Most,0,,COC12CCC3(CC1C(C)(O)C(C)(C)C)C1Cc4ccc(O)c5c4C3(CCN1CC1CC1)C2O5,coc12ccc3(cc1c(c)(o)c(c)(c)c)c1cc4ccc(o)c5c4c3(ccn1cc1cc1)c2o5,COC12CCC3(CC1C(C)(O)C(C)(C)C)C1Cc4ccc(O)c5c4C3(CCN1CC1CC1)C2O5,Original,,,,,,,,
BUPROPION,0,,0,,0,,0,,0,,0,,0,,0,,CC(NC(C)(C)C)C(=O)c1cccc(Cl)c1,cc(nc(c)(c)c)c(=o)c1cccc(cl)c1,CC(NC(C)(C)C)C(=O)c1cccc(Cl)c1,Original,,,,,,,,
BUPROPION HCL,1,Most,1,Most,1,Most,0,,1,Most,1,,0,,1,Most,CC(NC(C)(C)C)C(=O)c1cccc(Cl)c1,cc(nc(c)(c)c)c(=o)c1cccc(cl)c1,CC(NC(C)(C)C)C(=O)c1cccc(Cl)c1,Original,,,,,,,,
BUPROPION HCL ER,1,Most,1,Most,1,Most,0,,1,Most,1,Most,0,,0,,CC(NC(C)(C)C)C(=O)c1cccc(Cl)c1,cc(nc(c)(c)c)c(=o)c1cccc(cl)c1,CC(NC(C)(C)C)C(=O)c1cccc(Cl)c1,Original,,,,,,,,
BUPROPION HCL ER (SR),1,Most,1,Most,1,Most,0,,1,,1,Most,1,,1,Most,CC(NC(C)(C)C)C(=O)c1cccc(Cl)c1,cc(nc(c)(c)c)c(=o)c1cccc(cl)c1,CC(NC(C)(C)C)C(=O)c1cccc(Cl)c1,Original,,,,,,,,
BUPROPION HCL ER (XL),1,Most,1,Most,1,Most,0,,1,,1,Most,0,,1,Most,CC(NC(C)(C)C)C(=O)c1cccc(Cl)c1,cc(nc(c)(c)c)c(=o)c1cccc(cl)c1,CC(NC(C)(C)C)C(=O)c1cccc(Cl)c1,Original,,,,,,,,
BUPROPION HYDROCHLORIDE (XL),1,Most,1,Most,1,Most,0,,1,Most,1,Most,0,,1,Most,CC(NC(C)(C)C)C(=O)c1cccc(Cl)c1,cc(nc(c)(c)c)c(=o)c1cccc(cl)c1,CC(NC(C)(C)C)C(=O)c1cccc(Cl)c1,Original,,,,,,,,
BUPROPION HYDROCHLORIDE SR,1,Most,1,Most,1,,0,,0,,1,,0,,0,,CC(NC(C)(C)C)C(=O)c1cccc(Cl)c1,cc(nc(c)(c)c)c(=o)c1cccc(cl)c1,CC(NC(C)(C)C)C(=O)c1cccc(Cl)c1,Original,,,,,,,,
BUROSUMAB,0,,1,Most,0,,0,,0,,0,,0,,1,Most,Not found,not found,,NotFound,BUROSUMAB,BUROSUMAB,,,not_found | variants_tried=1,,,
BUSPIRONE,1,,1,,1,,0,,1,Most,0,,0,,0,,O=C1CC2(CCCC2)CC(=O)N1CCCCN1CCN(c2ncccn2)CC1,o=c1cc2(cccc2)cc(=o)n1ccccn1ccn(c2ncccn2)cc1,O=C1CC2(CCCC2)CC(=O)N1CCCCN1CCN(c2ncccn2)CC1,Original,,,,,,,,
BUSPIRONE HCL,0,,1,,1,,0,,1,Most,0,,0,,1,Most,O=C1CC2(CCCC2)CC(=O)N1CCCCN1CCN(c2ncccn2)CC1,o=c1cc2(cccc2)cc(=o)n1ccccn1ccn(c2ncccn2)cc1,O=C1CC2(CCCC2)CC(=O)N1CCCCN1CCN(c2ncccn2)CC1,Original,,,,,,,,
BUTOCONAZOLE NITRATE,0,,1,,0,,0,,0,,0,,0,,0,,Clc1ccc(CCC(Cn2ccnc2)Sc2c(Cl)cccc2Cl)cc1,clc1ccc(ccc(cn2ccnc2)sc2c(cl)cccc2cl)cc1,Clc1ccc(CCC(Cn2ccnc2)Sc2c(Cl)cccc2Cl)cc1,Original,,,,,,,,
BUTORPHANOL TARTRATE,1,Most,1,,0,,1,,0,,0,,1,Most,0,,O=C(O)C(O)C(O)C(=O)O.Oc1ccc2c(c1)[C@@]13CCCC[C@@]1(O)[C@@H](C2)N(CC1CCC1)CC3,o=c(o)c(o)c(o)c(=o)o.oc1ccc2c(c1)[c@@]13cccc[c@@]1(o)[c@@h](c2)n(cc1ccc1)cc3,O=C(O)C(O)C(O)C(=O)O.Oc1ccc2c(c1)[C@@]13CCCC[C@@]1(O)[C@@H](C2)N(CC1CCC1)CC3,Original,,,,,,,,
C1 ESTERASE INHIBITOR RECOMBINANT,0,,1,,1,,0,,0,,0,,0,,1,Most,Not found,not found,O=c1c(O)c(CNCc2ccccc2)ccn1Cc1ccc(Cl)cc1,ChEMBL,C1 ESTERASE INHIBITOR RECOMBINANT,C1 ESTERASE INHIBITOR RECOMBINANT,O=c1c(O)c(CNCc2ccccc2)ccn1Cc1ccc(Cl)cc1,ChEMBL,found_chembl | variants_tried=3,,,
CABOTEGRAVIR SODIUM,0,,1,Most,0,,0,,1,Most,0,,0,,0,,C[C@H]1CO[C@@H]2Cn3cc(C(=O)NCc4ccc(F)cc4F)c(=O)c(O)c3C(=O)N12,c[c@h]1co[c@@h]2cn3cc(c(=o)ncc4ccc(f)cc4f)c(=o)c(o)c3c(=o)n12,C[C@H]1CO[C@@H]2Cn3cc(C(=O)NCc4ccc(F)cc4F)c(=O)c(O)c3C(=O)N12,Original,,,,,,,,
CALASPARGASE PEGOL,1,,1,Most,1,Most,0,,1,Most,0,,0,,0,,Not found,not found,,NotFound,CALASPARGASE PEGOL,CALASPARGASE PEGOL,,,not_found | variants_tried=2,,None,"no_hit | variants=['CALASPARGASE PEGOL', 'CALASPARGASE']"
CALCITRIOL 0.25 MCG,1,Most,1,Most,0,,0,,0,,0,,0,,1,Most,C=C1C(=CC=C2CCCC3(C)C2CCC3C(C)CCCC(C)(C)O)CC(O)CC1O,c=c1c(=cc=c2cccc3(c)c2ccc3c(c)cccc(c)(c)o)cc(o)cc1o,C=C1C(=CC=C2CCCC3(C)C2CCC3C(C)CCCC(C)(C)O)CC(O)CC1O,Original,,,,,,,,
CALCITRIOL CAPSULES 0.25 MCG,1,Most,1,Most,0,,0,,0,,0,,0,,1,Most,C=C1C(=CC=C2CCCC3(C)C2CCC3C(C)CCCC(C)(C)O)CC(O)CC1O,c=c1c(=cc=c2cccc3(c)c2ccc3c(c)cccc(c)(c)o)cc(o)cc1o,C=C1C(=CC=C2CCCC3(C)C2CCC3C(C)CCCC(C)(C)O)CC(O)CC1O,Original,,,,,,,,
CALCITRIOL CAPSULES 0.25 MCG; CALCITRIOL CAPSULES 0.5 MCG,1,Most,1,Most,0,,0,,0,,0,,0,,1,,Not found,not found,C=C1/C(=C\C=C2/CCC[C@]3(C)C(C(C)CCCC(C)(C)O)CC[C@@H]23)C[C@@H](O)C[C@@H]1O,ChEMBL,,,,,,,,
CALCIUM ACETATE CAPSULES 667 MG,1,,0,,0,,0,,0,,0,,0,,0,,CC(=O)O.CC(=O)O,cc(=o)o.cc(=o)o,CC(=O)O.CC(=O)O,Original,,,,,,,,
CALCIUM CHLORIDE INJECTION,1,Most,1,Most,0,,0,,0,,0,,0,,1,Most,Not found,not found,[Cl-].[Cl-].[Ca++],NCI/Cactus,,,,,,,,
CALFACTANT,0,,0,,1,,0,,0,,0,,1,,0,,Not found,not found,,NotFound,CALFACTANT,CALFACTANT,,,not_found | variants_tried=1,,None,no_hit | variants=['CALFACTANT']
CANAKINUMAB,0,,1,,1,Most,0,,0,,0,,0,,0,,Not found,not found,,NotFound,CANAKINUMAB,CANAKINUMAB,,,not_found | variants_tried=1,,,
CAPIVASERTIB,0,,1,Most,1,Most,0,,1,,0,,0,,1,Most,NC1(C(=O)N[C@@H](CCO)c2ccc(Cl)cc2)CCN(c2nc[nH]c3nccc2-3)CC1,nc1(c(=o)n[c@@h](cco)c2ccc(cl)cc2)ccn(c2nc[nh]c3nccc2-3)cc1,NC1(C(=O)N[C@@H](CCO)c2ccc(Cl)cc2)CCN(c2nc[nH]c3nccc2-3)CC1,Original,,,,,,,,
CAPLACIZUMAB,0,,1,,1,Most,0,,0,,0,,0,,0,,Not found,not found,,NotFound,CAPLACIZUMAB,CAPLACIZUMAB,,,not_found | variants_tried=1,,,
CAPTOPRIL; CAPTORPIL,1,Most,1,Most,1,Most,0,,1,Most,0,,1,Most,1,Most,Not found,not found,C[C@H](CS)C(=O)N1CCC[C@@H]1C(=O)O,ChEMBL,,,,,,,,
CAPTORPIL,1,Most,1,Most,1,Most,0,,1,Most,0,,1,Most,1,Most,CC(CS)C(=O)N1CCCC1C(=O)O,cc(cs)c(=o)n1cccc1c(=o)o,CC(CS)C(=O)N1CCCC1C(=O)O,Original,,,,,,,,
CARBACHOL,1,,1,,0,,0,,0,,0,,0,,0,,C[N+](C)(C)CCOC(N)=O,c[n+](c)(c)ccoc(n)=o,C[N+](C)(C)CCOC(N)=O,Original,,,,,,,,
"CARBIDOPA TABLETS, 25 MG",1,Most,1,Most,1,Most,0,,0,,0,,0,,0,,CC(Cc1ccc(O)c(O)c1)(NN)C(=O)O,cc(cc1ccc(o)c(o)c1)(nn)c(=o)o,CC(Cc1ccc(O)c(O)c1)(NN)C(=O)O,Original,,,,,,,,
CARBOPLATIN INJECTION,0,,1,,1,Most,1,Most,1,,1,Most,0,,1,,Not found,not found,,NotFound,CARBOPLATIN INJECTION,CARBOPLATIN INJECTION,,,not_found | variants_tried=2,,None,no_hit | variants=['CARBOPLATIN']
CAROSPIR,1,,1,Most,1,,1,Most,1,Most,0,,0,,1,Most,CC(=O)SC1CC2=CC(=O)CCC2(C)C2CCC3(C)C(CCC34CCC(=O)O4)C12,cc(=o)sc1cc2=cc(=o)ccc2(c)c2ccc3(c)c(ccc34ccc(=o)o4)c12,CC(=O)SC1CC2=CC(=O)CCC2(C)C2CCC3(C)C(CCC34CCC(=O)O4)C12,Original,,,,,,,,
CARTEOLOL HYDROCHLORIDE,1,Most,1,,0,,0,,0,,0,,1,Most,0,,CC(C)(C)NCC(O)COc1cccc2c1CCC(=O)N2,cc(c)(c)ncc(o)coc1cccc2c1ccc(=o)n2,CC(C)(C)NCC(O)COc1cccc2c1CCC(=O)N2,Original,,,,,,,,
CARVEDILOL PHOSPHATE,1,Most,1,Most,1,Most,1,Most,1,,0,,1,Most,1,Most,COc1ccccc1OCCNCC(O)COc1cccc2[nH]c3ccccc3c12,coc1ccccc1occncc(o)coc1cccc2[nh]c3ccccc3c12,COc1ccccc1OCCNCC(O)COc1cccc2[nH]c3ccccc3c12,Original,,,,,,,,
CEFADROXIL MONOHYDRATE,0,,1,Most,1,Most,0,,1,Most,0,,0,,1,Most,CC1=C(C(=O)O)N2C(=O)C(NC(=O)C(N)c3ccc(O)cc3)C2SC1,cc1=c(c(=o)o)n2c(=o)c(nc(=o)c(n)c3ccc(o)cc3)c2sc1,CC1=C(C(=O)O)N2C(=O)C(NC(=O)C(N)c3ccc(O)cc3)C2SC1,Original,,,,,,,,
CEFAZOLIN SODIUM,0,,1,Most,1,Most,0,,1,,0,,0,,1,Most,Cc1nnc(SCC2=C(C(=O)O)N3C(=O)[C@@H](NC(=O)Cn4cnnn4)[C@H]3SC2)s1,cc1nnc(scc2=c(c(=o)o)n3c(=o)[c@@h](nc(=o)cn4cnnn4)[c@h]3sc2)s1,Cc1nnc(SCC2=C(C(=O)O)N3C(=O)[C@@H](NC(=O)Cn4cnnn4)[C@H]3SC2)s1,Original,,,,,,,,
CEFEPIME HYDROCHLORIDE,0,,1,Most,1,Most,0,,1,,0,,0,,1,Most,CO/N=C(\C(=O)N[C@@H]1C(=O)N2C(C(=O)O)=C(C[N+]3(C)CCCC3)CS[C@H]12)c1csc(N)n1,co/n=c(\c(=o)n[c@@h]1c(=o)n2c(c(=o)o)=c(c[n+]3(c)cccc3)cs[c@h]12)c1csc(n)n1,CO/N=C(\C(=O)N[C@@H]1C(=O)N2C(C(=O)O)=C(C[N+]3(C)CCCC3)CS[C@H]12)c1csc(N)n1,Original,,,,,,,,
CEFOTAXIME,1,Most,1,Most,1,Most,0,,1,Most,0,,0,,1,Most,CO/N=C(\C(=O)N[C@@H]1C(=O)N2C(C(=O)O)=C(COC(C)=O)CS[C@H]12)c1csc(N)n1,co/n=c(\c(=o)n[c@@h]1c(=o)n2c(c(=o)o)=c(coc(c)=o)cs[c@h]12)c1csc(n)n1,CO/N=C(\C(=O)N[C@@H]1C(=O)N2C(C(=O)O)=C(COC(C)=O)CS[C@H]12)c1csc(N)n1,Original,,,,,,,,
CEFOXITIN SODIUM,0,,1,Most,1,Most,0,,1,,0,,0,,1,Most,CO[C@@]1(NC(=O)Cc2cccs2)C(=O)N2C(C(=O)O)=C(COC(N)=O)CS[C@@H]21,co[c@@]1(nc(=o)cc2cccs2)c(=o)n2c(c(=o)o)=c(coc(n)=o)cs[c@@h]21,CO[C@@]1(NC(=O)Cc2cccs2)C(=O)N2C(C(=O)O)=C(COC(N)=O)CS[C@@H]21,Original,,,,,,,,
CEFTRIAXONE SODIUM,0,,1,Most,1,Most,0,,1,,0,,0,,1,Most,CO/N=C(\C(=O)N[C@@H]1C(=O)N2C(C(=O)O)=C(CSc3nc(=O)c(O)nn3C)CS[C@H]12)c1csc(N)n1.CO/N=C(\C(=O)N[C@@H]1C(=O)N2C(C(=O)O)=C(CSc3nc(=O)c(O)nn3C)CS[C@H]12)c1csc(N)n1,co/n=c(\c(=o)n[c@@h]1c(=o)n2c(c(=o)o)=c(csc3nc(=o)c(o)nn3c)cs[c@h]12)c1csc(n)n1.co/n=c(\c(=o)n[c@@h]1c(=o)n2c(c(=o)o)=c(csc3nc(=o)c(o)nn3c)cs[c@h]12)c1csc(n)n1,CO/N=C(\C(=O)N[C@@H]1C(=O)N2C(C(=O)O)=C(CSc3nc(=O)c(O)nn3C)CS[C@H]12)c1csc(N)n1.CO/N=C(\C(=O)N[C@@H]1C(=O)N2C(C(=O)O)=C(CSc3nc(=O)c(O)nn3C)CS[C@H]12)c1csc(N)n1,Original,,,,,,,,
CEFUROXIME,0,,1,,1,Most,0,,1,,1,,0,,1,,CO/N=C(\C(=O)N[C@@H]1C(=O)N2C(C(=O)O)=C(COC(N)=O)CS[C@H]12)c1ccco1,co/n=c(\c(=o)n[c@@h]1c(=o)n2c(c(=o)o)=c(coc(n)=o)cs[c@h]12)c1ccco1,CO/N=C(\C(=O)N[C@@H]1C(=O)N2C(C(=O)O)=C(COC(N)=O)CS[C@H]12)c1ccco1,Original,,,,,,,,
CEFUROXIME AND DEXTROSE,1,,1,,1,Most,0,,1,,0,,0,,1,,CON=C(C(=O)NC1C(=O)N2C(C(=O)O)=C(COC(N)=O)CSC12)c1ccco1,con=c(c(=o)nc1c(=o)n2c(c(=o)o)=c(coc(n)=o)csc12)c1ccco1,CON=C(C(=O)NC1C(=O)N2C(C(=O)O)=C(COC(N)=O)CSC12)c1ccco1,Original,,,,,,,,
CELEBREX,1,Most,1,Most,1,,0,,1,Most,1,,1,,1,Most,Cc1ccc(-c2cc(C(F)(F)F)nn2-c2ccc(S(N)(=O)=O)cc2)cc1,cc1ccc(-c2cc(c(f)(f)f)nn2-c2ccc(s(n)(=o)=o)cc2)cc1,Cc1ccc(-c2cc(C(F)(F)F)nn2-c2ccc(S(N)(=O)=O)cc2)cc1,Original,,,,,,,,
CEMIPLIMAB-RWLC,1,Most,1,Most,1,Most,0,,1,Most,0,,1,Most,1,Most,Not found,not found,,NotFound,CEMIPLIMAB-RWLC,CEMIPLIMAB-RWLC,,,not_found | variants_tried=3,,None,"no_hit | variants=['CEMIPLIMAB RWLC', 'CEMIPLIMAB']"
CENEGERMIN-BKBJ,0,,0,,0,,0,,0,,0,,0,,0,,Not found,not found,,NotFound,CENEGERMIN-BKBJ,CENEGERMIN-BKBJ,,,not_found | variants_tried=3,,None,"no_hit | variants=['CENEGERMIN BKBJ', 'CENEGERMIN']"
CERLIPONASE ALFA,1,,1,,1,,0,,0,,0,,0,,0,,Not found,not found,,NotFound,CERLIPONASE ALFA,CERLIPONASE ALFA,,,not_found | variants_tried=2,,,
CERTOLIZUMAB PEGOL,1,Most,1,Most,1,,0,,1,,0,,0,,0,,Not found,not found,,NotFound,CERTOLIZUMAB PEGOL,CERTOLIZUMAB PEGOL,,,not_found | variants_tried=2,,None,"no_hit | variants=['CERTOLIZUMAB PEGOL', 'CERTOLIZUMAB']"
CETIRIZINE,0,,0,,0,,0,,0,,0,,0,,0,,O=C(O)COCCN1CCN(C(c2ccccc2)c2ccc(Cl)cc2)CC1,o=c(o)coccn1ccn(c(c2ccccc2)c2ccc(cl)cc2)cc1,O=C(O)COCCN1CCN(C(c2ccccc2)c2ccc(Cl)cc2)CC1,Original,,,,,,,,
CETIRIZINE HYDROCHLORIDE ORAL SOLUTION,0,,1,Most,1,,0,,1,,0,,0,,0,,O=C(O)COCCN1CCN(C(c2ccccc2)c2ccc(Cl)cc2)CC1,o=c(o)coccn1ccn(c(c2ccccc2)c2ccc(cl)cc2)cc1,O=C(O)COCCN1CCN(C(c2ccccc2)c2ccc(Cl)cc2)CC1,Original,,,,,,,,
CETRORELIX ACETATE FOR INJECTION,0,,1,,0,,1,Most,1,,0,,0,,0,,CC(=O)NC(Cc1ccc2ccccc2c1)C(=O)NC(Cc1ccc(Cl)cc1)C(=O)NC(Cc1cccnc1)C(=O)NC(CO)C(=O)NC(Cc1ccc(O)cc1)C(=O)NC(CCCNC(N)=O)C(=O)NC(CC(C)C)C(=O)NC(CCCN=C(N)N)C(=O)N1CCCC1C(=O)NC(C)C(N)=O,cc(=o)nc(cc1ccc2ccccc2c1)c(=o)nc(cc1ccc(cl)cc1)c(=o)nc(cc1cccnc1)c(=o)nc(co)c(=o)nc(cc1ccc(o)cc1)c(=o)nc(cccnc(n)=o)c(=o)nc(cc(c)c)c(=o)nc(cccn=c(n)n)c(=o)n1cccc1c(=o)nc(c)c(n)=o,CC(=O)NC(Cc1ccc2ccccc2c1)C(=O)NC(Cc1ccc(Cl)cc1)C(=O)NC(Cc1cccnc1)C(=O)NC(CO)C(=O)NC(Cc1ccc(O)cc1)C(=O)NC(CCCNC(N)=O)C(=O)NC(CC(C)C)C(=O)NC(CCCN=C(N)N)C(=O)N1CCCC1C(=O)NC(C)C(N)=O,Original,,,,,,,,
CETUXIMAB,1,Most,1,Most,1,Most,1,,1,,0,,1,Most,0,,Not found,not found,,NotFound,CETUXIMAB,CETUXIMAB,,,not_found | variants_tried=1,,,
CEVIMELINE HYDROCHLORIDE,1,Most,1,Most,1,,1,,1,Most,0,,1,Most,0,,CC1OC2(CS1)CN1CCC2CC1,cc1oc2(cs1)cn1ccc2cc1,CC1OC2(CS1)CN1CCC2CC1,Original,,,,,,,,
CHLORDIAZEPOXIDE,0,,0,,0,,0,,0,,0,,0,,0,,CNC1=Nc2ccc(Cl)cc2C(c2ccccc2)=[N+]([O-])C1,cnc1=nc2ccc(cl)cc2c(c2ccccc2)=[n+]([o-])c1,CNC1=Nc2ccc(Cl)cc2C(c2ccccc2)=[N+]([O-])C1,Original,,,,,,,,
CHLORHEXIDINE GLUCONANTE,0,,1,Most,0,,0,,0,,0,,0,,0,,NC(=NCCCCCCN=C(N)N=C(N)Nc1ccc(Cl)cc1)N=C(N)Nc1ccc(Cl)cc1.O=C(O)C(O)C(O)C(O)C(O)CO.O=C(O)C(O)C(O)C(O)C(O)CO,nc(=nccccccn=c(n)n=c(n)nc1ccc(cl)cc1)n=c(n)nc1ccc(cl)cc1.o=c(o)c(o)c(o)c(o)c(o)co.o=c(o)c(o)c(o)c(o)c(o)co,NC(=NCCCCCCN=C(N)N=C(N)Nc1ccc(Cl)cc1)N=C(N)Nc1ccc(Cl)cc1.O=C(O)C(O)C(O)C(O)C(O)CO.O=C(O)C(O)C(O)C(O)C(O)CO,Original,,,,,,,,
CHLORHEXIDINE GLUCONATE 0.12% ORAL RINSE,0,,1,Most,0,,0,,0,,0,,0,,0,,NC(=NCCCCCCN=C(N)N=C(N)Nc1ccc(Cl)cc1)N=C(N)Nc1ccc(Cl)cc1.O=C(O)C(O)C(O)C(O)C(O)CO.O=C(O)C(O)C(O)C(O)C(O)CO,nc(=nccccccn=c(n)n=c(n)nc1ccc(cl)cc1)n=c(n)nc1ccc(cl)cc1.o=c(o)c(o)c(o)c(o)c(o)co.o=c(o)c(o)c(o)c(o)c(o)co,NC(=NCCCCCCN=C(N)N=C(N)Nc1ccc(Cl)cc1)N=C(N)Nc1ccc(Cl)cc1.O=C(O)C(O)C(O)C(O)C(O)CO.O=C(O)C(O)C(O)C(O)C(O)CO,Original,,,,,,,,
CHLORHEXIDINE GLUCONATE ORAL RINSE,0,,1,Most,0,,0,,0,,0,,0,,0,,NC(=NCCCCCCN=C(N)N=C(N)Nc1ccc(Cl)cc1)N=C(N)Nc1ccc(Cl)cc1.O=C(O)C(O)C(O)C(O)C(O)CO.O=C(O)C(O)C(O)C(O)C(O)CO,nc(=nccccccn=c(n)n=c(n)nc1ccc(cl)cc1)n=c(n)nc1ccc(cl)cc1.o=c(o)c(o)c(o)c(o)c(o)co.o=c(o)c(o)c(o)c(o)c(o)co,NC(=NCCCCCCN=C(N)N=C(N)Nc1ccc(Cl)cc1)N=C(N)Nc1ccc(Cl)cc1.O=C(O)C(O)C(O)C(O)C(O)CO.O=C(O)C(O)C(O)C(O)C(O)CO,Original,,,,,,,,
"CHLORHEXIDINE GLUCONATE, 0.12% ORAL RINSE",0,,1,Most,0,,0,,0,,0,,0,,0,,NC(=NCCCCCCN=C(N)N=C(N)Nc1ccc(Cl)cc1)N=C(N)Nc1ccc(Cl)cc1.O=C(O)C(O)C(O)C(O)C(O)CO.O=C(O)C(O)C(O)C(O)C(O)CO,nc(=nccccccn=c(n)n=c(n)nc1ccc(cl)cc1)n=c(n)nc1ccc(cl)cc1.o=c(o)c(o)c(o)c(o)c(o)co.o=c(o)c(o)c(o)c(o)c(o)co,NC(=NCCCCCCN=C(N)N=C(N)Nc1ccc(Cl)cc1)N=C(N)Nc1ccc(Cl)cc1.O=C(O)C(O)C(O)C(O)C(O)CO.O=C(O)C(O)C(O)C(O)C(O)CO,Original,,,,,,,,
"CHLORHEXIDINE GLUCONATE, 0.12% ORAL RINSE SOLUTION",0,,1,Most,0,,0,,0,,0,,0,,0,,NC(=NCCCCCCN=C(N)N=C(N)Nc1ccc(Cl)cc1)N=C(N)Nc1ccc(Cl)cc1.O=C(O)C(O)C(O)C(O)C(O)CO.O=C(O)C(O)C(O)C(O)C(O)CO,nc(=nccccccn=c(n)n=c(n)nc1ccc(cl)cc1)n=c(n)nc1ccc(cl)cc1.o=c(o)c(o)c(o)c(o)c(o)co.o=c(o)c(o)c(o)c(o)c(o)co,NC(=NCCCCCCN=C(N)N=C(N)Nc1ccc(Cl)cc1)N=C(N)Nc1ccc(Cl)cc1.O=C(O)C(O)C(O)C(O)C(O)CO.O=C(O)C(O)C(O)C(O)C(O)CO,Original,,,,,,,,
CHLOROPROCAINE HCI,1,Most,1,Most,1,Most,0,,0,,0,,1,Most,0,,CCN(CC)CCOC(=O)c1ccc(N)cc1Cl,ccn(cc)ccoc(=o)c1ccc(n)cc1cl,CCN(CC)CCOC(=O)c1ccc(N)cc1Cl,Original,,,,,,,,
CHLOROPROCAINE HYDROCHLORIDE,1,Most,1,,1,Most,0,,0,,0,,1,Most,0,,CCN(CC)CCOC(=O)c1ccc(N)cc1Cl,ccn(cc)ccoc(=o)c1ccc(n)cc1cl,CCN(CC)CCOC(=O)c1ccc(N)cc1Cl,Original,,,,,,,,
CHLOROPROCAINE HYDROCHLORIDE OPHTHALMIC GEL,0,,0,,0,,0,,0,,0,,0,,0,,CCN(CC)CCOC(=O)c1ccc(N)cc1Cl,ccn(cc)ccoc(=o)c1ccc(n)cc1cl,CCN(CC)CCOC(=O)c1ccc(N)cc1Cl,Original,,,,,,,,
CHLOROTHIAZIDE SODIUM,1,Most,1,Most,1,Most,0,,1,,0,,1,Most,1,Most,NS(=O)(=O)c1cc2c(cc1Cl)N=CNS2(=O)=O,ns(=o)(=o)c1cc2c(cc1cl)n=cns2(=o)=o,NS(=O)(=O)c1cc2c(cc1Cl)N=CNS2(=O)=O,Original,,,,,,,,
CHLORPROMAZINE,1,Most,1,Most,1,Most,1,,1,Most,0,,0,,0,,CN(C)CCCN1c2ccccc2Sc2ccc(Cl)cc21,cn(c)cccn1c2ccccc2sc2ccc(cl)cc21,CN(C)CCCN1c2ccccc2Sc2ccc(Cl)cc21,Original,,,,,,,,
CHLORPROMAZINE HCI,1,Most,1,Most,1,Most,1,,1,,0,,0,,0,,CN(C)CCCN1c2ccccc2Sc2ccc(Cl)cc21,cn(c)cccn1c2ccccc2sc2ccc(cl)cc21,CN(C)CCCN1c2ccccc2Sc2ccc(Cl)cc21,Original,,,,,,,,
CHOLESTYRAMINE FOR ORAL SUSPENSION,0,,1,,1,Most,0,,0,,0,,0,,0,,Not found,not found,COC(=O)[C@H](Cc1ccccc1)NC(=O)[C@H](CC(C)C)NC(=O)[C@@H]1C[C@H](NC=O)CN1C=O,ChEMBL,CHOLESTYRAMINE FOR ORAL SUSPENSION,CHOLESTYRAMINE FOR ORAL SUSPENSION,COC(=O)[C@H](Cc1ccccc1)NC(=O)[C@H](CC(C)C)NC(=O)[C@@H]1C[C@H](NC=O)CN1C=O,ChEMBL,found_chembl | variants_tried=3,,,
CHOLESTYRAMINE LIGHT,0,,1,,1,Most,0,,0,,0,,0,,0,,Not found,not found,CCC(CC(CC)c1ccc(C[N+](C)(C)C)cc1)c1ccccc1.[Cl-],ChEMBL,CHOLESTYRAMINE LIGHT,CHOLESTYRAMINE LIGHT,CCC(CC(CC)c1ccc(C[N+](C)(C)C)cc1)c1ccccc1.[Cl-],ChEMBL,found_chembl | variants_tried=2,,,
CHOLESTYRAMINE POWDER FOR SUSPENSION,0,,1,,1,Most,0,,0,,0,,0,,1,,Not found,not found,COC(=O)[C@H](Cc1ccccc1)NC(=O)[C@H](CC(C)C)NC(=O)[C@@H]1C[C@H](NC=O)CN1C=O,ChEMBL,CHOLESTYRAMINE POWDER FOR SUSPENSION,CHOLESTYRAMINE POWDER FOR SUSPENSION,COC(=O)[C@H](Cc1ccccc1)NC(=O)[C@H](CC(C)C)NC(=O)[C@@H]1C[C@H](NC=O)CN1C=O,ChEMBL,found_chembl | variants_tried=4,,,
CHOLEYSTYRAMINE LIGHT,0,,1,,1,Most,0,,0,,0,,0,,0,,Not found,not found,O=[Al]O[Si](=O)O[Si](=O)O[Al]=O,ChEMBL,CHOLEYSTYRAMINE LIGHT,CHOLEYSTYRAMINE LIGHT,O=[Al]O[Si](=O)O[Si](=O)O[Al]=O,ChEMBL,found_chembl | variants_tried=2,,,
CHOLINE C 11,0,,0,,0,,0,,0,,0,,0,,0,,C[N+](C)(C)CCO,c[n+](c)(c)cco,C[N+](C)(C)CCO,Original,,,,,,,,
CHORIOGONADOTROPIN ALFA,0,,0,,0,,0,,0,,0,,0,,0,,Not found,not found,,NotFound,CHORIOGONADOTROPIN ALFA,CHORIOGONADOTROPIN ALFA,,,not_found | variants_tried=2,,,
CHORIONIC GONADOTROPIN,0,,1,,0,,0,,0,,0,,0,,0,,C1CCC2C(C1)CCC1C3CCCC3CCC21,c1ccc2c(c1)ccc1c3cccc3ccc21,C1CCC2C(C1)CCC1C3CCCC3CCC21,Original,,,,,,,,
CHROMIUM CHROMIC CHLORIDE,0,,0,,0,,0,,0,,0,,0,,1,Most,[Cr+3],[cr+3],[Cr+3],Original,,,,,,,,
CICLESONIDE,0,,1,Most,0,,0,,0,,0,,0,,0,,CC(C)C(=O)OCC(=O)[C@@]12O[C@H](C3CCCCC3)O[C@@H]1C[C@H]1[C@@H]3CCC4=CC(=O)C=C[C@]4(C)[C@H]3[C@@H](O)C[C@@]12C,cc(c)c(=o)occ(=o)[c@@]12o[c@h](c3ccccc3)o[c@@h]1c[c@h]1[c@@h]3ccc4=cc(=o)c=c[c@]4(c)[c@h]3[c@@h](o)c[c@@]12c,CC(C)C(=O)OCC(=O)[C@@]12O[C@H](C3CCCCC3)O[C@@H]1C[C@H]1[C@@H]3CCC4=CC(=O)C=C[C@]4(C)[C@H]3[C@@H](O)C[C@@]12C,Original,,,,,,,,
CIDOFOVIR,0,,1,Most,1,Most,1,Most,1,Most,0,,0,,1,Most,Nc1ccn(C[C@@H](CO)OCP(=O)(O)O)c(=O)n1,nc1ccn(c[c@@h](co)ocp(=o)(o)o)c(=o)n1,Nc1ccn(C[C@@H](CO)OCP(=O)(O)O)c(=O)n1,Original,,,,,,,,
CIDOFOVIR ANHYDROUS,0,,1,Most,1,Most,1,Most,1,,1,,0,,1,Most,Nc1ccn(C[C@@H](CO)OCP(=O)(O)O)c(=O)n1,nc1ccn(c[c@@h](co)ocp(=o)(o)o)c(=o)n1,Nc1ccn(C[C@@H](CO)OCP(=O)(O)O)c(=O)n1,Original,,,,,,,,
CIMETIDINE HYDROCHLORIDE ORAL SOLUTION,1,,1,,1,Most,0,,1,,0,,0,,0,,CN=C(NC#N)NCCSCc1nc[nH]c1C,cn=c(nc#n)nccscc1nc[nh]c1c,CN=C(NC#N)NCCSCc1nc[nH]c1C,Original,,,,,,,,
CINACALCET HYDROCHLORIDE,1,Most,1,,0,,0,,0,,0,,0,,0,,C[C@@H](NCCCc1cccc(C(F)(F)F)c1)c1cccc2ccccc12,c[c@@h](ncccc1cccc(c(f)(f)f)c1)c1cccc2ccccc12,C[C@@H](NCCCc1cccc(C(F)(F)F)c1)c1cccc2ccccc12,Original,,,,,,,,
CIPAGLUCOSIDASE ALFA-ATGA,1,Most,1,Most,0,,1,,0,,0,,1,Most,0,,Not found,not found,,NotFound,CIPAGLUCOSIDASE ALFA-ATGA,CIPAGLUCOSIDASE ALFA-ATGA,,,not_found | variants_tried=4,,None,"no_hit | variants=['CIPAGLUCOSIDASE ALFA ATGA', 'CIPAGLUCOSIDASE ATGA', 'CIPAGLUCOSIDASE', 'CIPAGLUCOSIDASE ALFA']"
CIPROFLOXACIN HCL,1,Most,1,Most,1,Most,0,,1,Most,1,,1,Most,1,Most,O=C(O)c1cn(C2CC2)c2cc(N3CCNCC3)c(F)cc2c1=O,o=c(o)c1cn(c2cc2)c2cc(n3ccncc3)c(f)cc2c1=o,O=C(O)c1cn(C2CC2)c2cc(N3CCNCC3)c(F)cc2c1=O,Original,,,,,,,,
CIPROFLOXACIN HYDROCHLORIDE,0,,1,,0,,0,,0,,0,,0,,0,,O=C(O)c1cn(C2CC2)c2cc(N3CCNCC3)c(F)cc2c1=O,o=c(o)c1cn(c2cc2)c2cc(n3ccncc3)c(f)cc2c1=o,O=C(O)c1cn(C2CC2)c2cc(N3CCNCC3)c(F)cc2c1=O,Original,,,,,,,,
CIPROFLOXACIN HYDROCHLORIDE SOLUTION,0,,1,Most,0,,0,,0,,0,,0,,0,,O=C(O)c1cn(C2CC2)c2cc(N3CCNCC3)c(F)cc2c1=O,o=c(o)c1cn(c2cc2)c2cc(n3ccncc3)c(f)cc2c1=o,O=C(O)c1cn(C2CC2)c2cc(N3CCNCC3)c(F)cc2c1=O,Original,,,,,,,,
CIPROFLOXACIN HYDROCHLORIDE TABLET,1,Most,1,Most,1,Most,0,,1,Most,1,,1,Most,1,Most,O=C(O)c1cn(C2CC2)c2cc(N3CCNCC3)c(F)cc2c1=O,o=c(o)c1cn(c2cc2)c2cc(n3ccncc3)c(f)cc2c1=o,O=C(O)c1cn(C2CC2)c2cc(N3CCNCC3)c(F)cc2c1=O,Original,,,,,,,,
CIPROFLOXACIN TABLETS,1,Most,1,Most,1,Most,0,,1,Most,1,,1,Most,1,Most,O=C(O)c1cn(C2CC2)c2cc(N3CCNCC3)c(F)cc2c1=O,o=c(o)c1cn(c2cc2)c2cc(n3ccncc3)c(f)cc2c1=o,O=C(O)c1cn(C2CC2)c2cc(N3CCNCC3)c(F)cc2c1=O,Original,,,,,,,,
CIPROFLOXACIN; CIPROFLOXACIN HYDROCHLORIDE,1,Most,1,Most,1,Most,0,,1,Most,0,,1,Most,1,Most,Not found,not found,O=C(O)c1cn(C2CC2)c2cc(N3CCNCC3)c(F)cc2c1=O,ChEMBL,,,,,,,,
CIPROFOLXACIN,1,Most,1,Most,1,Most,0,,1,Most,1,Most,1,Most,1,Most,O=C(O)c1cn(C2CC2)c2cc(N3CCC(NN4CCNCC4)C3)c(F)cc2c1=O,o=c(o)c1cn(c2cc2)c2cc(n3ccc(nn4ccncc4)c3)c(f)cc2c1=o,O=C(O)c1cn(C2CC2)c2cc(N3CCC(NN4CCNCC4)C3)c(F)cc2c1=O,Original,,,,,,,,
CITALOPRAM HYDROBROMIDE,1,,1,Most,1,Most,1,Most,1,,0,,0,,0,,CN(C)CCCC1(c2ccc(F)cc2)OCc2cc(C#N)ccc21,cn(c)cccc1(c2ccc(f)cc2)occ2cc(c#n)ccc21,CN(C)CCCC1(c2ccc(F)cc2)OCc2cc(C#N)ccc21,Original,,,,,,,,
CITALOPRAM; CITALOPRAM HYDROBROMIDE,1,Most,1,Most,1,Most,1,Most,1,,0,,0,,0,,Not found,not found,Br.CN(C)CCCC1(c2ccc(F)cc2)OCc2cc(C#N)ccc21,ChEMBL,,,,,,,,
CLEVIDIPINE,1,Most,0,,0,,1,,0,,0,,0,,1,Most,CCCC(=O)OCOC(=O)C1=C(C)NC(C)=C(C(=O)OC)C1c1cccc(Cl)c1Cl,cccc(=o)ococ(=o)c1=c(c)nc(c)=c(c(=o)oc)c1c1cccc(cl)c1cl,CCCC(=O)OCOC(=O)C1=C(C)NC(C)=C(C(=O)OC)C1c1cccc(Cl)c1Cl,Original,,,,,,,,
CLINDAMYCIN,0,,1,,0,,0,,0,,0,,0,,0,,CCC[C@@H]1C[C@@H](C(=O)N[C@@H]([C@H]2O[C@H](SC)[C@H](O)[C@@H](O)[C@H]2O)[C@H](C)Cl)N(C)C1,ccc[c@@h]1c[c@@h](c(=o)n[c@@h]([c@h]2o[c@h](sc)[c@h](o)[c@@h](o)[c@h]2o)[c@h](c)cl)n(c)c1,CCC[C@@H]1C[C@@H](C(=O)N[C@@H]([C@H]2O[C@H](SC)[C@H](O)[C@@H](O)[C@H]2O)[C@H](C)Cl)N(C)C1,Original,,,,,,,,
CLINDAMYCIN HCL,0,,1,Most,1,,0,,1,Most,0,,0,,0,,CCCC1CC(C(=O)NC(C(C)Cl)C2OC(SC)C(O)C(O)C2O)N(C)C1,cccc1cc(c(=o)nc(c(c)cl)c2oc(sc)c(o)c(o)c2o)n(c)c1,CCCC1CC(C(=O)NC(C(C)Cl)C2OC(SC)C(O)C(O)C2O)N(C)C1,Original,,,,,,,,
CLINDAMYCIN IN 5 PERCENT DEXTROSE; CLINDAMYCIN IN PERCENT DEXTROSE,1,Most,1,Most,1,,0,,1,,0,,0,,1,Most,Not found,not found,CCC[C@@H]1C[C@@H](C(=O)N[C@@H]([C@H]2O[C@H](SC)[C@H](O)[C@@H](O)[C@H]2O)[C@H](C)Cl)N(C)C1.Cl,ChEMBL,CLINDAMYCIN IN 5 PERCENT DEXTROSE; CLINDAMYCIN IN PERCENT DEXTROSE,CLINDAMYCIN IN 5 PERCENT DEXTROSE; CLINDAMYCIN IN PERCENT DEXTROSE,CCC[C@@H]1C[C@@H](C(=O)N[C@@H]([C@H]2O[C@H](SC)[C@H](O)[C@@H](O)[C@H]2O)[C@H](C)Cl)N(C)C1.Cl,ChEMBL,found_chembl | variants_tried=4,,,
CLINDAMYCIN PALMITATE HYDROCHLORIDE (PEDIATRIC),0,,1,Most,1,,0,,1,Most,0,,0,,0,,CCCCCCCCCCCCCCCC(=O)OC1C(SC)OC(C(NC(=O)C2CC(CCC)CN2C)C(C)Cl)C(O)C1O,cccccccccccccccc(=o)oc1c(sc)oc(c(nc(=o)c2cc(ccc)cn2c)c(c)cl)c(o)c1o,CCCCCCCCCCCCCCCC(=O)OC1C(SC)OC(C(NC(=O)C2CC(CCC)CN2C)C(C)Cl)C(O)C1O,Original,,,,,,,,
CLOBETASOL PROPIONATE,0,,0,,0,,1,,0,,0,,0,,0,,CCC(=O)O[C@]1(C(=O)CCl)[C@@H](C)C[C@H]2[C@@H]3CCC4=CC(=O)C=C[C@]4(C)[C@@]3(F)[C@@H](O)C[C@@]21C,ccc(=o)o[c@]1(c(=o)ccl)[c@@h](c)c[c@h]2[c@@h]3ccc4=cc(=o)c=c[c@]4(c)[c@@]3(f)[c@@h](o)c[c@@]21c,CCC(=O)O[C@]1(C(=O)CCl)[C@@H](C)C[C@H]2[C@@H]3CCC4=CC(=O)C=C[C@]4(C)[C@@]3(F)[C@@H](O)C[C@@]21C,Original,,,,,,,,
CLOFARABINE,1,Most,1,Most,1,Most,1,Most,1,Most,0,,1,Most,1,Most,Nc1nc(Cl)nc2c1ncn2[C@@H]1O[C@H](CO)[C@@H](O)[C@@H]1F,nc1nc(cl)nc2c1ncn2[c@@h]1o[c@h](co)[c@@h](o)[c@@h]1f,Nc1nc(Cl)nc2c1ncn2[C@@H]1O[C@H](CO)[C@@H](O)[C@@H]1F,Original,,,,,,,,
CLOMIPRAMINE HCL,1,,1,Most,1,Most,0,,1,,1,,0,,0,,CN(C)CCCN1c2ccccc2CCc2ccc(Cl)cc21,cn(c)cccn1c2ccccc2ccc2ccc(cl)cc21,CN(C)CCCN1c2ccccc2CCc2ccc(Cl)cc21,Original,,,,,,,,
CLOMIPRAMINE HYDROCHLORIDE,1,Most,1,Most,1,Most,0,,1,,1,Most,0,,0,,CN(C)CCCN1c2ccccc2CCc2ccc(Cl)cc21,cn(c)cccn1c2ccccc2ccc2ccc(cl)cc21,CN(C)CCCN1c2ccccc2CCc2ccc(Cl)cc21,Original,,,,,,,,
CLONIDINE,1,Most,1,,0,,1,,0,,0,,0,,0,,Clc1cccc(Cl)c1NC1=NCCN1,clc1cccc(cl)c1nc1=nccn1,Clc1cccc(Cl)c1NC1=NCCN1,Original,,,,,,,,
CLONIDINE HCI,1,Most,1,Most,1,,1,,0,,0,,0,,0,,Clc1cccc(Cl)c1NC1=NCCN1,clc1cccc(cl)c1nc1=nccn1,Clc1cccc(Cl)c1NC1=NCCN1,Original,,,,,,,,
CLONIDINE HCL,1,Most,1,Most,1,,1,,1,,0,,0,,0,,Clc1cccc(Cl)c1NC1=NCCN1,clc1cccc(cl)c1nc1=nccn1,Clc1cccc(Cl)c1NC1=NCCN1,Original,,,,,,,,
CLONIDINE TRANSDERMAL SYSTEM,1,Most,1,Most,1,,1,,0,,0,,0,,0,,Clc1cccc(Cl)c1NC1=NCCN1,clc1cccc(cl)c1nc1=nccn1,Clc1cccc(Cl)c1NC1=NCCN1,Original,,,,,,,,
CLOPIDOGREL BISULFATE,0,,1,Most,1,Most,0,,1,,0,,1,,0,,COC(=O)[C@H](c1ccccc1Cl)N1CCc2sccc2C1,coc(=o)[c@h](c1ccccc1cl)n1ccc2sccc2c1,COC(=O)[C@H](c1ccccc1Cl)N1CCc2sccc2C1,Original,,,,,,,,
CLOPIDOGREL BISULPHATE,0,,1,Most,1,Most,0,,1,,0,,1,,0,,COC(=O)C(c1ccccc1Cl)N1CCc2sccc2C1,coc(=o)c(c1ccccc1cl)n1ccc2sccc2c1,COC(=O)C(c1ccccc1Cl)N1CCc2sccc2C1,Original,,,,,,,,
CLOTRIMAZOLE,0,,0,,0,,1,Most,1,,0,,0,,0,,Clc1ccccc1C(c1ccccc1)(c1ccccc1)n1ccnc1,clc1ccccc1c(c1ccccc1)(c1ccccc1)n1ccnc1,Clc1ccccc1C(c1ccccc1)(c1ccccc1)n1ccnc1,Original,,,,,,,,
COAGULATION FACTOR IX (RECOMBINANT),0,,1,,1,Most,0,,0,,0,,0,,1,,Not found,not found,CC(=O)O[C@@H]1C=C[C@@H](O)[C@@]2(CC(=O)O[C@@H]2/C=C(\C)CCC=C(C)C)C1,ChEMBL,COAGULATION FACTOR IX,COAGULATION FACTOR IX (RECOMBINANT),CC(=O)O[C@@H]1C=C[C@@H](O)[C@@]2(CC(=O)O[C@@H]2/C=C(\C)CCC=C(C)C)C1,ChEMBL,found_chembl | variants_tried=4,,,
COAGULATION FACTOR VIIA RECOMBINANT HUMAN,0,Most,1,,1,Most,0,,0,,0,,1,,0,,Not found,not found,CCCCCCCCCCCCCCCCOC[C@H](COP(=O)([O-])OCC[N+](C)(C)C)OC(C)=O,ChEMBL,COAGULATION FACTOR,COAGULATION FACTOR VIIA RECOMBINANT HUMAN,CCCCCCCCCCCCCCCCOC[C@H](COP(=O)([O-])OCC[N+](C)(C)C)OC(C)=O,ChEMBL,found_chembl | variants_tried=3,,,
COAGULATION FACTOR X HUMAN,0,,1,,1,,0,,0,,0,,0,,0,,Not found,not found,CC[C@H](C)[C@H](NC(=O)[C@H](CO)NC(=O)[C@H](CC(C)C)NC(=O)[C@H](CO)NC(=O)[C@H]1CCCN1C(=O)[C@H](CC(N)=O)NC(=O)[C@@H](N)CC(=O)O)C(=O)N[C@@H](CC(=O)O)C(=O)N[C@@H](CC(C)C)C(=O)N[C@H](C(=O)N[C@@H](Cc1ccccc1)C(=O)N[C@@H](Cc1c[nH]cn1)C(=O)N[C@@H](CC(C)C)C(=O)N[C@@H](CC(C)C)C(=O)N[C@@H](CCCN=C(N)N)C(=O)N[C@H](C(=O)N[C@@H](CC(C)C)C(=O)N[C@@H](CC(C)C)C(=O)N[C@@H](CCC(=O)O)C(=O)N[C@@H](CC(C)C)C(=O)N[C@@H](C)C(=O)N[C@@H](CCCN=C(N)N)C(=O)N[C@H](C(=O)N[C@@H](CCC(N)=O)C(=O)N[C@@H](CO)C(=O)N[C@@H](CCC(N)=O)C(=O)N[C@@H](CCCN=C(N)N)C(=O)N[C@@H](CCC(=O)O)C(=O)N[C@@H](CCCN=C(N)N)C(=O)N[C@@H](C)C(=O)N[C@@H](CCC(=O)O)C(=O)N[C@@H](CCC(N)=O)C(=O)N[C@@H](CC(N)=O)C(=O)N[C@@H](CCCN=C(N)N)C(=O)N[C@H](C(=O)N[C@H](C(=O)N[C@@H](Cc1ccccc1)C(=O)N[C@@H](CC(=O)O)C(=O)N[C@@H](CO)C(=O)N[C@H](C(N)=O)C(C)C)[C@@H](C)CC)[C@@H](C)CC)[C@@H](C)O)[C@@H](C)O)[C@@H](C)O,ChEMBL,COAGULATION FACTOR X HUMAN,COAGULATION FACTOR X HUMAN,CC[C@H](C)[C@H](NC(=O)[C@H](CO)NC(=O)[C@H](CC(C)C)NC(=O)[C@H](CO)NC(=O)[C@H]1CCCN1C(=O)[C@H](CC(N)=O)NC(=O)[C@@H](N)CC(=O)O)C(=O)N[C@@H](CC(=O)O)C(=O)N[C@@H](CC(C)C)C(=O)N[C@H](C(=O)N[C@@H](Cc1ccccc1)C(=O)N[C@@H](Cc1c[nH]cn1)C(=O)N[C@@H](CC(C)C)C(=O)N[C@@H](CC(C)C)C(=O)N[C@@H](CCCN=C(N)N)C(=O)N[C@H](C(=O)N[C@@H](CC(C)C)C(=O)N[C@@H](CC(C)C)C(=O)N[C@@H](CCC(=O)O)C(=O)N[C@@H](CC(C)C)C(=O)N[C@@H](C)C(=O)N[C@@H](CCCN=C(N)N)C(=O)N[C@H](C(=O)N[C@@H](CCC(N)=O)C(=O)N[C@@H](CO)C(=O)N[C@@H](CCC(N)=O)C(=O)N[C@@H](CCCN=C(N)N)C(=O)N[C@@H](CCC(=O)O)C(=O)N[C@@H](CCCN=C(N)N)C(=O)N[C@@H](C)C(=O)N[C@@H](CCC(=O)O)C(=O)N[C@@H](CCC(N)=O)C(=O)N[C@@H](CC(N)=O)C(=O)N[C@@H](CCCN=C(N)N)C(=O)N[C@H](C(=O)N[C@H](C(=O)N[C@@H](Cc1ccccc1)C(=O)N[C@@H](CC(=O)O)C(=O)N[C@@H](CO)C(=O)N[C@H](C(N)=O)C(C)C)[C@@H](C)CC)[C@@H](C)CC)[C@@H](C)O)[C@@H](C)O)[C@@H](C)O,ChEMBL,found_chembl | variants_tried=3,,,
COCAINE HYDROCHLORIDE,1,Most,0,,0,,0,,0,,0,,0,,0,,COC(=O)[C@H]1[C@@H](OC(=O)c2ccccc2)C[C@@H]2CC[C@H]1N2C,coc(=o)[c@h]1[c@@h](oc(=o)c2ccccc2)c[c@@h]2cc[c@h]1n2c,COC(=O)[C@H]1[C@@H](OC(=O)c2ccccc2)C[C@@H]2CC[C@H]1N2C,Original,,,,,,,,
COLCHICINE TABLETS 0.5 MG,0,,1,,1,Most,1,,1,Most,0,,0,,1,Most,COc1cc2c(c(OC)c1OC)-c1ccc(OC)c(=O)cc1C(NC(C)=O)CC2,coc1cc2c(c(oc)c1oc)-c1ccc(oc)c(=o)cc1c(nc(c)=o)cc2,COc1cc2c(c(OC)c1OC)-c1ccc(OC)c(=O)cc1C(NC(C)=O)CC2,Original,,,,,,,,
COLESEVELAM HCL,1,Most,1,,0,,0,,0,,0,,0,,0,,C=CCN.C=CCNCCCCCCCCCC.C=CCNCCCCCC[N+](C)(C)C.ClCC1CO1,c=ccn.c=ccncccccccccc.c=ccncccccc[n+](c)(c)c.clcc1co1,C=CCN.C=CCNCCCCCCCCCC.C=CCNCCCCCC[N+](C)(C)C.ClCC1CO1,Original,,,,,,,,
COLESEVELAM HYDROCHLORIDE,1,Most,1,,1,,0,,0,,0,,0,,0,,Not found,not found,CN[C@H](CC(C)C)C(=O)N[C@H]1C(=O)N[C@@H](CC(N)=O)C(=O)N[C@H]2C(=O)N[C@H]3C(=O)N[C@H](C(=O)N[C@H](C(=O)O)c4cc(O)cc(O)c4-c4cc3ccc4O)[C@H](O)c3ccc(c(Cl)c3)Oc3cc2cc(c3O[C@@H]2O[C@H](CO)[C@@H](O)[C@H](O)[C@H]2O[C@H]2C[C@](C)(N)[C@H](O)[C@H](C)O2)Oc2ccc(cc2Cl)[C@H]1O.Cl,ChEMBL,COLESEVELAM HYDROCHLORIDE,COLESEVELAM HYDROCHLORIDE,CN[C@H](CC(C)C)C(=O)N[C@H]1C(=O)N[C@@H](CC(N)=O)C(=O)N[C@H]2C(=O)N[C@H]3C(=O)N[C@H](C(=O)N[C@H](C(=O)O)c4cc(O)cc(O)c4-c4cc3ccc4O)[C@H](O)c3ccc(c(Cl)c3)Oc3cc2cc(c3O[C@@H]2O[C@H](CO)[C@@H](O)[C@H](O)[C@H]2O[C@H]2C[C@](C)(N)[C@H](O)[C@H](C)O2)Oc2ccc(cc2Cl)[C@H]1O.Cl,ChEMBL,found_chembl | variants_tried=2,,,
COLISTIMETHATE,0,,1,Most,0,,0,,0,,0,,1,Most,1,Most,CCC(C)CCCCC(=O)NC(CCNCS(=O)(=O)O)C(=O)NC(C(=O)NC(CCNCS(=O)(=O)O)C(=O)NC1CCNC(=O)C(C(C)O)NC(=O)C(CCNCS(=O)(=O)O)NC(=O)C(CCNCS(=O)(=O)O)NC(=O)C(CC(C)C)NC(=O)C(CC(C)C)NC(=O)C(CCNCS(=O)(=O)O)NC1=O)C(C)O,ccc(c)ccccc(=o)nc(ccncs(=o)(=o)o)c(=o)nc(c(=o)nc(ccncs(=o)(=o)o)c(=o)nc1ccnc(=o)c(c(c)o)nc(=o)c(ccncs(=o)(=o)o)nc(=o)c(ccncs(=o)(=o)o)nc(=o)c(cc(c)c)nc(=o)c(cc(c)c)nc(=o)c(ccncs(=o)(=o)o)nc1=o)c(c)o,CCC(C)CCCCC(=O)NC(CCNCS(=O)(=O)O)C(=O)NC(C(=O)NC(CCNCS(=O)(=O)O)C(=O)NC1CCNC(=O)C(C(C)O)NC(=O)C(CCNCS(=O)(=O)O)NC(=O)C(CCNCS(=O)(=O)O)NC(=O)C(CC(C)C)NC(=O)C(CC(C)C)NC(=O)C(CCNCS(=O)(=O)O)NC1=O)C(C)O,Original,,,,,,,,
COLLAGENASE CLOSTRIDIUM HISTOLYTICUM,0,,1,Most,1,Most,0,,1,Most,0,,0,,0,,Not found,not found,CCc1c(Cl)c(O)c(Cl)c(O)c1C(=O)O[C@H]1[C@H](O)[C@H](OC)[C@H](OC/C2=C\C=C\C[C@H](O)/C(C)=C/[C@H](CC)[C@@H](O[C@@H]3OC(C)(C)[C@@H](OC(=O)C(C)C)[C@H](O)[C@@H]3O)/C(C)=C/C(C)=C/C[C@@H]([C@@H](C)O)OC2=O)O[C@@H]1C,ChEMBL,COLLAGENASE CLOSTRIDIUM HISTOLYTICUM,COLLAGENASE CLOSTRIDIUM HISTOLYTICUM,CCc1c(Cl)c(O)c(Cl)c(O)c1C(=O)O[C@H]1[C@H](O)[C@H](OC)[C@H](OC/C2=C\C=C\C[C@H](O)/C(C)=C/[C@H](CC)[C@@H](O[C@@H]3OC(C)(C)[C@@H](OC(=O)C(C)C)[C@H](O)[C@@H]3O)/C(C)=C/C(C)=C/C[C@@H]([C@@H](C)O)OC2=O)O[C@@H]1C,ChEMBL,found_chembl | variants_tried=3,,,
COLLAGENASE CLOSTRIDIUM HISTOLYTICUM-AAES,0,,1,Most,1,Most,0,,0,,0,,0,,0,,Not found,not found,CCc1c(Cl)c(O)c(Cl)c(O)c1C(=O)O[C@H]1[C@H](O)[C@H](OC)[C@H](OC/C2=C\C=C\C[C@H](O)/C(C)=C/[C@H](CC)[C@@H](O[C@@H]3OC(C)(C)[C@@H](OC(=O)C(C)C)[C@H](O)[C@@H]3O)/C(C)=C/C(C)=C/C[C@@H]([C@@H](C)O)OC2=O)O[C@@H]1C,ChEMBL,COLLAGENASE CLOSTRIDIUM HISTOLYTICUM-AAES,COLLAGENASE CLOSTRIDIUM HISTOLYTICUM-AAES,CCc1c(Cl)c(O)c(Cl)c(O)c1C(=O)O[C@H]1[C@H](O)[C@H](OC)[C@H](OC/C2=C\C=C\C[C@H](O)/C(C)=C/[C@H](CC)[C@@H](O[C@@H]3OC(C)(C)[C@@H](OC(=O)C(C)C)[C@H](O)[C@@H]3O)/C(C)=C/C(C)=C/C[C@@H]([C@@H](C)O)OC2=O)O[C@@H]1C,ChEMBL,found_chembl | variants_tried=4,,,
CORAL SNAKE (MICRURUS FULVIUS) IMMUNE GLOBULIN ANTIVENIN (EQUINE),0,,1,Most,0,,0,,0,,0,,1,,0,,Not found,not found,COc1ccc(C(Cl)=C(c2ccc(OC)cc2)c2ccc(OC)cc2)cc1,ChEMBL,CORAL SNAKE,CORAL SNAKE (MICRURUS FULVIUS) IMMUNE GLOBULIN ANTIVENIN (EQUINE),COc1ccc(C(Cl)=C(c2ccc(OC)cc2)c2ccc(OC)cc2)cc1,ChEMBL,found_chembl | variants_tried=4,,,
CORTICORELIN OVINE TRIFLUTATE,1,Most,1,Most,0,,0,,0,,0,,1,,0,,CCC(C)C(NC(=O)C(CC(=O)O)NC(=O)C(CC(C)C)NC(=O)C(CC(C)C)NC(=O)C(CCCCN)NC(=O)C(CCCNC(=N)N)NC(=O)C(CC(N)=O)NC(=O)C(CO)NC(=O)C(Cc1cnc[nH]1)NC(=O)C(C)NC(=O)C(CCC(N)=O)NC(=O)C(CCC(N)=O)NC(=O)C(C)NC(=O)C(CC(C)C)NC(=O)C(CCC(N)=O)NC(=O)C(CC(=O)O)NC(=O)C(C)NC(=O)C(CCCCN)NC(=O)C(NC(=O)C(CCSC)NC(=O)C(CCC(=O)O)NC(=O)C(CC(C)C)NC(=O)C(NC(=O)C(CCC(=O)O)NC(=O)C(CCCNC(=N)N)NC(=O)C(CC(C)C)NC(=O)C(CC(C)C)NC(=O)C(Cc1cnc[nH]1)NC(=O)C(Cc1ccccc1)NC(=O)C(NC(=O)C(CC(C)C)NC(=O)C(CC(=O)O)NC(=O)C(CC(C)C)NC(=O)C(CO)NC(=O)C(NC(=O)C1CCCN1C(=O)C1CCCN1C(=O)C(CCC(=O)O)NC(=O)C(CCC(N)=O)NC(=O)C(N)CO)C(C)CC)C(C)O)C(C)C)C(C)O)C(=O)NC(C)C(N)=O,ccc(c)c(nc(=o)c(cc(=o)o)nc(=o)c(cc(c)c)nc(=o)c(cc(c)c)nc(=o)c(ccccn)nc(=o)c(cccnc(=n)n)nc(=o)c(cc(n)=o)nc(=o)c(co)nc(=o)c(cc1cnc[nh]1)nc(=o)c(c)nc(=o)c(ccc(n)=o)nc(=o)c(ccc(n)=o)nc(=o)c(c)nc(=o)c(cc(c)c)nc(=o)c(ccc(n)=o)nc(=o)c(cc(=o)o)nc(=o)c(c)nc(=o)c(ccccn)nc(=o)c(nc(=o)c(ccsc)nc(=o)c(ccc(=o)o)nc(=o)c(cc(c)c)nc(=o)c(nc(=o)c(ccc(=o)o)nc(=o)c(cccnc(=n)n)nc(=o)c(cc(c)c)nc(=o)c(cc(c)c)nc(=o)c(cc1cnc[nh]1)nc(=o)c(cc1ccccc1)nc(=o)c(nc(=o)c(cc(c)c)nc(=o)c(cc(=o)o)nc(=o)c(cc(c)c)nc(=o)c(co)nc(=o)c(nc(=o)c1cccn1c(=o)c1cccn1c(=o)c(ccc(=o)o)nc(=o)c(ccc(n)=o)nc(=o)c(n)co)c(c)cc)c(c)o)c(c)c)c(c)o)c(=o)nc(c)c(n)=o,CCC(C)C(NC(=O)C(CC(=O)O)NC(=O)C(CC(C)C)NC(=O)C(CC(C)C)NC(=O)C(CCCCN)NC(=O)C(CCCNC(=N)N)NC(=O)C(CC(N)=O)NC(=O)C(CO)NC(=O)C(Cc1cnc[nH]1)NC(=O)C(C)NC(=O)C(CCC(N)=O)NC(=O)C(CCC(N)=O)NC(=O)C(C)NC(=O)C(CC(C)C)NC(=O)C(CCC(N)=O)NC(=O)C(CC(=O)O)NC(=O)C(C)NC(=O)C(CCCCN)NC(=O)C(NC(=O)C(CCSC)NC(=O)C(CCC(=O)O)NC(=O)C(CC(C)C)NC(=O)C(NC(=O)C(CCC(=O)O)NC(=O)C(CCCNC(=N)N)NC(=O)C(CC(C)C)NC(=O)C(CC(C)C)NC(=O)C(Cc1cnc[nH]1)NC(=O)C(Cc1ccccc1)NC(=O)C(NC(=O)C(CC(C)C)NC(=O)C(CC(=O)O)NC(=O)C(CC(C)C)NC(=O)C(CO)NC(=O)C(NC(=O)C1CCCN1C(=O)C1CCCN1C(=O)C(CCC(=O)O)NC(=O)C(CCC(N)=O)NC(=O)C(N)CO)C(C)CC)C(C)O)C(C)C)C(C)O)C(=O)NC(C)C(N)=O,Original,,,,,,,,
COSYNTROPIN,0,,1,,0,,1,Most,0,,0,,0,,0,,CSCC[C@H](NC(=O)[C@H](CO)NC(=O)[C@H](Cc1ccc(O)cc1)NC(=O)[C@@H](N)CO)C(=O)N[C@@H](CCC(=O)O)C(=O)N[C@@H](Cc1c[nH]cn1)C(=O)N[C@@H](Cc1ccccc1)C(=O)N[C@@H](CCCNC(=N)N)C(=O)N[C@@H](Cc1c[nH]c2ccccc12)C(=O)NCC(=O)N[C@@H](CCCCN)C(=O)N1CCC[C@H]1C(=O)N[C@H](C(=O)NCC(=O)N[C@@H](CCCCN)C(=O)N[C@@H](CCCCN)C(=O)N[C@@H](CCCNC(=N)N)C(=O)N[C@@H](CCCNC(=N)N)C(=O)N1CCC[C@H]1C(=O)N[C@H](C(=O)N[C@@H](CCCCN)C(=O)N[C@H](C(=O)N[C@@H](Cc1ccc(O)cc1)C(=O)N1CCC[C@H]1C(=O)O)C(C)C)C(C)C)C(C)C,cscc[c@h](nc(=o)[c@h](co)nc(=o)[c@h](cc1ccc(o)cc1)nc(=o)[c@@h](n)co)c(=o)n[c@@h](ccc(=o)o)c(=o)n[c@@h](cc1c[nh]cn1)c(=o)n[c@@h](cc1ccccc1)c(=o)n[c@@h](cccnc(=n)n)c(=o)n[c@@h](cc1c[nh]c2ccccc12)c(=o)ncc(=o)n[c@@h](ccccn)c(=o)n1ccc[c@h]1c(=o)n[c@h](c(=o)ncc(=o)n[c@@h](ccccn)c(=o)n[c@@h](ccccn)c(=o)n[c@@h](cccnc(=n)n)c(=o)n[c@@h](cccnc(=n)n)c(=o)n1ccc[c@h]1c(=o)n[c@h](c(=o)n[c@@h](ccccn)c(=o)n[c@h](c(=o)n[c@@h](cc1ccc(o)cc1)c(=o)n1ccc[c@h]1c(=o)o)c(c)c)c(c)c)c(c)c,CSCC[C@H](NC(=O)[C@H](CO)NC(=O)[C@H](Cc1ccc(O)cc1)NC(=O)[C@@H](N)CO)C(=O)N[C@@H](CCC(=O)O)C(=O)N[C@@H](Cc1c[nH]cn1)C(=O)N[C@@H](Cc1ccccc1)C(=O)N[C@@H](CCCNC(=N)N)C(=O)N[C@@H](Cc1c[nH]c2ccccc12)C(=O)NCC(=O)N[C@@H](CCCCN)C(=O)N1CCC[C@H]1C(=O)N[C@H](C(=O)NCC(=O)N[C@@H](CCCCN)C(=O)N[C@@H](CCCCN)C(=O)N[C@@H](CCCNC(=N)N)C(=O)N[C@@H](CCCNC(=N)N)C(=O)N1CCC[C@H]1C(=O)N[C@H](C(=O)N[C@@H](CCCCN)C(=O)N[C@H](C(=O)N[C@@H](Cc1ccc(O)cc1)C(=O)N1CCC[C@H]1C(=O)O)C(C)C)C(C)C)C(C)C,Original,,,,,,,,
CRIZANLIZUMAB,0,,1,,1,,0,,0,,0,,0,,0,,Not found,not found,,NotFound,CRIZANLIZUMAB,CRIZANLIZUMAB,,,not_found | variants_tried=1,,,
CROMOLYN SODIUM,0,,1,,0,,0,,0,,0,,0,,0,,O=C(O)c1cc(=O)c2c(OCC(O)COc3cccc4oc(C(=O)O)cc(=O)c34)cccc2o1,o=c(o)c1cc(=o)c2c(occ(o)coc3cccc4oc(c(=o)o)cc(=o)c34)cccc2o1,O=C(O)c1cc(=O)c2c(OCC(O)COc3cccc4oc(C(=O)O)cc(=O)c34)cccc2o1,Original,,,,,,,,
CROMOLYN SODIUM INHALATION,0,,1,,0,,0,,0,,0,,1,,0,,O=C(O)c1cc(=O)c2c(OCC(O)COc3cccc4oc(C(=O)O)cc(=O)c34)cccc2o1,o=c(o)c1cc(=o)c2c(occ(o)coc3cccc4oc(c(=o)o)cc(=o)c34)cccc2o1,O=C(O)c1cc(=O)c2c(OCC(O)COc3cccc4oc(C(=O)O)cc(=O)c34)cccc2o1,Original,,,,,,,,
CROMOLYN SODIUM ORAL SOLUTION (CONCENTRATE),1,,1,Most,1,,0,,0,,0,,0,,0,,O=C(O)c1cc(=O)c2c(OCC(O)COc3cccc4oc(C(=O)O)cc(=O)c34)cccc2o1,o=c(o)c1cc(=o)c2c(occ(o)coc3cccc4oc(c(=o)o)cc(=o)c34)cccc2o1,O=C(O)c1cc(=O)c2c(OCC(O)COc3cccc4oc(C(=O)O)cc(=O)c34)cccc2o1,Original,,,,,,,,
CYANOCOBALAMINE,1,Most,1,,1,Most,0,,0,,0,,1,Most,0,,CC1=C2N=C(C=C3NC(=C(C)C4=NC(C)(C5N=C1C(C)(CCC(=O)NCC(C)OP(=O)(O)OC1C(CO)OC([n+]6c[nH]c7cc(C)c(C)cc76)C1O)C5CC(N)=O)C(C)(CC(N)=O)C4CCC(=N)[O-])C(C)(CC(N)=O)C3CCC(=N)[O-])C(C)(C)C2CCC(=N)[O-].[C]#N.[Co+2],cc1=c2n=c(c=c3nc(=c(c)c4=nc(c)(c5n=c1c(c)(ccc(=o)ncc(c)op(=o)(o)oc1c(co)oc([n+]6c[nh]c7cc(c)c(c)cc76)c1o)c5cc(n)=o)c(c)(cc(n)=o)c4ccc(=n)[o-])c(c)(cc(n)=o)c3ccc(=n)[o-])c(c)(c)c2ccc(=n)[o-].[c]#n.[co+2],CC1=C2N=C(C=C3NC(=C(C)C4=NC(C)(C5N=C1C(C)(CCC(=O)NCC(C)OP(=O)(O)OC1C(CO)OC([n+]6c[nH]c7cc(C)c(C)cc76)C1O)C5CC(N)=O)C(C)(CC(N)=O)C4CCC(=N)[O-])C(C)(CC(N)=O)C3CCC(=N)[O-])C(C)(C)C2CCC(=N)[O-].[C]#N.[Co+2],Original,,,,,,,,
CYANOCOBALAMINE INJECTION,1,,1,,1,Most,0,,0,,0,,1,Most,0,,CC1=C2N=C(C=C3NC(=C(C)C4=NC(C)(C5N=C1C(C)(CCC(=O)NCC(C)OP(=O)(O)OC1C(CO)OC([n+]6c[nH]c7cc(C)c(C)cc76)C1O)C5CC(N)=O)C(C)(CC(N)=O)C4CCC(=N)[O-])C(C)(CC(N)=O)C3CCC(=N)[O-])C(C)(C)C2CCC(=N)[O-].[C]#N.[Co+2],cc1=c2n=c(c=c3nc(=c(c)c4=nc(c)(c5n=c1c(c)(ccc(=o)ncc(c)op(=o)(o)oc1c(co)oc([n+]6c[nh]c7cc(c)c(c)cc76)c1o)c5cc(n)=o)c(c)(cc(n)=o)c4ccc(=n)[o-])c(c)(cc(n)=o)c3ccc(=n)[o-])c(c)(c)c2ccc(=n)[o-].[c]#n.[co+2],CC1=C2N=C(C=C3NC(=C(C)C4=NC(C)(C5N=C1C(C)(CCC(=O)NCC(C)OP(=O)(O)OC1C(CO)OC([n+]6c[nH]c7cc(C)c(C)cc76)C1O)C5CC(N)=O)C(C)(CC(N)=O)C4CCC(=N)[O-])C(C)(CC(N)=O)C3CCC(=N)[O-])C(C)(C)C2CCC(=N)[O-].[C]#N.[Co+2],Original,,,,,,,,
CYCLOBENZAPRINE,1,Most,1,,1,,0,,1,Most,0,,0,,0,,CN(C)CCC=C1c2ccccc2C=Cc2ccccc21,cn(c)ccc=c1c2ccccc2c=cc2ccccc21,CN(C)CCC=C1c2ccccc2C=Cc2ccccc21,Original,,,,,,,,
CYCLOBENZAPRINE HCI; CYCLOBENZAPRINE HCL,1,Most,1,Most,1,,0,,1,Most,0,,0,,0,,Not found,not found,CN(C)CCC=C1c2ccccc2C=Cc2ccccc21.Cl,ChEMBL,,,,,,,,
CYCLOBENZAPRINE HCL,1,Most,1,Most,1,,0,,1,Most,0,,0,,0,,CN(C)CCC=C1c2ccccc2C=Cc2ccccc21,cn(c)ccc=c1c2ccccc2c=cc2ccccc21,CN(C)CCC=C1c2ccccc2C=Cc2ccccc21,Original,,,,,,,,
CYCLOBENZAPRINE HCL ER,1,Most,1,Most,1,Most,0,,1,Most,0,,0,,0,,CN(C)CCC=C1c2ccccc2C=Cc2ccccc21,cn(c)ccc=c1c2ccccc2c=cc2ccccc21,CN(C)CCC=C1c2ccccc2C=Cc2ccccc21,Original,,,,,,,,
CYCLOBENZAPRINE; CYCLOBENZAPRINE HYDROCHLORIDE,1,Most,1,,1,,0,,1,,0,,0,,0,,Not found,not found,CN(C)CCC=C1c2ccccc2C=Cc2ccccc21.Cl,ChEMBL,,,,,,,,
CYCLOPENTOLATE HYDROCHLORIDE,1,Most,1,,0,,0,,0,,0,,0,,0,,CN(C)CCOC(=O)C(c1ccccc1)C1(O)CCCC1,cn(c)ccoc(=o)c(c1ccccc1)c1(o)cccc1,CN(C)CCOC(=O)C(c1ccccc1)C1(O)CCCC1,Original,,,,,,,,
CYCLOSPORINE,1,Most,1,Most,1,Most,0,,1,Most,1,,0,,1,Most,C/C=C/C[C@@H](C)[C@@H](O)[C@H]1C(=O)N[C@@H](CC)C(=O)N(C)CC(=O)N(C)[C@@H](CC(C)C)C(=O)N[C@@H](C(C)C)C(=O)N(C)[C@@H](CC(C)C)C(=O)N[C@@H](C)C(=O)N[C@H](C)C(=O)N(C)[C@@H](CC(C)C)C(=O)N(C)[C@@H](CC(C)C)C(=O)N(C)[C@@H](C(C)C)C(=O)N1C,c/c=c/c[c@@h](c)[c@@h](o)[c@h]1c(=o)n[c@@h](cc)c(=o)n(c)cc(=o)n(c)[c@@h](cc(c)c)c(=o)n[c@@h](c(c)c)c(=o)n(c)[c@@h](cc(c)c)c(=o)n[c@@h](c)c(=o)n[c@h](c)c(=o)n(c)[c@@h](cc(c)c)c(=o)n(c)[c@@h](cc(c)c)c(=o)n(c)[c@@h](c(c)c)c(=o)n1c,C/C=C/C[C@@H](C)[C@@H](O)[C@H]1C(=O)N[C@@H](CC)C(=O)N(C)CC(=O)N(C)[C@@H](CC(C)C)C(=O)N[C@@H](C(C)C)C(=O)N(C)[C@@H](CC(C)C)C(=O)N[C@@H](C)C(=O)N[C@H](C)C(=O)N(C)[C@@H](CC(C)C)C(=O)N(C)[C@@H](CC(C)C)C(=O)N(C)[C@@H](C(C)C)C(=O)N1C,Original,,,,,,,,
CYCLOSPORINE OPHTHALMIC SOLUTION,0,,0,,0,,0,,0,,0,,0,,0,,CC=CCC(C)C(O)C1C(=O)NC(CC)C(=O)N(C)CC(=O)N(C)C(CC(C)C)C(=O)NC(C(C)C)C(=O)N(C)C(CC(C)C)C(=O)NC(C)C(=O)NC(C)C(=O)N(C)C(CC(C)C)C(=O)N(C)C(CC(C)C)C(=O)N(C)C(C(C)C)C(=O)N1C,cc=ccc(c)c(o)c1c(=o)nc(cc)c(=o)n(c)cc(=o)n(c)c(cc(c)c)c(=o)nc(c(c)c)c(=o)n(c)c(cc(c)c)c(=o)nc(c)c(=o)nc(c)c(=o)n(c)c(cc(c)c)c(=o)n(c)c(cc(c)c)c(=o)n(c)c(c(c)c)c(=o)n1c,CC=CCC(C)C(O)C1C(=O)NC(CC)C(=O)N(C)CC(=O)N(C)C(CC(C)C)C(=O)NC(C(C)C)C(=O)N(C)C(CC(C)C)C(=O)NC(C)C(=O)NC(C)C(=O)N(C)C(CC(C)C)C(=O)N(C)C(CC(C)C)C(=O)N(C)C(C(C)C)C(=O)N1C,Original,,,,,,,,
CYSTEAMINE HYDROCHLORIDE,0,,0,,0,,1,,0,,0,,0,,0,,NCCS,nccs,NCCS,Original,,,,,,,,
DABIGATRAN ETEXILATE,1,Most,1,,1,Most,1,,0,,0,,0,,1,Most,CCCCCCOC(=O)NC(=N)c1ccc(NCc2nc3cc(C(=O)N(CCC(=O)OCC)c4ccccn4)ccc3n2C)cc1,ccccccoc(=o)nc(=n)c1ccc(ncc2nc3cc(c(=o)n(ccc(=o)occ)c4ccccn4)ccc3n2c)cc1,CCCCCCOC(=O)NC(=N)c1ccc(NCc2nc3cc(C(=O)N(CCC(=O)OCC)c4ccccn4)ccc3n2C)cc1,Original,,,,,,,,
DANICOPAN,0,,0,,1,,1,Most,1,Most,0,,0,,0,,CC(=O)c1nn(CC(=O)N2C[C@H](F)C[C@H]2C(=O)Nc2cccc(Br)n2)c2ccc(-c3cnc(C)nc3)cc12,cc(=o)c1nn(cc(=o)n2c[c@h](f)c[c@h]2c(=o)nc2cccc(br)n2)c2ccc(-c3cnc(c)nc3)cc12,CC(=O)c1nn(CC(=O)N2C[C@H](F)C[C@H]2C(=O)Nc2cccc(Br)n2)c2ccc(-c3cnc(C)nc3)cc12,Original,,,,,,,,
DANTROLENE SODIUM,1,,1,,1,Most,0,,1,Most,0,,1,,0,,O=C1CN(/N=C/c2ccc(-c3ccc([N+](=O)[O-])cc3)o2)C(=O)N1,o=c1cn(/n=c/c2ccc(-c3ccc([n+](=o)[o-])cc3)o2)c(=o)n1,O=C1CN(/N=C/c2ccc(-c3ccc([N+](=O)[O-])cc3)o2)C(=O)N1,Original,,,,,,,,
DAPIPRAZOLE,0,,1,Most,0,,0,,1,,0,,0,,0,,Cc1ccccc1N1CCN(CCc2nnc3n2CCCC3)CC1,cc1ccccc1n1ccn(ccc2nnc3n2cccc3)cc1,Cc1ccccc1N1CCN(CCc2nnc3n2CCCC3)CC1,Original,,,,,,,,
DAPRODUSTAT,1,Most,1,,1,Most,1,Most,1,Most,0,,0,,1,Most,O=C(O)CNC(=O)C1C(=O)N(C2CCCCC2)C(=O)N(C2CCCCC2)C1=O,o=c(o)cnc(=o)c1c(=o)n(c2ccccc2)c(=o)n(c2ccccc2)c1=o,O=C(O)CNC(=O)C1C(=O)N(C2CCCCC2)C(=O)N(C2CCCCC2)C1=O,Original,,,,,,,,
DAPSONE,0,,1,,1,,1,Most,0,,0,,0,,0,,Nc1ccc(S(=O)(=O)c2ccc(N)cc2)cc1,nc1ccc(s(=o)(=o)c2ccc(n)cc2)cc1,Nc1ccc(S(=O)(=O)c2ccc(N)cc2)cc1,Original,,,,,,,,
DAPTOMYCIN IN SODIUM CHLORIDE,0,,1,Most,1,Most,0,,1,,0,,1,Most,1,Most,CCCCCCCCCC(=O)NC(Cc1c[nH]c2ccccc12)C(=O)NC(CC(N)=O)C(=O)NC(CC(=O)O)C(=O)NC1C(=O)NCC(=O)NC(CCCN)C(=O)NC(CC(=O)O)C(=O)NC(C)C(=O)NC(CC(=O)O)C(=O)NCC(=O)NC(CO)C(=O)NC(C(C)CC(=O)O)C(=O)NC(CC(=O)c2ccccc2N)C(=O)OC1C,cccccccccc(=o)nc(cc1c[nh]c2ccccc12)c(=o)nc(cc(n)=o)c(=o)nc(cc(=o)o)c(=o)nc1c(=o)ncc(=o)nc(cccn)c(=o)nc(cc(=o)o)c(=o)nc(c)c(=o)nc(cc(=o)o)c(=o)ncc(=o)nc(co)c(=o)nc(c(c)cc(=o)o)c(=o)nc(cc(=o)c2ccccc2n)c(=o)oc1c,CCCCCCCCCC(=O)NC(Cc1c[nH]c2ccccc12)C(=O)NC(CC(N)=O)C(=O)NC(CC(=O)O)C(=O)NC1C(=O)NCC(=O)NC(CCCN)C(=O)NC(CC(=O)O)C(=O)NC(C)C(=O)NC(CC(=O)O)C(=O)NCC(=O)NC(CO)C(=O)NC(C(C)CC(=O)O)C(=O)NC(CC(=O)c2ccccc2N)C(=O)OC1C,Original,,,,,,,,
DARATUMUMAB,1,Most,1,,1,Most,0,,0,,0,,1,Most,1,,Not found,not found,,NotFound,DARATUMUMAB,DARATUMUMAB,,,not_found | variants_tried=1,,,
DARBEPOETIN ALFA,1,Most,1,Most,1,Most,1,,0,,0,,1,,0,,Not found,not found,,NotFound,DARBEPOETIN ALFA,DARBEPOETIN ALFA,,,not_found | variants_tried=2,,,
DARIDOREXANT,0,,1,,0,,0,,0,,0,,0,,0,,COc1ccc(-n2nccn2)c(C(=O)N2CCC[C@@]2(C)c2nc3c(C)c(Cl)ccc3[nH]2)c1,coc1ccc(-n2nccn2)c(c(=o)n2ccc[c@@]2(c)c2nc3c(c)c(cl)ccc3[nh]2)c1,COc1ccc(-n2nccn2)c(C(=O)N2CCC[C@@]2(C)c2nc3c(C)c(Cl)ccc3[nH]2)c1,Original,,,,,,,,
DARIFENACIN HYDROBROMIDE,0,,1,Most,0,,0,,1,,0,,0,,0,,NC(=O)C(c1ccccc1)(c1ccccc1)[C@@H]1CCN(CCc2ccc3c(c2)CCO3)C1,nc(=o)c(c1ccccc1)(c1ccccc1)[c@@h]1ccn(ccc2ccc3c(c2)cco3)c1,NC(=O)C(c1ccccc1)(c1ccccc1)[C@@H]1CCN(CCc2ccc3c(c2)CCO3)C1,Original,,,,,,,,
DARUNAVIR 600 MG; DARUNAVIR 800 MG,0,,1,Most,1,,0,,1,Most,0,,0,,0,,Not found,not found,CC(C)CN(C[C@@H](O)[C@H](Cc1ccccc1)NC(=O)O[C@H]1CO[C@H]2OCC[C@H]21)S(=O)(=O)c1ccc(N)cc1.CCO,ChEMBL,,,,,,,,
DARUNAVIR ETHANOLATE,0,,1,Most,1,,0,,1,Most,0,,0,,0,,CC(C)CN(C[C@@H](O)[C@H](Cc1ccccc1)NC(=O)O[C@H]1CO[C@H]2OCC[C@H]21)S(=O)(=O)c1ccc(N)cc1,cc(c)cn(c[c@@h](o)[c@h](cc1ccccc1)nc(=o)o[c@h]1co[c@h]2occ[c@h]21)s(=o)(=o)c1ccc(n)cc1,CC(C)CN(C[C@@H](O)[C@H](Cc1ccccc1)NC(=O)O[C@H]1CO[C@H]2OCC[C@H]21)S(=O)(=O)c1ccc(N)cc1,Original,,,,,,,,
DECLOFENAC SODIUM,1,Most,1,Most,1,,0,,0,,0,,0,,1,Most,O=C(O)Cc1ccccc1Nc1c(Cl)cccc1Cl,o=c(o)cc1ccccc1nc1c(cl)cccc1cl,O=C(O)Cc1ccccc1Nc1c(Cl)cccc1Cl,Original,,,,,,,,
DEFERASIROX ORAL,0,,1,Most,1,Most,0,,1,Most,1,Most,0,,1,Most,O=C(O)c1ccc(-n2nc(-c3ccccc3O)nc2-c2ccccc2O)cc1,o=c(o)c1ccc(-n2nc(-c3ccccc3o)nc2-c2ccccc2o)cc1,O=C(O)c1ccc(-n2nc(-c3ccccc3O)nc2-c2ccccc2O)cc1,Original,,,,,,,,
DEFLAZACORT ORAL,1,Most,1,Most,1,Most,0,,0,,0,,0,,0,,CC(=O)OCC(=O)C12N=C(C)OC1CC1C3CCC4=CC(=O)C=CC4(C)C3C(O)CC12C,cc(=o)occ(=o)c12n=c(c)oc1cc1c3ccc4=cc(=o)c=cc4(c)c3c(o)cc12c,CC(=O)OCC(=O)C12N=C(C)OC1CC1C3CCC4=CC(=O)C=CC4(C)C3C(O)CC12C,Original,,,,,,,,
DEMECLOCYCLINE,0,,1,Most,1,Most,0,,1,Most,0,,1,,1,Most,CN(C)[C@@H]1C(O)=C(C(N)=O)C(=O)[C@@]2(O)C(O)=C3C(=O)c4c(O)ccc(Cl)c4[C@@H](O)[C@H]3C[C@@H]12,cn(c)[c@@h]1c(o)=c(c(n)=o)c(=o)[c@@]2(o)c(o)=c3c(=o)c4c(o)ccc(cl)c4[c@@h](o)[c@h]3c[c@@h]12,CN(C)[C@@H]1C(O)=C(C(N)=O)C(=O)[C@@]2(O)C(O)=C3C(=O)c4c(O)ccc(Cl)c4[C@@H](O)[C@H]3C[C@@H]12,Original,,,,,,,,
DENOSUMAB,0,,1,Most,1,Most,0,,0,,0,,0,,0,,Not found,not found,,NotFound,DENOSUMAB,DENOSUMAB,,,not_found | variants_tried=1,,,
DESIPRAMINE,1,Most,1,Most,1,Most,0,,1,Most,0,,0,,1,,CNCCCN1c2ccccc2CCc2ccccc21,cncccn1c2ccccc2ccc2ccccc21,CNCCCN1c2ccccc2CCc2ccccc21,Original,,,,,,,,
DESIPRAMINE HCL,1,Most,1,Most,1,Most,0,,1,,0,,0,,1,,CNCCCN1c2ccccc2CCc2ccccc21,cncccn1c2ccccc2ccc2ccccc21,CNCCCN1c2ccccc2CCc2ccccc21,Original,,,,,,,,
DESLORATIDINE,1,,1,,0,,1,,1,,0,,0,,0,,Clc1ccc2c(c1)CCc1cccnc1C2=C1CCNCC1,clc1ccc2c(c1)ccc1cccnc1c2=c1ccncc1,Clc1ccc2c(c1)CCc1cccnc1C2=C1CCNCC1,Original,,,,,,,,
DESVENLAFAXINE ER,1,Most,1,Most,1,Most,1,Most,0,,0,,1,,0,,CN(C)CC(c1ccc(O)cc1)C1(O)CCCCC1.O=C(O)CCC(=O)O,cn(c)cc(c1ccc(o)cc1)c1(o)ccccc1.o=c(o)ccc(=o)o,CN(C)CC(c1ccc(O)cc1)C1(O)CCCCC1.O=C(O)CCC(=O)O,Original,,,,,,,,
DEUCRAVACITINIB,0,,1,Most,1,Most,0,,1,Most,0,,0,,1,,[2H]C([2H])([2H])NC(=O)c1nnc(NC(=O)C2CC2)cc1Nc1cccc(-c2ncn(C)n2)c1OC,[2h]c([2h])([2h])nc(=o)c1nnc(nc(=o)c2cc2)cc1nc1cccc(-c2ncn(c)n2)c1oc,[2H]C([2H])([2H])NC(=O)c1nnc(NC(=O)C2CC2)cc1Nc1cccc(-c2ncn(C)n2)c1OC,Original,,,,,,,,
DEXAMETHASONE 1.5 MG,1,Most,1,Most,1,Most,1,Most,1,,0,,1,,1,,CC1CC2C3CCC4=CC(=O)C=CC4(C)C3(F)C(O)CC2(C)C1(O)C(=O)CO,cc1cc2c3ccc4=cc(=o)c=cc4(c)c3(f)c(o)cc2(c)c1(o)c(=o)co,CC1CC2C3CCC4=CC(=O)C=CC4(C)C3(F)C(O)CC2(C)C1(O)C(=O)CO,Original,,,,,,,,
DEXAMETHASONE INTENSOL,1,Most,1,Most,0,,1,,1,,0,,1,,1,Most,CC1CC2C3CCC4=CC(=O)C=CC4(C)C3(F)C(O)CC2(C)C1(O)C(=O)CO,cc1cc2c3ccc4=cc(=o)c=cc4(c)c3(f)c(o)cc2(c)c1(o)c(=o)co,CC1CC2C3CCC4=CC(=O)C=CC4(C)C3(F)C(O)CC2(C)C1(O)C(=O)CO,Original,,,,,,,,
DEXAMETHASONE SODIUM PHOSPHATE,1,Most,1,Most,0,,0,,0,,0,,0,,0,,C[C@@H]1C[C@H]2[C@@H]3CCC4=CC(=O)C=C[C@]4(C)[C@@]3(F)[C@@H](O)C[C@]2(C)[C@@]1(O)C(=O)COP(=O)(O)O,c[c@@h]1c[c@h]2[c@@h]3ccc4=cc(=o)c=c[c@]4(c)[c@@]3(f)[c@@h](o)c[c@]2(c)[c@@]1(o)c(=o)cop(=o)(o)o,C[C@@H]1C[C@H]2[C@@H]3CCC4=CC(=O)C=C[C@]4(C)[C@@]3(F)[C@@H](O)C[C@]2(C)[C@@]1(O)C(=O)COP(=O)(O)O,Original,,,,,,,,
DEXAMETHASONE; DEXAMETHASONE INTENSOL,1,Most,1,Most,1,Most,1,,1,,0,,1,,0,,Not found,not found,CC(=O)OCC(=O)[C@@]1(OC(=O)c2ccco2)[C@H](C)C[C@H]2[C@@H]3CCC4=CC(=O)C=C[C@]4(C)[C@@]3(F)[C@@H](O)C[C@@]21C,ChEMBL,,,,,,,,
DEXLANSOPRAZOLE,1,,1,Most,1,Most,0,,1,Most,1,,0,,1,Most,Cc1c(OCC(F)(F)F)ccnc1C[S@@+]([O-])c1nc2ccccc2[nH]1,cc1c(occ(f)(f)f)ccnc1c[s@@+]([o-])c1nc2ccccc2[nh]1,Cc1c(OCC(F)(F)F)ccnc1C[S@@+]([O-])c1nc2ccccc2[nH]1,Original,,,,,,,,
DEXMEDETOMIDINE,1,Most,0,,0,,0,,1,,0,,0,,0,,Cc1cccc([C@H](C)c2c[nH]cn2)c1C,cc1cccc([c@h](c)c2c[nh]cn2)c1c,Cc1cccc([C@H](C)c2c[nH]cn2)c1C,Original,,,,,,,,
DEXMEDETOMIDINE HCL,1,Most,1,,1,,0,,1,,0,,1,Most,0,,Cc1cccc(C(C)c2cnc[nH]2)c1C,cc1cccc(c(c)c2cnc[nh]2)c1c,Cc1cccc(C(C)c2cnc[nH]2)c1C,Original,,,,,,,,
DEXMEDETOMIDINE HYDROCHLORIDE IN 0.9% SODIUM CHLORIDE,1,Most,1,,1,Most,0,,1,,0,,1,Most,0,,Cc1cccc(C(C)c2cnc[nH]2)c1C,cc1cccc(c(c)c2cnc[nh]2)c1c,Cc1cccc(C(C)c2cnc[nH]2)c1C,Original,,,,,,,,
DEXMEDETOMIDINE HYDROCHLORIDE IN SODIUM CHLORIDE,1,Most,1,,1,Most,0,,1,,0,,1,Most,0,,Cc1cccc(C(C)c2cnc[nH]2)c1C,cc1cccc(c(c)c2cnc[nh]2)c1c,Cc1cccc(C(C)c2cnc[nH]2)c1C,Original,,,,,,,,
DEXMEDETOMIDINE; DEXMEDETOMIDINE HYDROCHLORIDE IN 0.9% SODIUM CHLORIDE,1,Most,1,,1,,0,,1,,0,,1,Most,0,,Not found,not found,Cc1cccc([C@H](C)c2c[nH]cn2)c1C.Cl,ChEMBL,DEXMEDETOMIDINE; DEXMEDETOMIDINE HYDROCHLORIDE IN 0.9% SODIUM CHLORIDE,DEXMEDETOMIDINE; DEXMEDETOMIDINE HYDROCHLORIDE IN 0.9% SODIUM CHLORIDE,Cc1cccc([C@H](C)c2c[nH]cn2)c1C.Cl,ChEMBL,found_chembl | variants_tried=4,,,
DEXRAZOXANE,0,,1,Most,1,Most,1,Most,0,,0,,0,,1,,C[C@@H](CN1CC(=O)NC(=O)C1)N1CC(=O)NC(=O)C1,c[c@@h](cn1cc(=o)nc(=o)c1)n1cc(=o)nc(=o)c1,C[C@@H](CN1CC(=O)NC(=O)C1)N1CC(=O)NC(=O)C1,Original,,,,,,,,
DEXRAZOXANE FOR INJECTION,1,,1,Most,1,Most,1,Most,0,,0,,0,,1,Most,CC(CN1CC(=O)NC(=O)C1)N1CC(=O)NC(=O)C1,cc(cn1cc(=o)nc(=o)c1)n1cc(=o)nc(=o)c1,CC(CN1CC(=O)NC(=O)C1)N1CC(=O)NC(=O)C1,Original,,,,,,,,
DEXTROAMPHETAMINE,1,Most,1,Most,1,Most,0,,0,,0,,0,,0,,C[C@H](N)Cc1ccccc1,c[c@h](n)cc1ccccc1,C[C@H](N)Cc1ccccc1,Original,,,,,,,,
DEXTROSE MONOHYDRATE,0,,1,Most,1,,0,,0,,0,,0,,0,,O=CC(O)C(O)C(O)C(O)CO,o=cc(o)c(o)c(o)c(o)co,O=CC(O)C(O)C(O)C(O)CO,Original,,,,,,,,
DIAZEPAM INTENSOL,0,,1,,1,,1,,1,,0,,1,Most,0,,CN1C(=O)CN=C(c2ccccc2)c2cc(Cl)ccc21,cn1c(=o)cn=c(c2ccccc2)c2cc(cl)ccc21,CN1C(=O)CN=C(c2ccccc2)c2cc(Cl)ccc21,Original,,,,,,,,
DIAZEPAM ORAL; DIAZEPAM ORAL SOLUTION (CONCENTRATE),0,,1,,1,,1,,1,Most,0,,0,Most,0,,Not found,not found,CN1C(=O)CN=C(c2ccccc2)c2cc(Cl)ccc21,ChEMBL,DIAZEPAM ORAL; DIAZEPAM ORAL SOLUTION (CONCENTRATE),DIAZEPAM ORAL; DIAZEPAM ORAL SOLUTION (CONCENTRATE),CN1C(=O)CN=C(c2ccccc2)c2cc(Cl)ccc21,ChEMBL,found_chembl | variants_tried=3,,,
DICLOFENAC POTASSIUM TABLETS,1,Most,1,Most,1,Most,1,Most,1,Most,1,,1,,1,Most,O=C(O)Cc1ccccc1Nc1c(Cl)cccc1Cl,o=c(o)cc1ccccc1nc1c(cl)cccc1cl,O=C(O)Cc1ccccc1Nc1c(Cl)cccc1Cl,Original,,,,,,,,
"DICLOFENAC POTASSIUM, FILM COATED",1,Most,1,Most,1,Most,1,Most,1,Most,1,,0,,1,Most,O=C(O)Cc1ccccc1Nc1c(Cl)cccc1Cl,o=c(o)cc1ccccc1nc1c(cl)cccc1cl,O=C(O)Cc1ccccc1Nc1c(Cl)cccc1Cl,Original,,,,,,,,
DICLOFENAC SODIUM,1,Most,1,Most,1,Most,1,Most,1,Most,0,,0,,1,Most,O=C(O)Cc1ccccc1Nc1c(Cl)cccc1Cl,o=c(o)cc1ccccc1nc1c(cl)cccc1cl,O=C(O)Cc1ccccc1Nc1c(Cl)cccc1Cl,Original,,,,,,,,
DICLOFENAC SODIUM D/R,1,Most,1,Most,1,Most,0,,1,Most,1,,1,,1,Most,O=C(O)Cc1ccccc1Nc1c(Cl)cccc1Cl,o=c(o)cc1ccccc1nc1c(cl)cccc1cl,O=C(O)Cc1ccccc1Nc1c(Cl)cccc1Cl,Original,,,,,,,,
DICYCLOMINE,1,Most,1,Most,0,,0,,0,,0,,1,Most,1,,CCN(CC)CCOC(=O)C1(C2CCCCC2)CCCCC1,ccn(cc)ccoc(=o)c1(c2ccccc2)ccccc1,CCN(CC)CCOC(=O)C1(C2CCCCC2)CCCCC1,Original,,,,,,,,
DIETHYLPROPION HYDROCHLORIDE,1,Most,1,,1,Most,0,,0,,0,,1,Most,0,,CCN(CC)C(C)C(=O)c1ccccc1,ccn(cc)c(c)c(=o)c1ccccc1,CCN(CC)C(C)C(=O)c1ccccc1,Original,,,,,,,,
DIFLUPREDNATE,0,,1,Most,0,,0,,0,,0,,0,,0,,CCCC(=O)O[C@]1(C(=O)COC(C)=O)CC[C@H]2[C@@H]3C[C@H](F)C4=CC(=O)C=C[C@]4(C)[C@@]3(F)[C@@H](O)C[C@@]21C,cccc(=o)o[c@]1(c(=o)coc(c)=o)cc[c@h]2[c@@h]3c[c@h](f)c4=cc(=o)c=c[c@]4(c)[c@@]3(f)[c@@h](o)c[c@@]21c,CCCC(=O)O[C@]1(C(=O)COC(C)=O)CC[C@H]2[C@@H]3C[C@H](F)C4=CC(=O)C=C[C@]4(C)[C@@]3(F)[C@@H](O)C[C@@]21C,Original,,,,,,,,
DIFLUPREDNATE OPHTHALMIC,0,,1,Most,0,,0,,0,,0,,0,,0,,CCCC(=O)OC1(C(=O)COC(C)=O)CCC2C3CC(F)C4=CC(=O)C=CC4(C)C3(F)C(O)CC21C,cccc(=o)oc1(c(=o)coc(c)=o)ccc2c3cc(f)c4=cc(=o)c=cc4(c)c3(f)c(o)cc21c,CCCC(=O)OC1(C(=O)COC(C)=O)CCC2C3CC(F)C4=CC(=O)C=CC4(C)C3(F)C(O)CC21C,Original,,,,,,,,
DIHYDROERGOTAMINE,1,Most,1,,0,,1,,0,,0,,1,,1,Most,CN1C[C@H](C(=O)N[C@]2(C)O[C@@]3(O)[C@@H]4CCCN4C(=O)[C@H](Cc4ccccc4)N3C2=O)C[C@@H]2c3cccc4[nH]cc(c34)C[C@H]21,cn1c[c@h](c(=o)n[c@]2(c)o[c@@]3(o)[c@@h]4cccn4c(=o)[c@h](cc4ccccc4)n3c2=o)c[c@@h]2c3cccc4[nh]cc(c34)c[c@h]21,CN1C[C@H](C(=O)N[C@]2(C)O[C@@]3(O)[C@@H]4CCCN4C(=O)[C@H](Cc4ccccc4)N3C2=O)C[C@@H]2c3cccc4[nH]cc(c34)C[C@H]21,Original,,,,,,,,
DIHYDROERGOTAMINE MESYLATE,1,Most,1,Most,0,,0,,0,,0,,1,Most,0,,CN1C[C@H](C(=O)N[C@]2(C)O[C@@]3(O)[C@@H]4CCCN4C(=O)[C@H](Cc4ccccc4)N3C2=O)C[C@@H]2c3cccc4[nH]cc(c34)C[C@H]21,cn1c[c@h](c(=o)n[c@]2(c)o[c@@]3(o)[c@@h]4cccn4c(=o)[c@h](cc4ccccc4)n3c2=o)c[c@@h]2c3cccc4[nh]cc(c34)c[c@h]21,CN1C[C@H](C(=O)N[C@]2(C)O[C@@]3(O)[C@@H]4CCCN4C(=O)[C@H](Cc4ccccc4)N3C2=O)C[C@@H]2c3cccc4[nH]cc(c34)C[C@H]21,Original,,,,,,,,
DIHYDROERGOTAMINE MESYLATE NASAL,1,Most,1,Most,0,,1,,0,,0,,1,,1,,CN1CC(C(=O)NC2(C)OC3(O)C4CCCN4C(=O)C(Cc4ccccc4)N3C2=O)CC2c3cccc4[nH]cc(c34)CC21,cn1cc(c(=o)nc2(c)oc3(o)c4cccn4c(=o)c(cc4ccccc4)n3c2=o)cc2c3cccc4[nh]cc(c34)cc21,CN1CC(C(=O)NC2(C)OC3(O)C4CCCN4C(=O)C(Cc4ccccc4)N3C2=O)CC2c3cccc4[nH]cc(c34)CC21,Original,,,,,,,,
DILTIAZEM,1,Most,1,,1,Most,0,,1,,0,,0,,0,,COc1ccc([C@@H]2Sc3ccccc3N(CCN(C)C)C(=O)[C@@H]2OC(C)=O)cc1,coc1ccc([c@@h]2sc3ccccc3n(ccn(c)c)c(=o)[c@@h]2oc(c)=o)cc1,COc1ccc([C@@H]2Sc3ccccc3N(CCN(C)C)C(=O)[C@@H]2OC(C)=O)cc1,Original,,,,,,,,
DILTIAZEM HCI,1,Most,1,Most,1,,0,,1,Most,0,,0,,0,,COc1ccc(C2Sc3ccccc3N(CCN(C)C)C(=O)C2OC(C)=O)cc1,coc1ccc(c2sc3ccccc3n(ccn(c)c)c(=o)c2oc(c)=o)cc1,COc1ccc(C2Sc3ccccc3N(CCN(C)C)C(=O)C2OC(C)=O)cc1,Original,,,,,,,,
DILTIAZEM HCL ER,1,Most,1,Most,1,,0,,1,,0,,0,,0,,COc1ccc(C2Sc3ccccc3N(CCN(C)C)C(=O)C2OC(C)=O)cc1,coc1ccc(c2sc3ccccc3n(ccn(c)c)c(=o)c2oc(c)=o)cc1,COc1ccc(C2Sc3ccccc3N(CCN(C)C)C(=O)C2OC(C)=O)cc1,Original,,,,,,,,
DIMETHYL FUMARATE KIT; DIMETHYL-FUMARATE,0,,1,Most,1,Most,1,Most,1,Most,0,,0,,1,Most,Not found,not found,COC(=O)/C=C/C(=O)OC,ChEMBL,DIMETHYL FUMARATE KIT; DIMETHYL-FUMARATE,DIMETHYL FUMARATE KIT; DIMETHYL-FUMARATE,COC(=O)/C=C/C(=O)OC,ChEMBL,found_chembl | variants_tried=4,,,
DINOPROSTONE,1,,0,,1,Most,0,,0,,0,,0,,0,,CCCCC[C@H](O)/C=C/[C@H]1[C@H](O)CC(=O)[C@@H]1C/C=C\CCCC(=O)O,ccccc[c@h](o)/c=c/[c@h]1[c@h](o)cc(=o)[c@@h]1c/c=c\cccc(=o)o,CCCCC[C@H](O)/C=C/[C@H]1[C@H](O)CC(=O)[C@@H]1C/C=C\CCCC(=O)O,Original,,,,,,,,
DINUTUXIMAB,1,Most,1,Most,1,Most,0,,1,,0,,0,,1,Most,Not found,not found,,NotFound,DINUTUXIMAB,DINUTUXIMAB,,,not_found | variants_tried=1,,,
DIPHENHYDRAMINE HCI,1,Most,1,Most,1,Most,0,,0,,1,,0,,0,,Not found,not found,CN(C)CCOC(c1ccccc1)c1ccccc1,ChEMBL,,,,,,,,
DIPRIVAN,1,Most,1,Most,1,,0,,0,,0,,1,Most,1,,CC(C)c1cccc(C(C)C)c1O,cc(c)c1cccc(c(c)c)c1o,CC(C)c1cccc(C(C)C)c1O,Original,,,,,,,,
DIVALPROEX SODIUM ER,0,,1,Most,1,Most,1,Most,1,Most,1,Most,0,,0,,CCCC(CCC)C(=O)O.CCCC(CCC)C(=O)O,cccc(ccc)c(=o)o.cccc(ccc)c(=o)o,CCCC(CCC)C(=O)O.CCCC(CCC)C(=O)O,Original,,,,,,,,
DOBUTAMINE HYDROCHLORIDE,1,Most,1,,1,,0,,0,,0,,0,,0,,CC(CCc1ccc(O)cc1)NCCc1ccc(O)c(O)c1,cc(ccc1ccc(o)cc1)nccc1ccc(o)c(o)c1,CC(CCc1ccc(O)cc1)NCCc1ccc(O)c(O)c1,Original,,,,,,,,
DOBUTAMINE IN DEXTROSE,1,Most,1,,1,,0,,0,,0,,0,,0,,CC(CCc1ccc(O)cc1)NCCc1ccc(O)c(O)c1,cc(ccc1ccc(o)cc1)nccc1ccc(o)c(o)c1,CC(CCc1ccc(O)cc1)NCCc1ccc(O)c(O)c1,Original,,,,,,,,
DOCETAXEL,1,Most,1,Most,1,Most,1,Most,1,Most,1,Most,1,Most,1,,CC(=O)O[C@@]12CO[C@@H]1C[C@H](O)[C@@]1(C)C(=O)[C@H](O)C3=C(C)[C@@H](OC(=O)[C@H](O)[C@@H](NC(=O)OC(C)(C)C)c4ccccc4)C[C@@](O)([C@@H](OC(=O)c4ccccc4)[C@H]21)C3(C)C,cc(=o)o[c@@]12co[c@@h]1c[c@h](o)[c@@]1(c)c(=o)[c@h](o)c3=c(c)[c@@h](oc(=o)[c@h](o)[c@@h](nc(=o)oc(c)(c)c)c4ccccc4)c[c@@](o)([c@@h](oc(=o)c4ccccc4)[c@h]21)c3(c)c,CC(=O)O[C@@]12CO[C@@H]1C[C@H](O)[C@@]1(C)C(=O)[C@H](O)C3=C(C)[C@@H](OC(=O)[C@H](O)[C@@H](NC(=O)OC(C)(C)C)c4ccccc4)C[C@@](O)([C@@H](OC(=O)c4ccccc4)[C@H]21)C3(C)C,Original,,,,,,,,
DONEPEZIL,1,Most,1,Most,1,,0,,0,,0,,1,Most,0,,COc1cc2c(cc1OC)C(=O)C(CC1CCN(Cc3ccccc3)CC1)C2,coc1cc2c(cc1oc)c(=o)c(cc1ccn(cc3ccccc3)cc1)c2,COc1cc2c(cc1OC)C(=O)C(CC1CCN(Cc3ccccc3)CC1)C2,Original,,,,,,,,
DONOR HUMAN STOOL,0,,0,,0,,0,,0,,0,,0,,0,,Not found,not found,CC[C@H](C)[C@H](NC(=O)[C@H](Cc1ccc(O)cc1)NC(=O)[C@@H](NC(=O)[C@@H](CCCNC(=N)N)NC(=O)[C@@H](N)CC(=O)O)C(C)C)C(=O)N[C@@H](Cc1cnc[nH]1)C(=O)N1CCC[C@@H]1C(=O)N[C@H](Cc1ccccc1)C(=O)O,ChEMBL,DONOR HUMAN STOOL,DONOR HUMAN STOOL,CC[C@H](C)[C@H](NC(=O)[C@H](Cc1ccc(O)cc1)NC(=O)[C@@H](NC(=O)[C@@H](CCCNC(=N)N)NC(=O)[C@@H](N)CC(=O)O)C(C)C)C(=O)N[C@@H](Cc1cnc[nH]1)C(=O)N1CCC[C@@H]1C(=O)N[C@H](Cc1ccccc1)C(=O)O,ChEMBL,found_chembl | variants_tried=3,,,
DOPAMINE HCI,1,Most,1,Most,0,,0,,0,,0,,0,,1,,NCCc1ccc(O)c(O)c1,nccc1ccc(o)c(o)c1,NCCc1ccc(O)c(O)c1,Original,,,,,,,,
DOPAMINE HCI IN 5% DEXTROSE,1,Most,1,Most,0,,1,,0,,0,,0,,1,,NCCc1ccc(O)c(O)c1,nccc1ccc(o)c(o)c1,NCCc1ccc(O)c(O)c1,Original,,,,,,,,
DOPAMINE HYDROCHLORIDE IN DEXTROSE,1,Most,1,Most,0,,0,,0,,0,,0,,0,,NCCc1ccc(O)c(O)c1,nccc1ccc(o)c(o)c1,NCCc1ccc(O)c(O)c1,Original,,,,,,,,
DORZOLAMIDE,0,,1,Most,1,Most,0,,0,,0,,0,,0,,CCN[C@H]1C[C@H](C)S(=O)(=O)c2sc(S(N)(=O)=O)cc21,ccn[c@h]1c[c@h](c)s(=o)(=o)c2sc(s(n)(=o)=o)cc21,CCN[C@H]1C[C@H](C)S(=O)(=O)c2sc(S(N)(=O)=O)cc21,Original,,,,,,,,
DORZOLAMIDE HCL,0,,1,Most,1,Most,0,,0,,0,,1,,0,,CCNC1CC(C)S(=O)(=O)c2sc(S(N)(=O)=O)cc21,ccnc1cc(c)s(=o)(=o)c2sc(s(n)(=o)=o)cc21,CCNC1CC(C)S(=O)(=O)c2sc(S(N)(=O)=O)cc21,Original,,,,,,,,
DORZOLAMIDE HYDROCHLORIDE,0,,1,Most,1,Most,0,,0,,0,,1,,0,,CCN[C@H]1C[C@H](C)S(=O)(=O)c2sc(S(N)(=O)=O)cc21,ccn[c@h]1c[c@h](c)s(=o)(=o)c2sc(s(n)(=o)=o)cc21,CCN[C@H]1C[C@H](C)S(=O)(=O)c2sc(S(N)(=O)=O)cc21,Original,,,,,,,,
DOSTARLIMAB,0,,1,Most,1,Most,0,,1,Most,0,,1,Most,1,Most,Not found,not found,,NotFound,DOSTARLIMAB,DOSTARLIMAB,,,not_found | variants_tried=1,,,
DOXAZOSIN,1,Most,1,,1,,1,,1,,0,,0,,0,,COc1cc2nc(N3CCN(C(=O)C4COc5ccccc5O4)CC3)nc(N)c2cc1OC,coc1cc2nc(n3ccn(c(=o)c4coc5ccccc5o4)cc3)nc(n)c2cc1oc,COc1cc2nc(N3CCN(C(=O)C4COc5ccccc5O4)CC3)nc(N)c2cc1OC,Original,,,,,,,,
DOXAZOSIN MESYLATE,1,Most,1,,1,,0,,1,Most,0,,0,,0,,COc1cc2nc(N3CCN(C(=O)C4COc5ccccc5O4)CC3)nc(N)c2cc1OC,coc1cc2nc(n3ccn(c(=o)c4coc5ccccc5o4)cc3)nc(n)c2cc1oc,COc1cc2nc(N3CCN(C(=O)C4COc5ccccc5O4)CC3)nc(N)c2cc1OC,Original,,,,,,,,
DOXAZOSIN; DOXAZOSIN MESYLATE,1,Most,1,Most,1,,1,,1,Most,0,,0,,0,,Not found,not found,COc1cc2nc(N3CCN(C(=O)C4COc5ccccc5O4)CC3)nc(N)c2cc1OC.CS(=O)(=O)O,ChEMBL,,,,,,,,
DOXEPIN,1,,1,Most,1,,1,Most,1,,1,,0,,0,,CN(C)CCC=C1c2ccccc2COc2ccccc21,cn(c)ccc=c1c2ccccc2coc2ccccc21,CN(C)CCC=C1c2ccccc2COc2ccccc21,Original,,,,,,,,
DOXEPIN HCL,1,Most,1,,1,Most,0,,0,,0,,0,,0,,CN(C)CCC=C1c2ccccc2COc2ccccc21,cn(c)ccc=c1c2ccccc2coc2ccccc21,CN(C)CCC=C1c2ccccc2COc2ccccc21,Original,,,,,,,,
DOXEPIN HYDROCHLORIDE; DOXEPN HYDROCHLORIDE,1,Most,1,,1,,0,,0,,0,,0,,0,,Not found,not found,CN(C)CC/C=C1\c2ccccc2COc2ccccc21,ChEMBL,,,,,,,,
DOXORUBICIN; DOXORUBICIN HYDROCHLORIDE,1,Most,1,Most,1,Most,1,Most,1,Most,0,,1,Most,0,,Not found,not found,COc1cccc2c1C(=O)c1c(O)c3c(c(O)c1C2=O)C[C@@](O)(C(=O)COC(=O)CCCC(=O)NCCCC[C@@H](NC(=O)[C@H](Cc1ccc(O)cc1)NC(=O)[C@H](CO)NC(=O)[C@H](Cc1c[nH]c2ccccc12)NC(=O)[C@H](Cc1c[nH]cn1)NC(=O)[C@@H]1CCC(=O)N1)C(=O)N[C@@H](CC(C)C)C(=O)N[C@@H](CCCNC(=N)N)C(=O)N1CCC[C@H]1C(=O)NCC(N)=O)C[C@@H]3O[C@H]1C[C@H](N)[C@H](O)[C@H](C)O1,ChEMBL,,,,,,,,
DOXY 100(TM) DOXYCYCLINE,0,,1,Most,1,Most,0,,1,,0,,0,,0,,Not found,not found,C[C@H]1c2cccc(O)c2C(=O)C2=C(O)[C@]3(O)C(=O)C(C(N)=O)=C(O)[C@@H](N(C)C)[C@@H]3[C@@H](O)[C@@H]21.Cl,ChEMBL,,,,,,,,
DOXYCLYCLINE HYCLATE,0,,1,Most,1,Most,1,Most,1,,0,,0,,1,,Not found,not found,CCO.C[C@H]1c2cccc(O)c2C(=O)C2=C(O)[C@]3(O)C(=O)C(C(N)=O)=C(O)[C@@H](N(C)C)[C@@H]3[C@@H](O)[C@@H]21.C[C@H]1c2cccc(O)c2C(=O)C2=C(O)[C@]3(O)C(=O)C(C(N)=O)=C(O)[C@@H](N(C)C)[C@@H]3[C@@H](O)[C@@H]21.Cl.Cl.O,ChEMBL,,,,,,,,
DOXYCYCLINE MONOHYDRATE,0,,1,Most,1,Most,0,,1,Most,0,,0,,1,,CC1c2cccc(O)c2C(O)=C2C(=O)C3(O)C(O)=C(C(N)=O)C(=O)C(N(C)C)C3C(O)C21,cc1c2cccc(o)c2c(o)=c2c(=o)c3(o)c(o)=c(c(n)=o)c(=o)c(n(c)c)c3c(o)c21,CC1c2cccc(O)c2C(O)=C2C(=O)C3(O)C(O)=C(C(N)=O)C(=O)C(N(C)C)C3C(O)C21,Original,,,,,,,,
DOXYCYCLINE; DOXYCYCLINE MONOHYDRATE,0,,1,Most,1,Most,0,,1,Most,0,,0,,1,Most,Not found,not found,C[C@H]1c2cccc(O)c2C(=O)C2=C(O)[C@]3(O)C(=O)C(C(N)=O)=C(O)[C@@H](N(C)C)[C@@H]3[C@@H](O)[C@@H]21.Cl,ChEMBL,,,,,,,,
DULAGLUTIDE,0,,1,Most,0,,1,,0,,0,,0,,1,Most,Not found,not found,,NotFound,DULAGLUTIDE,DULAGLUTIDE,,,not_found | variants_tried=1,,None,no_hit | variants=['DULAGLUTIDE']
DULOXETIN HYDROCHLORIDE,1,Most,1,Most,1,Most,0,,1,Most,0,,0,,0,,CNCCC(Oc1cccc2ccccc12)c1cccs1,cnccc(oc1cccc2ccccc12)c1cccs1,CNCCC(Oc1cccc2ccccc12)c1cccs1,Original,,,,,,,,
DULOXETINE DELAYED-RELEASE CAPSULES,1,,1,Most,1,Most,0,,1,Most,1,,0,,1,Most,CNCCC(Oc1cccc2ccccc12)c1cccs1,cnccc(oc1cccc2ccccc12)c1cccs1,CNCCC(Oc1cccc2ccccc12)c1cccs1,Original,,,,,,,,
DULOXETINE HCL,1,Most,1,Most,1,Most,0,,1,Most,0,,0,,1,Most,CNCCC(Oc1cccc2ccccc12)c1cccs1,cnccc(oc1cccc2ccccc12)c1cccs1,CNCCC(Oc1cccc2ccccc12)c1cccs1,Original,,,,,,,,
DULOXETINE HYDROCHLORIDE,1,,1,Most,1,Most,0,,1,Most,1,,0,,1,Most,CNCC[C@H](Oc1cccc2ccccc12)c1cccs1,cncc[c@h](oc1cccc2ccccc12)c1cccs1,CNCC[C@H](Oc1cccc2ccccc12)c1cccs1,Original,,,,,,,,
DUPILUMAB,1,,1,Most,1,,0,,0,,0,,0,,0,,Not found,not found,,NotFound,DUPILUMAB,DUPILUMAB,,,not_found | variants_tried=1,,,
DUREZOL,0,,1,,0,,0,,0,,0,,0,,0,,CCCC(=O)OC1(C(=O)COC(C)=O)CCC2C3CC(F)C4=CC(=O)C=CC4(C)C3(F)C(O)CC21C,cccc(=o)oc1(c(=o)coc(c)=o)ccc2c3cc(f)c4=cc(=o)c=cc4(c)c3(f)c(o)cc21c,CCCC(=O)OC1(C(=O)COC(C)=O)CCC2C3CC(F)C4=CC(=O)C=CC4(C)C3(F)C(O)CC21C,Original,,,,,,,,
DURVALUMAB,1,Most,1,Most,1,Most,0,,1,Most,0,,1,Most,1,Most,Not found,not found,,NotFound,DURVALUMAB,DURVALUMAB,,,not_found | variants_tried=1,,,
ECALLANTIDE,0,,1,Most,0,,0,,0,,0,,0,,0,,CCC(C)C1NC(=O)C(Cc2ccccc2)NC(=O)C(CCC(=O)O)NC(=O)C(CCC(=O)O)NC(=O)C2CSSCC3NC(=O)C(CCC(=O)O)NC(=O)C(CCC(=O)O)NC(=O)C(CC(C)C)NC(=O)C(CO)NC(=O)C(CCC(=O)O)NC(=O)C(Cc4ccccc4)NC(=O)C(CCCNC(=N)N)NC(=O)C(CC(N)=O)NC(=O)C(CCC(N)=O)NC(=O)C(CC(N)=O)NC(=O)CNC(=O)C(CCC(=O)O)NC(=O)C(CSSCC(NC(=O)C4CCCN4C(=O)CNC(=O)C(CC(=O)O)NC(=O)C(CC(=O)O)NC(=O)C(C)NC(=O)C(CCCCN)NC(=O)C(Cc4ccccc4)NC(=O)C(C)NC(=O)C(NC(=O)C(Cc4ccccc4)NC(=O)C(CO)NC(=O)C(Cc4cnc[nH]4)NC(=O)C(CCSC)NC(=O)C(C)NC(=O)C(N)CCC(=O)O)CSSCC(C(=O)NC(C(=O)NC(CCCNC(=N)N)C(=O)NC(CC(=O)O)C(=O)O)C(C)O)NC(=O)C(CCSC)NC(=O)C(CCCCN)NC(=O)C(CCCCN)NC3=O)C(=O)NC(CCCNC(=N)N)C(=O)NC(C)C(=O)NC(C)C(=O)NC(Cc3cnc[nH]3)C(=O)N3CCCC3C(=O)NC(CCCNC(=N)N)C(=O)NC(Cc3c[nH]c4ccccc34)C(=O)NC(Cc3ccccc3)C(=O)NC(Cc3ccccc3)C(=O)NC(CC(N)=O)C(=O)NC(C(C)CC)C(=O)NC(Cc3ccccc3)C(=O)NC(C(C)O)C(=O)NC(CCCNC(=N)N)C(=O)NC(CCC(N)=O)C(=O)N2)NC(=O)CNC(=O)CNC(=O)C(Cc2ccc(O)cc2)NC1=O,ccc(c)c1nc(=o)c(cc2ccccc2)nc(=o)c(ccc(=o)o)nc(=o)c(ccc(=o)o)nc(=o)c2csscc3nc(=o)c(ccc(=o)o)nc(=o)c(ccc(=o)o)nc(=o)c(cc(c)c)nc(=o)c(co)nc(=o)c(ccc(=o)o)nc(=o)c(cc4ccccc4)nc(=o)c(cccnc(=n)n)nc(=o)c(cc(n)=o)nc(=o)c(ccc(n)=o)nc(=o)c(cc(n)=o)nc(=o)cnc(=o)c(ccc(=o)o)nc(=o)c(csscc(nc(=o)c4cccn4c(=o)cnc(=o)c(cc(=o)o)nc(=o)c(cc(=o)o)nc(=o)c(c)nc(=o)c(ccccn)nc(=o)c(cc4ccccc4)nc(=o)c(c)nc(=o)c(nc(=o)c(cc4ccccc4)nc(=o)c(co)nc(=o)c(cc4cnc[nh]4)nc(=o)c(ccsc)nc(=o)c(c)nc(=o)c(n)ccc(=o)o)csscc(c(=o)nc(c(=o)nc(cccnc(=n)n)c(=o)nc(cc(=o)o)c(=o)o)c(c)o)nc(=o)c(ccsc)nc(=o)c(ccccn)nc(=o)c(ccccn)nc3=o)c(=o)nc(cccnc(=n)n)c(=o)nc(c)c(=o)nc(c)c(=o)nc(cc3cnc[nh]3)c(=o)n3cccc3c(=o)nc(cccnc(=n)n)c(=o)nc(cc3c[nh]c4ccccc34)c(=o)nc(cc3ccccc3)c(=o)nc(cc3ccccc3)c(=o)nc(cc(n)=o)c(=o)nc(c(c)cc)c(=o)nc(cc3ccccc3)c(=o)nc(c(c)o)c(=o)nc(cccnc(=n)n)c(=o)nc(ccc(n)=o)c(=o)n2)nc(=o)cnc(=o)cnc(=o)c(cc2ccc(o)cc2)nc1=o,CCC(C)C1NC(=O)C(Cc2ccccc2)NC(=O)C(CCC(=O)O)NC(=O)C(CCC(=O)O)NC(=O)C2CSSCC3NC(=O)C(CCC(=O)O)NC(=O)C(CCC(=O)O)NC(=O)C(CC(C)C)NC(=O)C(CO)NC(=O)C(CCC(=O)O)NC(=O)C(Cc4ccccc4)NC(=O)C(CCCNC(=N)N)NC(=O)C(CC(N)=O)NC(=O)C(CCC(N)=O)NC(=O)C(CC(N)=O)NC(=O)CNC(=O)C(CCC(=O)O)NC(=O)C(CSSCC(NC(=O)C4CCCN4C(=O)CNC(=O)C(CC(=O)O)NC(=O)C(CC(=O)O)NC(=O)C(C)NC(=O)C(CCCCN)NC(=O)C(Cc4ccccc4)NC(=O)C(C)NC(=O)C(NC(=O)C(Cc4ccccc4)NC(=O)C(CO)NC(=O)C(Cc4cnc[nH]4)NC(=O)C(CCSC)NC(=O)C(C)NC(=O)C(N)CCC(=O)O)CSSCC(C(=O)NC(C(=O)NC(CCCNC(=N)N)C(=O)NC(CC(=O)O)C(=O)O)C(C)O)NC(=O)C(CCSC)NC(=O)C(CCCCN)NC(=O)C(CCCCN)NC3=O)C(=O)NC(CCCNC(=N)N)C(=O)NC(C)C(=O)NC(C)C(=O)NC(Cc3cnc[nH]3)C(=O)N3CCCC3C(=O)NC(CCCNC(=N)N)C(=O)NC(Cc3c[nH]c4ccccc34)C(=O)NC(Cc3ccccc3)C(=O)NC(Cc3ccccc3)C(=O)NC(CC(N)=O)C(=O)NC(C(C)CC)C(=O)NC(Cc3ccccc3)C(=O)NC(C(C)O)C(=O)NC(CCCNC(=N)N)C(=O)NC(CCC(N)=O)C(=O)N2)NC(=O)CNC(=O)CNC(=O)C(Cc2ccc(O)cc2)NC1=O,Original,,,,,,,,
ECHOTHIOPHATE IODIDE FOR OPHTHALMIC SOLUTION,1,Most,1,,0,,0,,0,,0,,1,,0,,CCOP(=O)(OCC)SCC[N+](C)(C)C,ccop(=o)(occ)scc[n+](c)(c)c,CCOP(=O)(OCC)SCC[N+](C)(C)C,Original,,,,,,,,
ECULIZUMAB,0,,1,Most,1,,0,,0,,0,,0,,0,,Not found,not found,,NotFound,ECULIZUMAB,ECULIZUMAB,,,not_found | variants_tried=1,,,
EFBEMALENOGRASTIM ALFA-VUXW,0,,1,,1,Most,0,,0,,0,,1,Most,1,Most,Not found,not found,,NotFound,EFBEMALENOGRASTIM ALFA-VUXW,EFBEMALENOGRASTIM ALFA-VUXW,,,not_found | variants_tried=4,,None,"no_hit | variants=['EFBEMALENOGRASTIM ALFA VUXW', 'EFBEMALENOGRASTIM VUXW', 'EFBEMALENOGRASTIM', 'EFBEMALENOGRASTIM ALFA']"
EFGARTIGIMOD ALFA,0,,1,,1,Most,0,,0,,0,,0,,0,,Not found,not found,,NotFound,EFGARTIGIMOD ALFA,EFGARTIGIMOD ALFA,,,not_found | variants_tried=2,,,
EFLAPEGRASTIM-XNST,0,,1,Most,1,Most,0,,0,,0,,1,Most,1,Most,Not found,not found,,NotFound,EFLAPEGRASTIM-XNST,EFLAPEGRASTIM-XNST,,,not_found | variants_tried=3,,None,"no_hit | variants=['EFLAPEGRASTIM XNST', 'EFLAPEGRASTIM']"
EFLORNITHINE HYDROCHLORIDE,0,,1,Most,1,Most,0,,1,Most,1,Most,0,,0,,NCCCC(N)(C(=O)O)C(F)F,ncccc(n)(c(=o)o)c(f)f,NCCCC(N)(C(=O)O)C(F)F,Original,,,,,,,,
ELACESTRANT,0,,1,,1,Most,1,Most,1,Most,0,,0,,1,,CCNCCc1ccc(CN(CC)c2cc(OC)ccc2[C@@H]2CCc3cc(O)ccc3C2)cc1,ccnccc1ccc(cn(cc)c2cc(oc)ccc2[c@@h]2ccc3cc(o)ccc3c2)cc1,CCNCCc1ccc(CN(CC)c2cc(OC)ccc2[C@@H]2CCc3cc(O)ccc3C2)cc1,Original,,,,,,,,
ELAPEGADEMASE-LVLR,0,,1,,1,Most,0,,0,,0,,0,,0,,COCCOC(=O)NCCCCC(N)C(=O)O,coccoc(=o)nccccc(n)c(=o)o,COCCOC(=O)NCCCCC(N)C(=O)O,Original,,,,,,,,
ELETRIPTAN HBR,1,Most,1,,0,,1,Most,0,,0,,0,,0,,CN1CCCC1Cc1c[nH]c2ccc(CCS(=O)(=O)c3ccccc3)cc12,cn1cccc1cc1c[nh]c2ccc(ccs(=o)(=o)c3ccccc3)cc12,CN1CCCC1Cc1c[nH]c2ccc(CCS(=O)(=O)c3ccccc3)cc12,Original,,,,,,,,
ELOSULFASE ALFA,0,,1,Most,0,,0,,0,,0,,1,Most,0,,Not found,not found,,NotFound,ELOSULFASE ALFA,ELOSULFASE ALFA,,,not_found | variants_tried=2,,,
ELOTUZUMAB,0,,1,,1,Most,0,,1,Most,0,,0,,0,,Not found,not found,,NotFound,ELOTUZUMAB,ELOTUZUMAB,,,not_found | variants_tried=1,,,
ELRANATAMAB-BCMM,1,,1,Most,1,Most,0,,1,Most,0,,0,,0,,Not found,not found,,NotFound,ELRANATAMAB-BCMM,ELRANATAMAB-BCMM,,,not_found | variants_tried=3,,None,"no_hit | variants=['ELRANATAMAB BCMM', 'ELRANATAMAB']"
ELTROMBOPAG,0,,1,,1,Most,0,,1,Most,0,,0,,1,Most,CC1=NN(c2ccc(C)c(C)c2)C(=O)/C1=N\Nc1cccc(-c2cccc(C(=O)O)c2)c1O,cc1=nn(c2ccc(c)c(c)c2)c(=o)/c1=n\nc1cccc(-c2cccc(c(=o)o)c2)c1o,CC1=NN(c2ccc(C)c(C)c2)C(=O)/C1=N\Nc1cccc(-c2cccc(C(=O)O)c2)c1O,Original,,,,,,,,
EMAPALUMAB-LZSG,0,,1,Most,0,,0,,0,,0,,0,,0,,Not found,not found,,NotFound,EMAPALUMAB-LZSG,EMAPALUMAB-LZSG,,,not_found | variants_tried=3,,None,"no_hit | variants=['EMAPALUMAB LZSG', 'EMAPALUMAB']"
EMICIZUMAB,0,,1,,1,Most,0,,0,,0,,0,,0,,Not found,not found,,NotFound,EMICIZUMAB,EMICIZUMAB,,,not_found | variants_tried=1,,,
ENALAPRIL,1,,1,Most,1,,0,,1,,0,,1,Most,1,Most,CCOC(=O)[C@H](CCc1ccccc1)N[C@@H](C)C(=O)N1CCC[C@H]1C(=O)O,ccoc(=o)[c@h](ccc1ccccc1)n[c@@h](c)c(=o)n1ccc[c@h]1c(=o)o,CCOC(=O)[C@H](CCc1ccccc1)N[C@@H](C)C(=O)N1CCC[C@H]1C(=O)O,Original,,,,,,,,
ENALAPRIL MALEATE,1,,1,Most,1,,0,,1,Most,0,,1,Most,1,Most,CCOC(=O)[C@H](CCc1ccccc1)N[C@@H](C)C(=O)N1CCC[C@H]1C(=O)O.O=C(O)/C=C\C(=O)O,ccoc(=o)[c@h](ccc1ccccc1)n[c@@h](c)c(=o)n1ccc[c@h]1c(=o)o.o=c(o)/c=c\c(=o)o,CCOC(=O)[C@H](CCc1ccccc1)N[C@@H](C)C(=O)N1CCC[C@H]1C(=O)O.O=C(O)/C=C\C(=O)O,Original,,,,,,,,
ENALAPRIL MALEATE ORAL SOLUTION,1,,1,Most,1,,0,,1,Most,0,,1,Most,1,Most,CCOC(=O)C(CCc1ccccc1)NC(C)C(=O)N1CCCC1C(=O)O.O=C(O)C=CC(=O)O,ccoc(=o)c(ccc1ccccc1)nc(c)c(=o)n1cccc1c(=o)o.o=c(o)c=cc(=o)o,CCOC(=O)C(CCc1ccccc1)NC(C)C(=O)N1CCCC1C(=O)O.O=C(O)C=CC(=O)O,Original,,,,,,,,
ENFORTUMAB VEDOTIN,0,,1,Most,1,Most,1,Most,1,Most,0,,1,Most,1,Most,Not found,not found,CC[C@H](C)[C@@H]([C@@H](CC(=O)N1CCC[C@H]1[C@H](OC)[C@@H](C)C(=O)N[C@H](C)[C@@H](O)c1ccccc1)OC)N(C)C(=O)[C@@H](NC(=O)[C@H](C(C)C)N(C)C(=O)OCc1ccc(NC(=O)[C@H](CCCNC(N)=O)NC(=O)[C@@H](NC(=O)CCCCCN2C(=O)CCC2=O)C(C)C)cc1)C(C)C,ChEMBL,ENFORTUMAB VEDOTIN,ENFORTUMAB VEDOTIN,CC[C@H](C)[C@@H]([C@@H](CC(=O)N1CCC[C@H]1[C@H](OC)[C@@H](C)C(=O)N[C@H](C)[C@@H](O)c1ccccc1)OC)N(C)C(=O)[C@@H](NC(=O)[C@H](C(C)C)N(C)C(=O)OCc1ccc(NC(=O)[C@H](CCCNC(N)=O)NC(=O)[C@@H](NC(=O)CCCCCN2C(=O)CCC2=O)C(C)C)cc1)C(C)C,ChEMBL,found_chembl | variants_tried=2,,,
ENOXAPARIN SODIUM,0,,1,Most,1,Most,0,,1,,0,,0,,0,,CC(=O)NC1C(OC2C(C(=O)O)OC(OC3C4COC(O4)C(NS(=O)(=O)O)C3O)C(O)C2O)OC(CO)C(OC2CC(C(=O)O)C(OC3OC(COS(=O)(=O)O)C(OC4OC(C(=O)O)=CC(O)C4O)C(O)C3NC(C)=O)C(O)C2O)C1C,cc(=o)nc1c(oc2c(c(=o)o)oc(oc3c4coc(o4)c(ns(=o)(=o)o)c3o)c(o)c2o)oc(co)c(oc2cc(c(=o)o)c(oc3oc(cos(=o)(=o)o)c(oc4oc(c(=o)o)=cc(o)c4o)c(o)c3nc(c)=o)c(o)c2o)c1c,CC(=O)NC1C(OC2C(C(=O)O)OC(OC3C4COC(O4)C(NS(=O)(=O)O)C3O)C(O)C2O)OC(CO)C(OC2CC(C(=O)O)C(OC3OC(COS(=O)(=O)O)C(OC4OC(C(=O)O)=CC(O)C4O)C(O)C3NC(C)=O)C(O)C2O)C1C,Original,,,,,,,,
EPCORITAMAB-BYSP,1,,1,,1,Most,0,,1,,0,,1,,0,,Not found,not found,,NotFound,EPCORITAMAB-BYSP,EPCORITAMAB-BYSP,,,not_found | variants_tried=3,,None,"no_hit | variants=['EPCORITAMAB BYSP', 'EPCORITAMAB']"
EPINASTINE HYDROCHLORIDE,0,,0,,0,,1,,0,,0,,0,,0,,NC1=NCC2c3ccccc3Cc3ccccc3N12,nc1=ncc2c3ccccc3cc3ccccc3n12,NC1=NCC2c3ccccc3Cc3ccccc3N12,Original,,,,,,,,
EPINEPHRINE,1,Most,1,Most,0,,1,Most,0,,0,,1,Most,1,Most,CNC[C@H](O)c1ccc(O)c(O)c1,cnc[c@h](o)c1ccc(o)c(o)c1,CNC[C@H](O)c1ccc(O)c(O)c1,Original,,,,,,,,
EPINEPHRINE CONVENIENCE KIT,0,,0,,0,,0,,0,,0,,0,,0,,CC(C)O,cc(c)o,CC(C)O,Original,,,,,,,,
EPINEPRINE,1,Most,1,Most,0,,1,Most,0,,0,,1,Most,1,Most,CNCC(O)c1ccc(O)c(O)c1,cncc(o)c1ccc(o)c(o)c1,CNCC(O)c1ccc(O)c(O)c1,Original,,,,,,,,
EPLONTERSEN,1,,1,,0,,0,,0,,0,,0,,0,,Not found,not found,,NotFound,EPLONTERSEN,EPLONTERSEN,,,not_found | variants_tried=1,,,
EPOETIN ALFA,1,Most,1,Most,1,Most,1,,0,,0,,1,,0,,COC1C(O)CC(=O)OC(C)CC=CC=CC(OC2CC(C)(O)C(O)C(C)O2)C(C)CC(CCO)C1OC1OC(C)C(OC2CC(C)(O)C(O)C(C)O2)C(N(C)C)C1O,coc1c(o)cc(=o)oc(c)cc=cc=cc(oc2cc(c)(o)c(o)c(c)o2)c(c)cc(cco)c1oc1oc(c)c(oc2cc(c)(o)c(o)c(c)o2)c(n(c)c)c1o,COC1C(O)CC(=O)OC(C)CC=CC=CC(OC2CC(C)(O)C(O)C(C)O2)C(C)CC(CCO)C1OC1OC(C)C(OC2CC(C)(O)C(O)C(C)O2)C(N(C)C)C1O,Original,,,,,,,,
EPOETIN ALFA-EPBX,1,Most,1,Most,1,Most,1,,0,,0,,0,,0,,Not found,not found,,NotFound,EPOETIN ALFA-EPBX,EPOETIN ALFA-EPBX,,,not_found | variants_tried=4,,None,"no_hit | variants=['EPOETIN ALFA EPBX', 'EPOETIN EPBX', 'EPOETIN', 'EPOETIN ALFA']"
EPTINEZUMAB-JJMR,0,,1,,0,,0,,0,,0,,0,,0,,Not found,not found,,NotFound,EPTINEZUMAB-JJMR,EPTINEZUMAB-JJMR,,,not_found | variants_tried=3,,None,"no_hit | variants=['EPTINEZUMAB JJMR', 'EPTINEZUMAB']"
ERENUMAB-AOOE,1,,1,,0,,0,,0,,0,,0,,0,,Not found,not found,,NotFound,ERENUMAB-AOOE,ERENUMAB-AOOE,,,not_found | variants_tried=3,,None,"no_hit | variants=['ERENUMAB AOOE', 'ERENUMAB']"
ERGOCALCIFEROL,1,Most,0,,1,Most,0,,0,,0,,1,Most,1,Most,C=C1CC[C@H](O)C/C1=C/C=C1\CCC[C@]2(C)[C@@H]([C@H](C)/C=C/[C@H](C)C(C)C)CC[C@@H]12,c=c1cc[c@h](o)c/c1=c/c=c1\ccc[c@]2(c)[c@@h]([c@h](c)/c=c/[c@h](c)c(c)c)cc[c@@h]12,C=C1CC[C@H](O)C/C1=C/C=C1\CCC[C@]2(C)[C@@H]([C@H](C)/C=C/[C@H](C)C(C)C)CC[C@@H]12,Original,,,,,,,,
ERGOCALCIFEROL (VITAMIN D2),1,Most,0,,1,,0,,0,,0,,1,,1,Most,Not found,not found,C=C1CC[C@H](O)C/C1=C/C=C1\CCC[C@]2(C)[C@@H]([C@H](C)/C=C/[C@H](C)C(C)C)CC[C@@H]12,ChEMBL,,,,,,,,
ERTAPENEM,0,,1,Most,1,,0,,0,,0,,0,,1,,C[C@@H](O)[C@H]1C(=O)N2C(C(=O)O)=C(S[C@@H]3CN[C@H](C(=O)Nc4cccc(C(=O)O)c4)C3)[C@H](C)[C@H]12,c[c@@h](o)[c@h]1c(=o)n2c(c(=o)o)=c(s[c@@h]3cn[c@h](c(=o)nc4cccc(c(=o)o)c4)c3)[c@h](c)[c@h]12,C[C@@H](O)[C@H]1C(=O)N2C(C(=O)O)=C(S[C@@H]3CN[C@H](C(=O)Nc4cccc(C(=O)O)c4)C3)[C@H](C)[C@H]12,Original,,,,,,,,
ERYTHROMYCIN,0,,1,Most,0,,0,,0,,0,,0,,0,,CC[C@H]1OC(=O)[C@H](C)[C@@H](O[C@H]2C[C@@](C)(OC)[C@@H](O)[C@H](C)O2)[C@H](C)[C@@H](O[C@@H]2O[C@H](C)C[C@H](N(C)C)[C@H]2O)[C@](C)(O)C[C@@H](C)C(=O)[C@H](C)[C@@H](O)[C@]1(C)O,cc[c@h]1oc(=o)[c@h](c)[c@@h](o[c@h]2c[c@@](c)(oc)[c@@h](o)[c@h](c)o2)[c@h](c)[c@@h](o[c@@h]2o[c@h](c)c[c@h](n(c)c)[c@h]2o)[c@](c)(o)c[c@@h](c)c(=o)[c@h](c)[c@@h](o)[c@]1(c)o,CC[C@H]1OC(=O)[C@H](C)[C@@H](O[C@H]2C[C@@](C)(OC)[C@@H](O)[C@H](C)O2)[C@H](C)[C@@H](O[C@@H]2O[C@H](C)C[C@H](N(C)C)[C@H]2O)[C@](C)(O)C[C@@H](C)C(=O)[C@H](C)[C@@H](O)[C@]1(C)O,Original,,,,,,,,
ERYTHROPOIETIN,1,Most,1,Most,1,Most,1,,0,,0,,0,,0,,COC1C(O)CC(=O)OC(C)CC=CC=CC(OC2CC(C)(O)C(O)C(C)O2)C(C)CC(CCO)C1OC1OC(C)C(OC2CC(C)(O)C(O)C(C)O2)C(N(C)C)C1O,coc1c(o)cc(=o)oc(c)cc=cc=cc(oc2cc(c)(o)c(o)c(c)o2)c(c)cc(cco)c1oc1oc(c)c(oc2cc(c)(o)c(o)c(c)o2)c(n(c)c)c1o,COC1C(O)CC(=O)OC(C)CC=CC=CC(OC2CC(C)(O)C(O)C(C)O2)C(C)CC(CCO)C1OC1OC(C)C(OC2CC(C)(O)C(O)C(C)O2)C(N(C)C)C1O,Original,,,,,,,,
ESCITALOPRAM ORAL,1,,1,Most,1,Most,1,Most,1,Most,1,,1,Most,0,,CN(C)CCCC1(c2ccc(F)cc2)OCc2cc(C#N)ccc21.O=C(O)C(=O)O,cn(c)cccc1(c2ccc(f)cc2)occ2cc(c#n)ccc21.o=c(o)c(=o)o,CN(C)CCCC1(c2ccc(F)cc2)OCc2cc(C#N)ccc21.O=C(O)C(=O)O,Original,,,,,,,,
ESCITALOPRAM OXALATE,1,,1,Most,1,Most,1,Most,1,Most,0,,1,Most,1,,CN(C)CCC[C@@]1(c2ccc(F)cc2)OCc2cc(C#N)ccc21.O=C(O)C(=O)O,cn(c)ccc[c@@]1(c2ccc(f)cc2)occ2cc(c#n)ccc21.o=c(o)c(=o)o,CN(C)CCC[C@@]1(c2ccc(F)cc2)OCc2cc(C#N)ccc21.O=C(O)C(=O)O,Original,,,,,,,,
ESCITSLOPRAM,1,,1,Most,1,Most,1,Most,1,Most,1,,1,Most,0,,CN(C)CCCC1(c2ccc(F)cc2)OCc2cc(C#N)ccc21.O=C(O)C(=O)O,cn(c)cccc1(c2ccc(f)cc2)occ2cc(c#n)ccc21.o=c(o)c(=o)o,CN(C)CCCC1(c2ccc(F)cc2)OCc2cc(C#N)ccc21.O=C(O)C(=O)O,Original,,,,,,,,
ESKETAMINE HYDROCHLORIDE,1,Most,1,,0,,0,,0,,0,,1,Most,0,,CN[C@]1(c2ccccc2Cl)CCCCC1=O,cn[c@]1(c2ccccc2cl)ccccc1=o,CN[C@]1(c2ccccc2Cl)CCCCC1=O,Original,,,,,,,,
ESMOLOL,1,Most,1,Most,0,,0,,0,,0,,1,,0,,COC(=O)CCc1ccc(OCC(O)CNC(C)C)cc1,coc(=o)ccc1ccc(occ(o)cnc(c)c)cc1,COC(=O)CCc1ccc(OCC(O)CNC(C)C)cc1,Original,,,,,,,,
ESMOLOL HYDROCHLORIDE IN SODIUM CHLORIDE,1,Most,1,Most,0,,0,,0,,0,,1,,0,,COC(=O)CCc1ccc(OCC(O)CNC(C)C)cc1,coc(=o)ccc1ccc(occ(o)cnc(c)c)cc1,COC(=O)CCc1ccc(OCC(O)CNC(C)C)cc1,Original,,,,,,,,
ESOMEPRAZOLE DR,0,,1,Most,1,Most,0,,1,Most,0,,0,,1,Most,COc1ccc2[nH]c([S+]([O-])Cc3ncc(C)c(OC)c3C)nc2c1.COc1ccc2[nH]c([S+]([O-])Cc3ncc(C)c(OC)c3C)nc2c1,coc1ccc2[nh]c([s+]([o-])cc3ncc(c)c(oc)c3c)nc2c1.coc1ccc2[nh]c([s+]([o-])cc3ncc(c)c(oc)c3c)nc2c1,COc1ccc2[nH]c([S+]([O-])Cc3ncc(C)c(OC)c3C)nc2c1.COc1ccc2[nH]c([S+]([O-])Cc3ncc(C)c(OC)c3C)nc2c1,Original,,,,,,,,
ESOMEPRAZOLE MAGNESIUM DELAYED RELEASE CAPSULES,0,,1,Most,1,Most,0,,1,Most,0,,0,,1,Most,COc1ccc2[nH]c([S+]([O-])Cc3ncc(C)c(OC)c3C)nc2c1.COc1ccc2[nH]c([S+]([O-])Cc3ncc(C)c(OC)c3C)nc2c1,coc1ccc2[nh]c([s+]([o-])cc3ncc(c)c(oc)c3c)nc2c1.coc1ccc2[nh]c([s+]([o-])cc3ncc(c)c(oc)c3c)nc2c1,COc1ccc2[nH]c([S+]([O-])Cc3ncc(C)c(OC)c3C)nc2c1.COc1ccc2[nH]c([S+]([O-])Cc3ncc(C)c(OC)c3C)nc2c1,Original,,,,,,,,
ESOMEPRAZOLE STRONTIUM,1,,1,Most,1,Most,0,,1,Most,0,,0,,1,Most,COc1ccc2[nH]c([S@@+]([O-])Cc3ncc(C)c(OC)c3C)nc2c1.COc1ccc2[nH]c([S@@+]([O-])Cc3ncc(C)c(OC)c3C)nc2c1,coc1ccc2[nh]c([s@@+]([o-])cc3ncc(c)c(oc)c3c)nc2c1.coc1ccc2[nh]c([s@@+]([o-])cc3ncc(c)c(oc)c3c)nc2c1,COc1ccc2[nH]c([S@@+]([O-])Cc3ncc(C)c(OC)c3C)nc2c1.COc1ccc2[nH]c([S@@+]([O-])Cc3ncc(C)c(OC)c3C)nc2c1,Original,,,,,,,,
ESTRADIOL ACETATE,1,Most,1,Most,1,Most,0,,0,,0,,1,Most,0,,CC(=O)Oc1ccc2c(c1)CC[C@@H]1[C@@H]2CC[C@]2(C)[C@@H](O)CC[C@@H]12,cc(=o)oc1ccc2c(c1)cc[c@@h]1[c@@h]2cc[c@]2(c)[c@@h](o)cc[c@@h]12,CC(=O)Oc1ccc2c(c1)CC[C@@H]1[C@@H]2CC[C@]2(C)[C@@H](O)CC[C@@H]12,Original,,,,,,,,
"ESTROGENS, CONJUGATED",1,Most,1,Most,1,Most,0,,1,Most,0,,1,Most,0,,CC12CCC3c4ccc(OS(=O)(=O)O)cc4CCC3C1CCC2=O,cc12ccc3c4ccc(os(=o)(=o)o)cc4ccc3c1ccc2=o,CC12CCC3c4ccc(OS(=O)(=O)O)cc4CCC3C1CCC2=O,Original,,,,,,,,
"ESTROGENS, ESTERIFIED",1,Most,1,Most,1,Most,1,Most,1,Most,0,,1,Most,0,,CC12CCC3c4ccc(O)cc4CCC3C1CCC2O,cc12ccc3c4ccc(o)cc4ccc3c1ccc2o,CC12CCC3c4ccc(O)cc4CCC3C1CCC2O,Original,,,,,,,,
ETANERCEPT,1,Most,1,Most,1,Most,0,,1,Most,0,,1,Most,0,,Not found,not found,,NotFound,ETANERCEPT,ETANERCEPT,,,not_found | variants_tried=1,,,
ETHACRYNATE SODIUM,1,Most,1,,1,,0,,1,Most,1,Most,0,,1,Most,C=C(CC)C(=O)c1ccc(OCC(=O)O)c(Cl)c1Cl,c=c(cc)c(=o)c1ccc(occ(=o)o)c(cl)c1cl,C=C(CC)C(=O)c1ccc(OCC(=O)O)c(Cl)c1Cl,Original,,,,,,,,
ETHIODIZED OIL,1,Most,1,Most,0,,0,,1,Most,0,,1,Most,1,Most,Not found,not found,,NotFound,ETHIODIZED OIL,ETHIODIZED OIL,,,not_found | variants_tried=2,,None,"no_hit | variants=['ETHIODIZED OIL', 'ETHIODIZED']"
ETOMIDATE INJECTION,1,,0,,0,,0,,0,,0,,0,,1,Most,CCOC(=O)c1cncn1C(C)c1ccccc1,ccoc(=o)c1cncn1c(c)c1ccccc1,CCOC(=O)c1cncn1C(C)c1ccccc1,Original,,,,,,,,
"ETOMIDATE INJECTION, SOLUTION",1,,0,,0,,0,,0,,0,,0,,1,Most,CCOC(=O)c1cncn1C(C)c1ccccc1,ccoc(=o)c1cncn1c(c)c1ccccc1,CCOC(=O)c1cncn1C(C)c1ccccc1,Original,,,,,,,,
ETRANACOGENE DEZAPARVOVEC,0,,1,,1,,0,,1,Most,0,,1,,0,,Not found,not found,,NotFound,ETRANACOGENE DEZAPARVOVEC,ETRANACOGENE DEZAPARVOVEC,,,not_found | variants_tried=2,,None,"no_hit | variants=['ETRANACOGENE DEZAPARVOVEC', 'ETRANACOGENE']"
ETRASIMOD,1,Most,1,Most,1,Most,1,,1,Most,0,,1,,0,,O=C(O)C[C@H]1CCc2c1[nH]c1ccc(OCc3ccc(C4CCCC4)c(C(F)(F)F)c3)cc21,o=c(o)c[c@h]1ccc2c1[nh]c1ccc(occ3ccc(c4cccc4)c(c(f)(f)f)c3)cc21,O=C(O)C[C@H]1CCc2c1[nH]c1ccc(OCc3ccc(C4CCCC4)c(C(F)(F)F)c3)cc21,Original,,,,,,,,
EVEROLIMUS TABLETS,1,Most,1,Most,1,Most,1,Most,1,Most,0,,1,Most,1,Most,COC1CC2CCC(C)C(O)(O2)C(=O)C(=O)N2CCCCC2C(=O)OC(C(C)CC2CCC(OCCO)C(OC)C2)CC(=O)C(C)C=C(C)C(O)C(OC)C(=O)C(C)CC(C)C=CC=CC=C1C,coc1cc2ccc(c)c(o)(o2)c(=o)c(=o)n2ccccc2c(=o)oc(c(c)cc2ccc(occo)c(oc)c2)cc(=o)c(c)c=c(c)c(o)c(oc)c(=o)c(c)cc(c)c=cc=cc=c1c,COC1CC2CCC(C)C(O)(O2)C(=O)C(=O)N2CCCCC2C(=O)OC(C(C)CC2CCC(OCCO)C(OC)C2)CC(=O)C(C)C=C(C)C(O)C(OC)C(=O)C(C)CC(C)C=CC=CC=C1C,Original,,,,,,,,
EVINACUMAB,0,,1,,0,,0,,0,,0,,0,,0,,Not found,not found,,NotFound,EVINACUMAB,EVINACUMAB,,,not_found | variants_tried=1,,,
EVOLOCUMAB,0,,1,,0,,0,,0,,0,,0,,0,,Not found,not found,,NotFound,EVOLOCUMAB,EVOLOCUMAB,,,not_found | variants_tried=1,,,
EVZIO(R) NALOXONE HCL,1,Most,1,,0,,0,,0,,0,,1,Most,0,,C=CCN1CCC23c4c5ccc(O)c4OC2C(=O)CCC3(O)C1C5,c=ccn1ccc23c4c5ccc(o)c4oc2c(=o)ccc3(o)c1c5,C=CCN1CCC23c4c5ccc(O)c4OC2C(=O)CCC3(O)C1C5,Original,,,,,,,,
EXTENDED PHENYTOIN SODIUM,1,Most,1,Most,1,Most,0,,1,Most,0,,0,,1,,O=C1NC(=O)C(c2ccccc2)(c2ccccc2)N1,o=c1nc(=o)c(c2ccccc2)(c2ccccc2)n1,O=C1NC(=O)C(c2ccccc2)(c2ccccc2)N1,Original,,,,,,,,
EXTENDED-RELEASE,1,,1,,1,Most,0,,1,Most,1,,1,Most,1,Most,CC(NC(C)(C)C)C(=O)c1cccc(Cl)c1,cc(nc(c)(c)c)c(=o)c1cccc(cl)c1,CC(NC(C)(C)C)C(=O)c1cccc(Cl)c1,Original,,,,,,,,
FAM-TRASTUZUMAB DERUXTECAN-NXKI,1,Most,1,Most,1,Most,1,Most,1,Most,0,,1,Most,1,Most,Not found,not found,CC[C@H](C)[C@H](NC(=O)[C@@H]1CCCN1C(=O)[C@@H](NC(=O)[C@H](C)N)C(C)C)C(=O)N[C@@H](C)C(=O)N[C@@H](CCC(N)=O)C(=O)N[C@@H](CCCCN)C(=O)N[C@@H](CO)C(=O)N[C@@H](CCC(=O)O)C(=O)N[C@@H](CCCCNC(=O)c1c(C(=O)ON2C(=O)CCC2=O)cccc1-c1c2ccc(=O)cc-2oc2cc(O)ccc12)C(=O)O,ChEMBL,FAM-TRASTUZUMAB DERUXTECAN-NXKI,FAM-TRASTUZUMAB DERUXTECAN-NXKI,CC[C@H](C)[C@H](NC(=O)[C@@H]1CCCN1C(=O)[C@@H](NC(=O)[C@H](C)N)C(C)C)C(=O)N[C@@H](C)C(=O)N[C@@H](CCC(N)=O)C(=O)N[C@@H](CCCCN)C(=O)N[C@@H](CO)C(=O)N[C@@H](CCC(=O)O)C(=O)N[C@@H](CCCCNC(=O)c1c(C(=O)ON2C(=O)CCC2=O)cccc1-c1c2ccc(=O)cc-2oc2cc(O)ccc12)C(=O)O,ChEMBL,found_chembl | variants_tried=4,,,
FARICIMAB,1,,1,,0,,1,,0,,0,,0,,0,,CN(C)CCN1CC(C(=O)N2CCC3(CC2)OCc2ccccc23)c2ccc(Cl)cc21,cn(c)ccn1cc(c(=o)n2ccc3(cc2)occ2ccccc23)c2ccc(cl)cc21,CN(C)CCN1CC(C(=O)N2CCC3(CC2)OCc2ccccc23)c2ccc(Cl)cc21,Original,,,,,,,,
FEBUXOSTAT TABLETS 40 MG; FEBUXOSTAT TABLETS 80 MG,1,Most,1,Most,1,Most,0,,1,Most,0,,0,,1,,Not found,not found,Cc1nc(-c2ccc(OCC(C)C)c(C#N)c2)sc1C(=O)O,ChEMBL,,,,,,,,
"FECAL MICROBIOTA SPORES, LIVE-BRPK",0,,0,,0,,0,,0,,0,,0,,0,,Not found,not found,COc1ccc(OC)c(C(O)C(C)N)c1.Cl,ChEMBL,FECAL,"FECAL MICROBIOTA SPORES, LIVE-BRPK",COc1ccc(OC)c(C(O)C(C)N)c1.Cl,ChEMBL,found_chembl | variants_tried=4,,,
FELODIPINE EXTENDED-RELEASE TABLETS,1,Most,1,Most,0,,0,,1,,0,,0,,0,,CCOC(=O)C1=C(C)NC(C)=C(C(=O)OC)C1c1cccc(Cl)c1Cl,ccoc(=o)c1=c(c)nc(c)=c(c(=o)oc)c1c1cccc(cl)c1cl,CCOC(=O)C1=C(C)NC(C)=C(C(=O)OC)C1c1cccc(Cl)c1Cl,Original,,,,,,,,
FENOPROFEN,1,Most,1,Most,1,Most,0,,1,Most,1,Most,1,Most,1,Most,CC(C(=O)O)c1cccc(Oc2ccccc2)c1,cc(c(=o)o)c1cccc(oc2ccccc2)c1,CC(C(=O)O)c1cccc(Oc2ccccc2)c1,Original,,,,,,,,
FENTANYL,1,Most,1,Most,1,Most,1,Most,0,,0,,1,Most,0,,CCC(=O)N(c1ccccc1)C1CCN(CCc2ccccc2)CC1,ccc(=o)n(c1ccccc1)c1ccn(ccc2ccccc2)cc1,CCC(=O)N(c1ccccc1)C1CCN(CCc2ccccc2)CC1,Original,,,,,,,,
FENTANYL CITRATE,1,Most,1,,0,,1,Most,0,,0,,1,Most,0,,CCC(=O)N(c1ccccc1)C1CCN(CCc2ccccc2)CC1.O=C(O)CC(O)(CC(=O)O)C(=O)O,ccc(=o)n(c1ccccc1)c1ccn(ccc2ccccc2)cc1.o=c(o)cc(o)(cc(=o)o)c(=o)o,CCC(=O)N(c1ccccc1)C1CCN(CCc2ccccc2)CC1.O=C(O)CC(O)(CC(=O)O)C(=O)O,Original,,,,,,,,
FENTANYL TRANSDERMAL,1,Most,1,Most,0,,1,Most,1,Most,0,,1,Most,1,Most,Not found,not found,CCC(=O)N(c1ccccc1)C1CCN(CCc2ccccc2)CC1.Cl,ChEMBL,,,,,,,,
FENTANYL TRANSDERMAL SYSTEM,1,,1,Most,0,,1,,0,,0,,1,Most,0,,CCC(=O)N(c1ccccc1)C1CCN(CCc2ccccc2)CC1,ccc(=o)n(c1ccccc1)c1ccn(ccc2ccccc2)cc1,CCC(=O)N(c1ccccc1)C1CCN(CCc2ccccc2)CC1,Original,,,,,,,,
FERRIC PYROPHOSPHATE; FERRIC PYROPHOSPHATE CITRATE,0,,1,,1,Most,0,,0,,0,,0,,0,,Not found,not found,O=P(O)(O)OP(=O)(O)O,ChEMBL,FERRIC PYROPHOSPHATE; FERRIC PYROPHOSPHATE CITRATE,FERRIC PYROPHOSPHATE; FERRIC PYROPHOSPHATE CITRATE,,,not_found | variants_tried=4,O=P(O)(O)OP(=O)(O)O,ChEMBL,query='FERRIC PYROPHOSPHATE FERRIC PYROPHOSPHATE CITRATE' via chembl | tried=4
FEXOFENADINE HCL,0,,1,,0,,0,,0,,0,,0,,0,,CC(C)(C(=O)O)c1ccc(C(O)CCCN2CCC(C(O)(c3ccccc3)c3ccccc3)CC2)cc1,cc(c)(c(=o)o)c1ccc(c(o)cccn2ccc(c(o)(c3ccccc3)c3ccccc3)cc2)cc1,CC(C)(C(=O)O)c1ccc(C(O)CCCN2CCC(C(O)(c3ccccc3)c3ccccc3)CC2)cc1,Original,,,,,,,,
FEZOLINETANT,0,,0,,0,,1,,1,Most,0,,0,,1,,Cc1nsc(-c2nnc3n2CCN(C(=O)c2ccc(F)cc2)[C@@H]3C)n1,cc1nsc(-c2nnc3n2ccn(c(=o)c2ccc(f)cc2)[c@@h]3c)n1,Cc1nsc(-c2nnc3n2CCN(C(=O)c2ccc(F)cc2)[C@@H]3C)n1,Original,,,,,,,,
FIDANACOGENE ELAPARVOVEC-DZKT,0,,0,,1,Most,0,,1,Most,0,,0,,0,,Not found,not found,,NotFound,FIDANACOGENE ELAPARVOVEC-DZKT,FIDANACOGENE ELAPARVOVEC-DZKT,,,not_found | variants_tried=4,,None,"no_hit | variants=['FIDANACOGENE ELAPARVOVEC DZKT', 'FIDANACOGENE', 'FIDANACOGENE ELAPARVOVEC']"
FILGRASTIM,0,,1,Most,1,Most,0,,0,,0,,1,Most,1,,Not found,not found,,NotFound,FILGRASTIM,FILGRASTIM,,,not_found | variants_tried=1,,None,no_hit | variants=['FILGRASTIM']
FILGRASTIM-AAFI,0,,1,Most,1,Most,0,,0,,0,,1,Most,1,Most,Not found,not found,,NotFound,FILGRASTIM-AAFI,FILGRASTIM-AAFI,,,not_found | variants_tried=3,,None,"no_hit | variants=['FILGRASTIM AAFI', 'FILGRASTIM']"
FILGRASTIM-SNDZ,0,,1,Most,1,Most,0,,0,,0,,1,Most,1,Most,Not found,not found,,NotFound,FILGRASTIM-SNDZ,FILGRASTIM-SNDZ,,,not_found | variants_tried=3,,None,"no_hit | variants=['FILGRASTIM SNDZ', 'FILGRASTIM']"
FINGOLIMOD,1,Most,1,Most,1,Most,0,,1,Most,0,,1,Most,0,,CCCCCCCCc1ccc(CCC(N)(CO)CO)cc1,ccccccccc1ccc(ccc(n)(co)co)cc1,CCCCCCCCc1ccc(CCC(N)(CO)CO)cc1,Original,,,,,,,,
FINGOLIMOD HYDROCHLORIDE,1,Most,1,Most,1,Most,0,,1,Most,0,,1,Most,0,,CCCCCCCCc1ccc(CCC(N)(CO)CO)cc1,ccccccccc1ccc(ccc(n)(co)co)cc1,CCCCCCCCc1ccc(CCC(N)(CO)CO)cc1,Original,,,,,,,,
FINGOLIMOD LAURYL SULFATE,1,Most,1,Most,1,Most,0,,1,Most,0,,1,Most,0,,CCCCCCCCCCCCOS(=O)(=O)O.CCCCCCCCc1ccc(CCC(N)(CO)CO)cc1,ccccccccccccos(=o)(=o)o.ccccccccc1ccc(ccc(n)(co)co)cc1,CCCCCCCCCCCCOS(=O)(=O)O.CCCCCCCCc1ccc(CCC(N)(CO)CO)cc1,Original,,,,,,,,
FLECAINIDE,1,Most,1,,1,,0,,1,,0,,1,,0,,O=C(NCC1CCCCN1)c1cc(OCC(F)(F)F)ccc1OCC(F)(F)F,o=c(ncc1ccccn1)c1cc(occ(f)(f)f)ccc1occ(f)(f)f,O=C(NCC1CCCCN1)c1cc(OCC(F)(F)F)ccc1OCC(F)(F)F,Original,,,,,,,,
FLECAINIDE ACETATE TABLET,1,Most,1,,1,,0,,0,,0,,1,,0,,O=C(NCC1CCCCN1)c1cc(OCC(F)(F)F)ccc1OCC(F)(F)F,o=c(ncc1ccccn1)c1cc(occ(f)(f)f)ccc1occ(f)(f)f,O=C(NCC1CCCCN1)c1cc(OCC(F)(F)F)ccc1OCC(F)(F)F,Original,,,,,,,,
FLOTUFOLASTAT F-18,0,,0,,0,,0,,0,,0,,0,,0,,CC(C)(C)[Si](F)(c1ccc(C(=O)NCC(NC(=O)CCC(C(=O)O)N2CCN(CC(=O)O)CCN(CC(=O)O)CCN(CC(=O)O)CC2)C(=O)NC(CCCCNC(=O)CCC(=O)NCCCC(NC(=O)CCC(NC(=O)NC(CCC(=O)O)C(=O)O)C(=O)O)C(=O)O)C(=O)O)cc1)C(C)(C)C,cc(c)(c)[si](f)(c1ccc(c(=o)ncc(nc(=o)ccc(c(=o)o)n2ccn(cc(=o)o)ccn(cc(=o)o)ccn(cc(=o)o)cc2)c(=o)nc(ccccnc(=o)ccc(=o)ncccc(nc(=o)ccc(nc(=o)nc(ccc(=o)o)c(=o)o)c(=o)o)c(=o)o)c(=o)o)cc1)c(c)(c)c,CC(C)(C)[Si](F)(c1ccc(C(=O)NCC(NC(=O)CCC(C(=O)O)N2CCN(CC(=O)O)CCN(CC(=O)O)CCN(CC(=O)O)CC2)C(=O)NC(CCCCNC(=O)CCC(=O)NCCCC(NC(=O)CCC(NC(=O)NC(CCC(=O)O)C(=O)O)C(=O)O)C(=O)O)C(=O)O)cc1)C(C)(C)C,Original,,,,,,,,
FLOXURIDINE,1,Most,1,Most,1,Most,1,Most,1,Most,0,,0,,0,,O=c1[nH]c(=O)n([C@H]2C[C@H](O)[C@@H](CO)O2)cc1F,o=c1[nh]c(=o)n([c@h]2c[c@h](o)[c@@h](co)o2)cc1f,O=c1[nH]c(=O)n([C@H]2C[C@H](O)[C@@H](CO)O2)cc1F,Original,,,,,,,,
FLUCONAZOLE IN SODIUM CHLORIDE,1,Most,1,Most,1,Most,0,,1,Most,0,,0,,1,Most,OC(Cn1cncn1)(Cn1cncn1)c1ccc(F)cc1F,oc(cn1cncn1)(cn1cncn1)c1ccc(f)cc1f,OC(Cn1cncn1)(Cn1cncn1)c1ccc(F)cc1F,Original,,,,,,,,
"FLUCONAZOLE, SODIUM CHLORIDE",1,Most,1,Most,1,Most,0,,1,Most,0,,0,,1,Most,OC(Cn1cncn1)(Cn1cncn1)c1ccc(F)cc1F,oc(cn1cncn1)(cn1cncn1)c1ccc(f)cc1f,OC(Cn1cncn1)(Cn1cncn1)c1ccc(F)cc1F,Original,,,,,,,,
FLUCYTOSINE,1,Most,1,Most,1,Most,0,,1,Most,1,Most,1,Most,1,Most,Nc1nc(=O)[nH]cc1F,nc1nc(=o)[nh]cc1f,Nc1nc(=O)[nH]cc1F,Original,,,,,,,,
FLUDEOXYGLUCOSE F 18,0,,1,,0,,0,,0,,0,,0,,0,,OC[C@H]1OC(O)[C@H]([18F])[C@@H](O)[C@@H]1O,oc[c@h]1oc(o)[c@h]([18f])[c@@h](o)[c@@h]1o,OC[C@H]1OC(O)[C@H]([18F])[C@@H](O)[C@@H]1O,Original,,,,,,,,
FLUDEOXYGLUCOSE F 18 INJECTION,0,,0,,0,,0,,0,,0,,0,,0,,O=CC(F)C(O)C(O)C(O)CO,o=cc(f)c(o)c(o)c(o)co,O=CC(F)C(O)C(O)C(O)CO,Original,,,,,,,,
FLUDEOXYGLUCOSE F-18 INJECTION,0,,0,,0,,0,,0,,0,,0,,0,,O=CC(F)C(O)C(O)C(O)CO,o=cc(f)c(o)c(o)c(o)co,O=CC(F)C(O)C(O)C(O)CO,Original,,,,,,,,
FLUDEOXYGLUCOSE F18,0,,1,,0,,0,,0,,0,,0,,0,,O=CC(F)C(O)C(O)C(O)CO,o=cc(f)c(o)c(o)c(o)co,O=CC(F)C(O)C(O)C(O)CO,Original,,,,,,,,
FLUNISOLIDE,0,,1,Most,0,,1,,0,,0,,0,,0,,CC1(C)O[C@@H]2C[C@H]3[C@@H]4C[C@H](F)C5=CC(=O)C=C[C@]5(C)[C@H]4[C@@H](O)C[C@]3(C)[C@]2(C(=O)CO)O1,cc1(c)o[c@@h]2c[c@h]3[c@@h]4c[c@h](f)c5=cc(=o)c=c[c@]5(c)[c@h]4[c@@h](o)c[c@]3(c)[c@]2(c(=o)co)o1,CC1(C)O[C@@H]2C[C@H]3[C@@H]4C[C@H](F)C5=CC(=O)C=C[C@]5(C)[C@H]4[C@@H](O)C[C@]3(C)[C@]2(C(=O)CO)O1,Original,,,,,,,,
FLUOCINOLONE ACETONIDE,0,,1,Most,0,,0,,0,,0,,0,,0,,CC1(C)O[C@@H]2C[C@H]3[C@@H]4C[C@H](F)C5=CC(=O)C=C[C@]5(C)[C@@]4(F)[C@@H](O)C[C@]3(C)[C@]2(C(=O)CO)O1,cc1(c)o[c@@h]2c[c@h]3[c@@h]4c[c@h](f)c5=cc(=o)c=c[c@]5(c)[c@@]4(f)[c@@h](o)c[c@]3(c)[c@]2(c(=o)co)o1,CC1(C)O[C@@H]2C[C@H]3[C@@H]4C[C@H](F)C5=CC(=O)C=C[C@]5(C)[C@@]4(F)[C@@H](O)C[C@]3(C)[C@]2(C(=O)CO)O1,Original,,,,,,,,
FLUOCINOLONE ACETONIDE OIL,0,,1,Most,0,,0,,0,,0,,0,,0,,Not found,not found,CC1(C)O[C@@H]2C[C@H]3[C@@H]4C[C@H](F)C5=CC(=O)C=C[C@]5(C)[C@@]4(F)[C@@H](O)C[C@]3(C)[C@]2(C(=O)CO)O1,ChEMBL,,,,,,,,
"FLUOCINOLONE ACETONIDE OIL, 0.01% (EAR DROPS)",0,,1,Most,0,,0,,0,,0,,0,,0,,Not found,not found,CC1(C)O[C@@H]2C[C@H]3[C@@H]4C[C@H](F)C5=CC(=O)C=C[C@]5(C)[C@@]4(F)[C@@H](O)C[C@]3(C)[C@]2(C(=O)CO)O1,ChEMBL,,,,,,,,
FLUORESCEIN,1,Most,1,Most,0,,0,,0,,0,,1,Most,0,,O=C1OC2(c3ccc(O)cc3Oc3cc(O)ccc32)c2ccccc21,o=c1oc2(c3ccc(o)cc3oc3cc(o)ccc32)c2ccccc21,O=C1OC2(c3ccc(O)cc3Oc3cc(O)ccc32)c2ccccc21,Original,,,,,,,,
FLUORESCEIN SODIUM,1,Most,1,Most,0,,0,,0,,0,,1,Most,0,,O=C(O)c1ccccc1-c1c2ccc(=O)cc-2oc2cc(O)ccc12,o=c(o)c1ccccc1-c1c2ccc(=o)cc-2oc2cc(o)ccc12,O=C(O)c1ccccc1-c1c2ccc(=O)cc-2oc2cc(O)ccc12,Original,,,,,,,,
FLUOROMETHOLONE,0,,1,,0,,0,,0,,0,,0,,0,,CC(=O)[C@@]1(O)CC[C@H]2[C@@H]3C[C@H](C)C4=CC(=O)C=C[C@]4(C)[C@@]3(F)[C@@H](O)C[C@@]21C,cc(=o)[c@@]1(o)cc[c@h]2[c@@h]3c[c@h](c)c4=cc(=o)c=c[c@]4(c)[c@@]3(f)[c@@h](o)c[c@@]21c,CC(=O)[C@@]1(O)CC[C@H]2[C@@H]3C[C@H](C)C4=CC(=O)C=C[C@]4(C)[C@@]3(F)[C@@H](O)C[C@@]21C,Original,,,,,,,,
FLUOROMETHOLONE ACETATE,0,,1,,0,,0,,0,,0,,0,,0,,CC(=O)O[C@]1(C(C)=O)CC[C@H]2[C@@H]3C[C@H](C)C4=CC(=O)C=C[C@]4(C)[C@@]3(F)[C@@H](O)C[C@@]21C,cc(=o)o[c@]1(c(c)=o)cc[c@h]2[c@@h]3c[c@h](c)c4=cc(=o)c=c[c@]4(c)[c@@]3(f)[c@@h](o)c[c@@]21c,CC(=O)O[C@]1(C(C)=O)CC[C@H]2[C@@H]3C[C@H](C)C4=CC(=O)C=C[C@]4(C)[C@@]3(F)[C@@H](O)C[C@@]21C,Original,,,,,,,,
FLUOROURACIL,0,,1,Most,1,Most,1,Most,0,,0,,0,,0,,O=c1[nH]cc(F)c(=O)[nH]1,o=c1[nh]cc(f)c(=o)[nh]1,O=c1[nH]cc(F)c(=O)[nH]1,Original,,,,,,,,
FLUOXETINE,1,Most,1,Most,1,Most,1,Most,1,,0,,1,Most,0,,CNCCC(Oc1ccc(C(F)(F)F)cc1)c1ccccc1,cnccc(oc1ccc(c(f)(f)f)cc1)c1ccccc1,CNCCC(Oc1ccc(C(F)(F)F)cc1)c1ccccc1,Original,,,,,,,,
FLUOXETINE CAPSULES,1,Most,1,Most,1,Most,1,Most,1,,0,,1,,0,,CNCCC(Oc1ccc(C(F)(F)F)cc1)c1ccccc1,cnccc(oc1ccc(c(f)(f)f)cc1)c1ccccc1,CNCCC(Oc1ccc(C(F)(F)F)cc1)c1ccccc1,Original,,,,,,,,
FLUOXETINE HCL,1,Most,1,Most,1,Most,1,Most,1,,0,,1,Most,0,,CNCCC(Oc1ccc(C(F)(F)F)cc1)c1ccccc1,cnccc(oc1ccc(c(f)(f)f)cc1)c1ccccc1,CNCCC(Oc1ccc(C(F)(F)F)cc1)c1ccccc1,Original,,,,,,,,
FLUOXETINE; FLUOXETINE HYDROCHLORIDE,1,,1,Most,1,Most,1,Most,1,,0,,1,,0,,Not found,not found,CNCCC(Oc1ccc(C(F)(F)F)cc1)c1ccccc1.Cl,ChEMBL,,,,,,,,
FLURBIPROFEN SODIUM,0,,0,,1,Most,0,,0,,0,,0,,0,,CC(C(=O)O)c1ccc(-c2ccccc2)c(F)c1,cc(c(=o)o)c1ccc(-c2ccccc2)c(f)c1,CC(C(=O)O)c1ccc(-c2ccccc2)c(F)c1,Original,,,,,,,,
FLUTICASONE,0,,1,Most,0,,0,,0,,0,,0,,0,,C[C@@H]1C[C@H]2[C@@H]3C[C@H](F)C4=CC(=O)C=C[C@]4(C)[C@@]3(F)[C@@H](O)C[C@]2(C)[C@@]1(O)C(=O)SCF,c[c@@h]1c[c@h]2[c@@h]3c[c@h](f)c4=cc(=o)c=c[c@]4(c)[c@@]3(f)[c@@h](o)c[c@]2(c)[c@@]1(o)c(=o)scf,C[C@@H]1C[C@H]2[C@@H]3C[C@H](F)C4=CC(=O)C=C[C@]4(C)[C@@]3(F)[C@@H](O)C[C@]2(C)[C@@]1(O)C(=O)SCF,Original,,,,,,,,
FLUTICASONE FUROATE,0,,1,Most,0,,0,,0,,0,,1,,0,,C[C@@H]1C[C@H]2[C@@H]3C[C@H](F)C4=CC(=O)C=C[C@]4(C)[C@@]3(F)[C@@H](O)C[C@]2(C)[C@@]1(OC(=O)c1ccco1)C(=O)SCF,c[c@@h]1c[c@h]2[c@@h]3c[c@h](f)c4=cc(=o)c=c[c@]4(c)[c@@]3(f)[c@@h](o)c[c@]2(c)[c@@]1(oc(=o)c1ccco1)c(=o)scf,C[C@@H]1C[C@H]2[C@@H]3C[C@H](F)C4=CC(=O)C=C[C@]4(C)[C@@]3(F)[C@@H](O)C[C@]2(C)[C@@]1(OC(=O)c1ccco1)C(=O)SCF,Original,,,,,,,,
FLUTICASONE PROPIONATE,0,,1,Most,0,,0,,0,,0,,0,,0,,CCC(=O)O[C@]1(C(=O)SCF)[C@H](C)C[C@H]2[C@@H]3C[C@H](F)C4=CC(=O)C=C[C@]4(C)[C@@]3(F)[C@@H](O)C[C@@]21C,ccc(=o)o[c@]1(c(=o)scf)[c@h](c)c[c@h]2[c@@h]3c[c@h](f)c4=cc(=o)c=c[c@]4(c)[c@@]3(f)[c@@h](o)c[c@@]21c,CCC(=O)O[C@]1(C(=O)SCF)[C@H](C)C[C@H]2[C@@H]3C[C@H](F)C4=CC(=O)C=C[C@]4(C)[C@@]3(F)[C@@H](O)C[C@@]21C,Original,,,,,,,,
FLUVASTATIN SODIUM,0,,1,Most,1,,1,Most,1,Most,0,,1,,1,Most,CC(C)n1c(/C=C/C(O)CC(O)CC(=O)O)c(-c2ccc(F)cc2)c2ccccc21,cc(c)n1c(/c=c/c(o)cc(o)cc(=o)o)c(-c2ccc(f)cc2)c2ccccc21,CC(C)n1c(/C=C/C(O)CC(O)CC(=O)O)c(-c2ccc(F)cc2)c2ccccc21,Original,,,,,,,,
FOLLITROPIN,0,,1,Most,1,Most,0,,0,,0,,1,Most,0,,Not found,not found,,NotFound,FOLLITROPIN,FOLLITROPIN,,,not_found | variants_tried=1,,None,no_hit | variants=['FOLLITROPIN']
FOLLITROPIN ALFA,0,,1,Most,1,,1,Most,1,,0,,1,Most,0,,Not found,not found,,NotFound,FOLLITROPIN ALFA,FOLLITROPIN ALFA,,,not_found | variants_tried=2,,,
FOSINOPIRL SODIUM,1,Most,1,Most,1,,0,,1,,0,,1,,1,Most,CCC(=O)OC(OP(=O)(CCCCc1ccccc1)CC(=O)N1CC(C2CCCCC2)CC1C(=O)O)C(C)C,ccc(=o)oc(op(=o)(ccccc1ccccc1)cc(=o)n1cc(c2ccccc2)cc1c(=o)o)c(c)c,CCC(=O)OC(OP(=O)(CCCCc1ccccc1)CC(=O)N1CC(C2CCCCC2)CC1C(=O)O)C(C)C,Original,,,,,,,,
FOSINOPRIL,1,Most,1,Most,1,,0,,1,,0,,1,,1,Most,CCC(=O)O[C@@H](O[P@](=O)(CCCCc1ccccc1)CC(=O)N1C[C@H](C2CCCCC2)C[C@H]1C(=O)O)C(C)C,ccc(=o)o[c@@h](o[p@](=o)(ccccc1ccccc1)cc(=o)n1c[c@h](c2ccccc2)c[c@h]1c(=o)o)c(c)c,CCC(=O)O[C@@H](O[P@](=O)(CCCCc1ccccc1)CC(=O)N1C[C@H](C2CCCCC2)C[C@H]1C(=O)O)C(C)C,Original,,,,,,,,
FOSINOPRIL SODIUM,1,,1,Most,1,,0,,1,,0,,1,,1,Most,CCC(=O)O[C@@H](O[P@](=O)(CCCCc1ccccc1)CC(=O)N1C[C@H](C2CCCCC2)C[C@H]1C(=O)O)C(C)C,ccc(=o)o[c@@h](o[p@](=o)(ccccc1ccccc1)cc(=o)n1c[c@h](c2ccccc2)c[c@h]1c(=o)o)c(c)c,CCC(=O)O[C@@H](O[P@](=O)(CCCCc1ccccc1)CC(=O)N1C[C@H](C2CCCCC2)C[C@H]1C(=O)O)C(C)C,Original,,,,,,,,
FOSPHENYTOIN,1,Most,1,Most,1,Most,1,Most,1,Most,1,,0,,1,Most,O=C1NC(c2ccccc2)(c2ccccc2)C(=O)N1COP(=O)(O)O,o=c1nc(c2ccccc2)(c2ccccc2)c(=o)n1cop(=o)(o)o,O=C1NC(c2ccccc2)(c2ccccc2)C(=O)N1COP(=O)(O)O,Original,,,,,,,,
FREMANEZUMAB-VFRM,0,,1,Most,0,,0,,0,,0,,0,,0,,Not found,not found,,NotFound,FREMANEZUMAB-VFRM,FREMANEZUMAB-VFRM,,,not_found | variants_tried=3,,None,"no_hit | variants=['FREMANEZUMAB VFRM', 'FREMANEZUMAB']"
FRUQUINTINIB,1,,1,Most,1,Most,0,,1,Most,0,,0,,1,Most,CNC(=O)c1c(C)oc2cc(Oc3ncnc4cc(OC)c(OC)cc34)ccc12,cnc(=o)c1c(c)oc2cc(oc3ncnc4cc(oc)c(oc)cc34)ccc12,CNC(=O)c1c(C)oc2cc(Oc3ncnc4cc(OC)c(OC)cc34)ccc12,Original,,,,,,,,
FUROSEMIDE INJECTION 80 MG/ 10 ML,0,,1,Most,1,Most,0,,1,Most,1,Most,0,,1,Most,NS(=O)(=O)c1cc(C(=O)O)c(NCc2ccco2)cc1Cl,ns(=o)(=o)c1cc(c(=o)o)c(ncc2ccco2)cc1cl,NS(=O)(=O)c1cc(C(=O)O)c(NCc2ccco2)cc1Cl,Original,,,,,,,,
FUTIBATINIB,0,,1,Most,1,Most,0,,0,,0,,0,,0,,C=CC(=O)N1CC[C@H](n2nc(C#Cc3cc(OC)cc(OC)c3)c3c(N)ncnc32)C1,c=cc(=o)n1cc[c@h](n2nc(c#cc3cc(oc)cc(oc)c3)c3c(n)ncnc32)c1,C=CC(=O)N1CC[C@H](n2nc(C#Cc3cc(OC)cc(OC)c3)c3c(N)ncnc32)C1,Original,,,,,,,,
GADOPICLENOL,0,,1,Most,0,,0,,0,,0,,0,,1,Most,O=C(CCC(C(=O)[O-])N1CCN(C(CCC(=O)NCC(O)CO)C(=O)[O-])Cc2cccc(n2)CN(C(CCC(=O)NCC(O)CO)C(=O)[O-])CC1)NCC(O)CO.[Gd+3],o=c(ccc(c(=o)[o-])n1ccn(c(ccc(=o)ncc(o)co)c(=o)[o-])cc2cccc(n2)cn(c(ccc(=o)ncc(o)co)c(=o)[o-])cc1)ncc(o)co.[gd+3],O=C(CCC(C(=O)[O-])N1CCN(C(CCC(=O)NCC(O)CO)C(=O)[O-])Cc2cccc(n2)CN(C(CCC(=O)NCC(O)CO)C(=O)[O-])CC1)NCC(O)CO.[Gd+3],Original,,,,,,,,
GALANTAMINE,1,Most,1,Most,0,,0,,1,,0,,1,Most,0,,COc1ccc2c3c1O[C@H]1C[C@@H](O)C=C[C@@]31CCN(C)C2,coc1ccc2c3c1o[c@h]1c[c@@h](o)c=c[c@@]31ccn(c)c2,COc1ccc2c3c1O[C@H]1C[C@@H](O)C=C[C@@]31CCN(C)C2,Original,,,,,,,,
GALCANEZUMAB-GNLM,0,,1,Most,0,,0,,0,,0,,0,,0,,Not found,not found,,NotFound,GALCANEZUMAB-GNLM,GALCANEZUMAB-GNLM,,,not_found | variants_tried=3,,None,"no_hit | variants=['GALCANEZUMAB GNLM', 'GALCANEZUMAB']"
GALSULFASE,1,Most,1,Most,0,,0,,0,,1,,1,Most,1,Most,Not found,not found,,NotFound,GALSULFASE,GALSULFASE,,,not_found | variants_tried=1,,,
GANAXOLONE,0,,0,,0,,0,,1,,0,,0,,0,,CC(=O)[C@H]1CC[C@H]2[C@@H]3CC[C@H]4C[C@](C)(O)CC[C@]4(C)[C@H]3CC[C@]12C,cc(=o)[c@h]1cc[c@h]2[c@@h]3cc[c@h]4c[c@](c)(o)cc[c@]4(c)[c@h]3cc[c@]12c,CC(=O)[C@H]1CC[C@H]2[C@@H]3CC[C@H]4C[C@](C)(O)CC[C@]4(C)[C@H]3CC[C@]12C,Original,,,,,,,,
GANCICLOVIR,0,,0,,0,,1,Most,1,,0,,0,,0,,Nc1nc2c(ncn2COC(CO)CO)c(=O)[nH]1,nc1nc2c(ncn2coc(co)co)c(=o)[nh]1,Nc1nc2c(ncn2COC(CO)CO)c(=O)[nH]1,Original,,,,,,,,
GATIFLOXACIN,0,,1,Most,0,,0,,0,,0,,0,,0,,COc1c(N2CCNC(C)C2)c(F)cc2c(=O)c(C(=O)O)cn(C3CC3)c12,coc1c(n2ccnc(c)c2)c(f)cc2c(=o)c(c(=o)o)cn(c3cc3)c12,COc1c(N2CCNC(C)C2)c(F)cc2c(=O)c(C(=O)O)cn(C3CC3)c12,Original,,,,,,,,
GAUNFACINE,1,,1,,0,,0,,1,,0,,0,,0,,NC(N)=NC(=O)Cc1c(Cl)cccc1Cl,nc(n)=nc(=o)cc1c(cl)cccc1cl,NC(N)=NC(=O)Cc1c(Cl)cccc1Cl,Original,,,,,,,,
GEMCITABINE HYDROCHLORIDE,1,Most,1,Most,1,Most,1,Most,1,Most,0,,1,Most,1,Most,Nc1ccn([C@@H]2O[C@H](CO)[C@@H](O)C2(F)F)c(=O)n1,nc1ccn([c@@h]2o[c@h](co)[c@@h](o)c2(f)f)c(=o)n1,Nc1ccn([C@@H]2O[C@H](CO)[C@@H](O)C2(F)F)c(=O)n1,Original,,,,,,,,
GEMTUZUMAB OZOGAMICIN,1,,1,Most,1,Most,1,Most,1,Most,0,,1,Most,0,,Not found,not found,,NotFound,GEMTUZUMAB OZOGAMICIN,GEMTUZUMAB OZOGAMICIN,,,not_found | variants_tried=2,,None,"no_hit | variants=['GEMTUZUMAB OZOGAMICIN', 'GEMTUZUMAB']"
GENTAMICIN,0,,1,Most,1,Most,0,,0,,1,Most,1,Most,1,Most,CNC(C)C1CCC(N)C(OC2C(N)CC(N)C(OC3OCC(C)(O)C(NC)C3O)C2O)O1,cnc(c)c1ccc(n)c(oc2c(n)cc(n)c(oc3occ(c)(o)c(nc)c3o)c2o)o1,CNC(C)C1CCC(N)C(OC2C(N)CC(N)C(OC3OCC(C)(O)C(NC)C3O)C2O)O1,Original,,,,,,,,
GENTAMICIN SULFATE,0,,1,Most,1,,0,,0,,0,,0,,1,,CNC(C)C1CCC(N)C(OC2C(N)CC(N)C(OC3OCC(C)(O)C(NC)C3O)C2O)O1.CNC1C(O)C(OC2C(N)CC(N)C(OC3OC(C(C)N)CCC3N)C2O)OCC1(C)O.CNC1C(O)C(OC2C(N)CC(N)C(OC3OC(CN)CCC3N)C2O)OCC1(C)O,cnc(c)c1ccc(n)c(oc2c(n)cc(n)c(oc3occ(c)(o)c(nc)c3o)c2o)o1.cnc1c(o)c(oc2c(n)cc(n)c(oc3oc(c(c)n)ccc3n)c2o)occ1(c)o.cnc1c(o)c(oc2c(n)cc(n)c(oc3oc(cn)ccc3n)c2o)occ1(c)o,CNC(C)C1CCC(N)C(OC2C(N)CC(N)C(OC3OCC(C)(O)C(NC)C3O)C2O)O1.CNC1C(O)C(OC2C(N)CC(N)C(OC3OC(C(C)N)CCC3N)C2O)OCC1(C)O.CNC1C(O)C(OC2C(N)CC(N)C(OC3OC(CN)CCC3N)C2O)OCC1(C)O,Original,,,,,,,,
GENTAMICIN SULFATE OPTH SOLUTION,0,,1,Most,1,,0,,0,,0,Most,0,,0,,CNC(C)C1CCC(N)C(OC2C(N)CC(N)C(OC3OCC(C)(O)C(NC)C3O)C2O)O1.CNC1C(O)C(OC2C(N)CC(N)C(OC3OC(C(C)N)CCC3N)C2O)OCC1(C)O.CNC1C(O)C(OC2C(N)CC(N)C(OC3OC(CN)CCC3N)C2O)OCC1(C)O,cnc(c)c1ccc(n)c(oc2c(n)cc(n)c(oc3occ(c)(o)c(nc)c3o)c2o)o1.cnc1c(o)c(oc2c(n)cc(n)c(oc3oc(c(c)n)ccc3n)c2o)occ1(c)o.cnc1c(o)c(oc2c(n)cc(n)c(oc3oc(cn)ccc3n)c2o)occ1(c)o,CNC(C)C1CCC(N)C(OC2C(N)CC(N)C(OC3OCC(C)(O)C(NC)C3O)C2O)O1.CNC1C(O)C(OC2C(N)CC(N)C(OC3OC(C(C)N)CCC3N)C2O)OCC1(C)O.CNC1C(O)C(OC2C(N)CC(N)C(OC3OC(CN)CCC3N)C2O)OCC1(C)O,Original,,,,,,,,
GEPIRONE,1,Most,1,,0,,1,Most,1,Most,0,,1,Most,0,,CC1(C)CC(=O)N(CCCCN2CCN(c3ncccn3)CC2)C(=O)C1,cc1(c)cc(=o)n(ccccn2ccn(c3ncccn3)cc2)c(=o)c1,CC1(C)CC(=O)N(CCCCN2CCN(c3ncccn3)CC2)C(=O)C1,Original,,,,,,,,
GIVINOSTAT,1,Most,1,Most,1,Most,1,Most,0,,0,,0,,0,,CCN(CC)Cc1ccc2cc(COC(=O)Nc3ccc(C(=O)NO)cc3)ccc2c1,ccn(cc)cc1ccc2cc(coc(=o)nc3ccc(c(=o)no)cc3)ccc2c1,CCN(CC)Cc1ccc2cc(COC(=O)Nc3ccc(C(=O)NO)cc3)ccc2c1,Original,,,,,,,,
GLATIRAMER,1,Most,1,Most,1,Most,0,,1,Most,0,,0,,1,,CC(N)C(=O)O.NC(CCC(=O)O)C(=O)O.NC(Cc1ccc(O)cc1)C(=O)O.NCCCCC(N)C(=O)O,cc(n)c(=o)o.nc(ccc(=o)o)c(=o)o.nc(cc1ccc(o)cc1)c(=o)o.nccccc(n)c(=o)o,CC(N)C(=O)O.NC(CCC(=O)O)C(=O)O.NC(Cc1ccc(O)cc1)C(=O)O.NCCCCC(N)C(=O)O,Original,,,,,,,,
GLIPIZIDE ER,1,Most,1,,1,Most,0,,1,,0,,0,,0,,Cc1cnc(C(=O)NCCc2ccc(S(=O)(=O)NC(=O)NC3CCCCC3)cc2)cn1,cc1cnc(c(=o)nccc2ccc(s(=o)(=o)nc(=o)nc3ccccc3)cc2)cn1,Cc1cnc(C(=O)NCCc2ccc(S(=O)(=O)NC(=O)NC3CCCCC3)cc2)cn1,Original,,,,,,,,
GLOFITAMAB,0,,1,,1,Most,0,,0,,0,,1,,0,,Not found,not found,,NotFound,GLOFITAMAB,GLOFITAMAB,,,not_found | variants_tried=1,,,
"GLUCAGON INJECTION, SOLUTION",1,Most,1,Most,0,,0,,0,,0,,0,,0,,CSCCC(NC(=O)C(CC(C)C)NC(=O)C(Cc1c[nH]c2ccccc12)NC(=O)C(CCC(N)=O)NC(=O)C(NC(=O)C(Cc1ccccc1)NC(=O)C(CC(=O)O)NC(=O)C(CCC(N)=O)NC(=O)C(C)NC(=O)C(CCCNC(=N)N)NC(=O)C(CCCNC(=N)N)NC(=O)C(CO)NC(=O)C(CC(=O)O)NC(=O)C(CC(C)C)NC(=O)C(Cc1ccc(O)cc1)NC(=O)C(CCCCN)NC(=O)C(CO)NC(=O)C(Cc1ccc(O)cc1)NC(=O)C(CC(=O)O)NC(=O)C(CO)NC(=O)C(NC(=O)C(Cc1ccccc1)NC(=O)C(NC(=O)CNC(=O)C(CCC(N)=O)NC(=O)C(CO)NC(=O)C(N)Cc1cnc[nH]1)C(C)O)C(C)O)C(C)C)C(=O)NC(CC(N)=O)C(=O)NC(C(=O)O)C(C)O,csccc(nc(=o)c(cc(c)c)nc(=o)c(cc1c[nh]c2ccccc12)nc(=o)c(ccc(n)=o)nc(=o)c(nc(=o)c(cc1ccccc1)nc(=o)c(cc(=o)o)nc(=o)c(ccc(n)=o)nc(=o)c(c)nc(=o)c(cccnc(=n)n)nc(=o)c(cccnc(=n)n)nc(=o)c(co)nc(=o)c(cc(=o)o)nc(=o)c(cc(c)c)nc(=o)c(cc1ccc(o)cc1)nc(=o)c(ccccn)nc(=o)c(co)nc(=o)c(cc1ccc(o)cc1)nc(=o)c(cc(=o)o)nc(=o)c(co)nc(=o)c(nc(=o)c(cc1ccccc1)nc(=o)c(nc(=o)cnc(=o)c(ccc(n)=o)nc(=o)c(co)nc(=o)c(n)cc1cnc[nh]1)c(c)o)c(c)o)c(c)c)c(=o)nc(cc(n)=o)c(=o)nc(c(=o)o)c(c)o,CSCCC(NC(=O)C(CC(C)C)NC(=O)C(Cc1c[nH]c2ccccc12)NC(=O)C(CCC(N)=O)NC(=O)C(NC(=O)C(Cc1ccccc1)NC(=O)C(CC(=O)O)NC(=O)C(CCC(N)=O)NC(=O)C(C)NC(=O)C(CCCNC(=N)N)NC(=O)C(CCCNC(=N)N)NC(=O)C(CO)NC(=O)C(CC(=O)O)NC(=O)C(CC(C)C)NC(=O)C(Cc1ccc(O)cc1)NC(=O)C(CCCCN)NC(=O)C(CO)NC(=O)C(Cc1ccc(O)cc1)NC(=O)C(CC(=O)O)NC(=O)C(CO)NC(=O)C(NC(=O)C(Cc1ccccc1)NC(=O)C(NC(=O)CNC(=O)C(CCC(N)=O)NC(=O)C(CO)NC(=O)C(N)Cc1cnc[nH]1)C(C)O)C(C)O)C(C)C)C(=O)NC(CC(N)=O)C(=O)NC(C(=O)O)C(C)O,Original,,,,,,,,
GLUCAGON KIT,1,Most,1,Most,0,,0,,0,,0,,0,,0,,CSCCC(NC(=O)C(CC(C)C)NC(=O)C(Cc1c[nH]c2ccccc12)NC(=O)C(CCC(N)=O)NC(=O)C(NC(=O)C(Cc1ccccc1)NC(=O)C(CC(=O)O)NC(=O)C(CCC(N)=O)NC(=O)C(C)NC(=O)C(CCCNC(=N)N)NC(=O)C(CCCNC(=N)N)NC(=O)C(CO)NC(=O)C(CC(=O)O)NC(=O)C(CC(C)C)NC(=O)C(Cc1ccc(O)cc1)NC(=O)C(CCCCN)NC(=O)C(CO)NC(=O)C(Cc1ccc(O)cc1)NC(=O)C(CC(=O)O)NC(=O)C(CO)NC(=O)C(NC(=O)C(Cc1ccccc1)NC(=O)C(NC(=O)CNC(=O)C(CCC(N)=O)NC(=O)C(CO)NC(=O)C(N)Cc1cnc[nH]1)C(C)O)C(C)O)C(C)C)C(=O)NC(CC(N)=O)C(=O)NC(C(=O)O)C(C)O,csccc(nc(=o)c(cc(c)c)nc(=o)c(cc1c[nh]c2ccccc12)nc(=o)c(ccc(n)=o)nc(=o)c(nc(=o)c(cc1ccccc1)nc(=o)c(cc(=o)o)nc(=o)c(ccc(n)=o)nc(=o)c(c)nc(=o)c(cccnc(=n)n)nc(=o)c(cccnc(=n)n)nc(=o)c(co)nc(=o)c(cc(=o)o)nc(=o)c(cc(c)c)nc(=o)c(cc1ccc(o)cc1)nc(=o)c(ccccn)nc(=o)c(co)nc(=o)c(cc1ccc(o)cc1)nc(=o)c(cc(=o)o)nc(=o)c(co)nc(=o)c(nc(=o)c(cc1ccccc1)nc(=o)c(nc(=o)cnc(=o)c(ccc(n)=o)nc(=o)c(co)nc(=o)c(n)cc1cnc[nh]1)c(c)o)c(c)o)c(c)c)c(=o)nc(cc(n)=o)c(=o)nc(c(=o)o)c(c)o,CSCCC(NC(=O)C(CC(C)C)NC(=O)C(Cc1c[nH]c2ccccc12)NC(=O)C(CCC(N)=O)NC(=O)C(NC(=O)C(Cc1ccccc1)NC(=O)C(CC(=O)O)NC(=O)C(CCC(N)=O)NC(=O)C(C)NC(=O)C(CCCNC(=N)N)NC(=O)C(CCCNC(=N)N)NC(=O)C(CO)NC(=O)C(CC(=O)O)NC(=O)C(CC(C)C)NC(=O)C(Cc1ccc(O)cc1)NC(=O)C(CCCCN)NC(=O)C(CO)NC(=O)C(Cc1ccc(O)cc1)NC(=O)C(CC(=O)O)NC(=O)C(CO)NC(=O)C(NC(=O)C(Cc1ccccc1)NC(=O)C(NC(=O)CNC(=O)C(CCC(N)=O)NC(=O)C(CO)NC(=O)C(N)Cc1cnc[nH]1)C(C)O)C(C)O)C(C)C)C(=O)NC(CC(N)=O)C(=O)NC(C(=O)O)C(C)O,Original,,,,,,,,
GLUCARPIDASE,0,,1,,0,,0,,0,,0,,0,,0,,[Zn+2].[Zn+2].[Zn+2].[Zn+2],[zn+2].[zn+2].[zn+2].[zn+2],[Zn+2].[Zn+2].[Zn+2].[Zn+2],Original,,,,,,,,
GLYCINE,1,Most,1,,0,,0,,1,Most,0,,1,,0,,NCC(=O)O,ncc(=o)o,NCC(=O)O,Original,,,,,,,,
GLYCOPYRROLATE ORAL SOLUTION,1,Most,1,,0,,0,,0,,0,,0,,1,Most,C[N+]1(C)CCC(OC(=O)C(O)(c2ccccc2)C2CCCC2)C1,c[n+]1(c)ccc(oc(=o)c(o)(c2ccccc2)c2cccc2)c1,C[N+]1(C)CCC(OC(=O)C(O)(c2ccccc2)C2CCCC2)C1,Original,,,,,,,,
GLYCOPYRROLATE ORALLY DISINTEGRATING TABLETS,1,Most,1,,0,,1,Most,0,,0,,0,,1,Most,C[N+]1(C)CCC(OC(=O)C(O)(c2ccccc2)C2CCCC2)C1,c[n+]1(c)ccc(oc(=o)c(o)(c2ccccc2)c2cccc2)c1,C[N+]1(C)CCC(OC(=O)C(O)(c2ccccc2)C2CCCC2)C1,Original,,,,,,,,
GOLIMUMAB,1,Most,1,Most,1,Most,0,,1,Most,0,,1,Most,0,,Not found,not found,,NotFound,GOLIMUMAB,GOLIMUMAB,,,not_found | variants_tried=1,,,
"GONADOTROPHIN, CHORIONIC",0,,1,,0,,0,,0,,0,,0,,0,,Not found,not found,,NotFound,"GONADOTROPHIN, CHORIONIC","GONADOTROPHIN, CHORIONIC",,,not_found | variants_tried=3,,None,"no_hit | variants=['GONADOTROPHIN CHORIONIC', 'GONADOTROPHIN']"
GOSERELIN ACETATE,1,Most,1,,1,Most,1,Most,0,,0,,0,,0,,CC(C)C[C@H](NC(=O)[C@@H](COC(C)(C)C)NC(=O)[C@H](Cc1ccc(O)cc1)NC(=O)[C@H](CO)NC(=O)[C@H](Cc1c[nH]c2ccccc12)NC(=O)[C@H](Cc1cnc[nH]1)NC(=O)[C@@H]1CCC(=O)N1)C(=O)N[C@@H](CCCNC(=N)N)C(=O)N1CCC[C@H]1C(=O)NNC(N)=O,cc(c)c[c@h](nc(=o)[c@@h](coc(c)(c)c)nc(=o)[c@h](cc1ccc(o)cc1)nc(=o)[c@h](co)nc(=o)[c@h](cc1c[nh]c2ccccc12)nc(=o)[c@h](cc1cnc[nh]1)nc(=o)[c@@h]1ccc(=o)n1)c(=o)n[c@@h](cccnc(=n)n)c(=o)n1ccc[c@h]1c(=o)nnc(n)=o,CC(C)C[C@H](NC(=O)[C@@H](COC(C)(C)C)NC(=O)[C@H](Cc1ccc(O)cc1)NC(=O)[C@H](CO)NC(=O)[C@H](Cc1c[nH]c2ccccc12)NC(=O)[C@H](Cc1cnc[nH]1)NC(=O)[C@@H]1CCC(=O)N1)C(=O)N[C@@H](CCCNC(=N)N)C(=O)N1CCC[C@H]1C(=O)NNC(N)=O,Original,,,,,,,,
GRANISETRON,1,,1,Most,0,,0,,1,Most,0,,0,,0,,CN1C2CCCC1CC(NC(=O)c1nn(C)c3ccccc13)C2,cn1c2cccc1cc(nc(=o)c1nn(c)c3ccccc13)c2,CN1C2CCCC1CC(NC(=O)c1nn(C)c3ccccc13)C2,Original,,,,,,,,
GRANULES FOR ORAL,0,,1,,1,,0,,1,,1,,0,,0,,CC1OC1P(=O)(O)O.NC(CO)(CO)CO,cc1oc1p(=o)(o)o.nc(co)(co)co,CC1OC1P(=O)(O)O.NC(CO)(CO)CO,Original,,,,,,,,
GRANULES FOR ORAL SOLUTION,0,,1,,1,,0,,1,,1,,0,,0,,CC1OC1P(=O)(O)O.NC(CO)(CO)CO,cc1oc1p(=o)(o)o.nc(co)(co)co,CC1OC1P(=O)(O)O.NC(CO)(CO)CO,Original,,,,,,,,
GRISEOFULVIN,0,,1,Most,1,,0,,1,Most,0,,0,,0,,COC1=CC(=O)C[C@@H](C)[C@]12Oc1c(Cl)c(OC)cc(OC)c1C2=O,coc1=cc(=o)c[c@@h](c)[c@]12oc1c(cl)c(oc)cc(oc)c1c2=o,COC1=CC(=O)C[C@@H](C)[C@]12Oc1c(Cl)c(OC)cc(OC)c1C2=O,Original,,,,,,,,
GRISEOFULVIN (MICROSIZE),0,,1,Most,1,,1,Most,1,Most,0,,0,,0,,COC1=CC(=O)CC(C)C12Oc1c(Cl)c(OC)cc(OC)c1C2=O,coc1=cc(=o)cc(c)c12oc1c(cl)c(oc)cc(oc)c1c2=o,COC1=CC(=O)CC(C)C12Oc1c(Cl)c(OC)cc(OC)c1C2=O,Original,,,,,,,,
GRISOFULVIN,0,,1,Most,1,,1,,1,Most,0,,0,,1,,COC1=CC(=O)CC(C)C12Oc1c(Cl)c(OC)cc(OC)c1C2=O,coc1=cc(=o)cc(c)c12oc1c(cl)c(oc)cc(oc)c1c2=o,COC1=CC(=O)CC(C)C12Oc1c(Cl)c(OC)cc(OC)c1C2=O,Original,,,,,,,,
GUANFACINE ER,1,Most,1,Most,0,,0,,0,,0,,0,,0,,NC(N)=NC(=O)Cc1c(Cl)cccc1Cl,nc(n)=nc(=o)cc1c(cl)cccc1cl,NC(N)=NC(=O)Cc1c(Cl)cccc1Cl,Original,,,,,,,,
GUANFACINE HYDROCHLORIDE,1,,1,,0,,0,,0,,0,,0,,0,,N=C(N)NC(=O)Cc1c(Cl)cccc1Cl,n=c(n)nc(=o)cc1c(cl)cccc1cl,N=C(N)NC(=O)Cc1c(Cl)cccc1Cl,Original,,,,,,,,
GUSELKUMAB,0,,1,,1,,0,,1,,0,,0,,0,,Not found,not found,,NotFound,GUSELKUMAB,GUSELKUMAB,,,not_found | variants_tried=1,,,
HEMIN,0,,1,,1,Most,0,,0,,0,,0,,1,,C=CC1=C(C)c2cc3[nH]c(cc4[nH]c(cc5nc(cc1n2)C(C)=C5C=C)c(C)c4CCC(=O)O)c(CCC(=O)O)c3C.[Fe+3],c=cc1=c(c)c2cc3[nh]c(cc4[nh]c(cc5nc(cc1n2)c(c)=c5c=c)c(c)c4ccc(=o)o)c(ccc(=o)o)c3c.[fe+3],C=CC1=C(C)c2cc3[nH]c(cc4[nH]c(cc5nc(cc1n2)C(C)=C5C=C)c(C)c4CCC(=O)O)c(CCC(=O)O)c3C.[Fe+3],Original,,,,,,,,
HEPARIN SODIUM IN SODIUM CHLORIDE,1,Most,1,Most,1,Most,0,,1,,0,,0,,0,,Not found,not found,[Cl-].[Na+],ChEMBL,HEPARIN SODIUM IN SODIUM CHLORIDE,HEPARIN SODIUM IN SODIUM CHLORIDE,[Cl-].[Na+],ChEMBL,found_chembl | variants_tried=4,,,
HEPARIN SODIUM INJECTION,0,,1,Most,1,Most,0,,0,,0,,0,,0,,Not found,not found,CC(=O)NC1C(O)OC(CO[S](O)(=O)=O)C(OC2OC(C(OC3OC(CO)C(OC4OC(C(O)C(O)C4O[S](O)(=O)=O)C(O)=O)C(O[S](O)(=O)=O)C3N[S](O)(=O)=O)C(O)C2O[S](O)(=O)=O)C(O)=O)C1O,NCI/Cactus,,,,,,,,
HEPATITIS B IMMUNE GLOBULIN (HUMAN),0,,1,,0,,0,,1,,0,,0,,0,,Not found,not found,O=C(NO)C1(CS(=O)(=O)c2ccc(Oc3ccc(Cl)cc3)cc2)CCOCC1,ChEMBL,HEPATITIS,HEPATITIS B IMMUNE GLOBULIN (HUMAN),O=C(NO)C1(CS(=O)(=O)c2ccc(Oc3ccc(Cl)cc3)cc2)CCOCC1,ChEMBL,found_chembl | variants_tried=4,,,
HEPATITIS B IMMUNE GLOBULIN INTRAVENOUS (HUMAN),0,,1,,1,,0,,0,,0,,0,,0,,Not found,not found,O=C(NO)C1(CS(=O)(=O)c2ccc(Oc3ccc(Cl)cc3)cc2)CCOCC1,ChEMBL,HEPATITIS,HEPATITIS B IMMUNE GLOBULIN INTRAVENOUS (HUMAN),O=C(NO)C1(CS(=O)(=O)c2ccc(Oc3ccc(Cl)cc3)cc2)CCOCC1,ChEMBL,found_chembl | variants_tried=4,,,
HEPATITIS B VACCINE (RECOMBINANT),0,,1,Most,1,,0,,0,,0,,0,,0,,Not found,not found,O=C(NO)C1(CS(=O)(=O)c2ccc(Oc3ccc(Cl)cc3)cc2)CCOCC1,ChEMBL,HEPATITIS,HEPATITIS B VACCINE (RECOMBINANT),O=C(NO)C1(CS(=O)(=O)c2ccc(Oc3ccc(Cl)cc3)cc2)CCOCC1,ChEMBL,found_chembl | variants_tried=4,,,
HISTAMINE,1,Most,1,Most,0,,0,,0,,0,,1,Most,0,,NCCc1c[nH]cn1,nccc1c[nh]cn1,NCCc1c[nH]cn1,Original,,,,,,,,
HUMAN BOTULINUM NEUROTOXIN A/B IMMUNE GLOBULIN,0,,1,,1,,0,,0,,0,,0,,0,,Not found,not found,CC[C@H](C)[C@H](NC(=O)[C@H](Cc1ccc(O)cc1)NC(=O)[C@@H](NC(=O)[C@@H](CCCNC(=N)N)NC(=O)[C@@H](N)CC(=O)O)C(C)C)C(=O)N[C@@H](Cc1cnc[nH]1)C(=O)N1CCC[C@@H]1C(=O)N[C@H](Cc1ccccc1)C(=O)O,ChEMBL,HUMAN,HUMAN BOTULINUM NEUROTOXIN A/B IMMUNE GLOBULIN,CC[C@H](C)[C@H](NC(=O)[C@H](Cc1ccc(O)cc1)NC(=O)[C@@H](NC(=O)[C@@H](CCCNC(=N)N)NC(=O)[C@@H](N)CC(=O)O)C(C)C)C(=O)N[C@@H](Cc1cnc[nH]1)C(=O)N1CCC[C@@H]1C(=O)N[C@H](Cc1ccccc1)C(=O)O,ChEMBL,found_chembl | variants_tried=4,,,
HUMAN IMMUNOGLOBULIN G,1,Most,1,Most,1,Most,0,,0,,0,,1,Most,1,Most,Not found,not found,CC[C@H](C)[C@H](NC(=O)[C@H](Cc1ccc(O)cc1)NC(=O)[C@@H](NC(=O)[C@@H](CCCNC(=N)N)NC(=O)[C@@H](N)CC(=O)O)C(C)C)C(=O)N[C@@H](Cc1cnc[nH]1)C(=O)N1CCC[C@@H]1C(=O)N[C@H](Cc1ccccc1)C(=O)O,ChEMBL,HUMAN IMMUNOGLOBULIN G,HUMAN IMMUNOGLOBULIN G,CC[C@H](C)[C@H](NC(=O)[C@H](Cc1ccc(O)cc1)NC(=O)[C@@H](NC(=O)[C@@H](CCCNC(=N)N)NC(=O)[C@@H](N)CC(=O)O)C(C)C)C(=O)N[C@@H](Cc1cnc[nH]1)C(=O)N1CCC[C@@H]1C(=O)N[C@H](Cc1ccccc1)C(=O)O,ChEMBL,found_chembl | variants_tried=3,,,
HUMAN VARICELLA-ZOSTER IMMUNE GLOBULIN,0,,1,,1,Most,0,,0,,0,,0,,0,,Not found,not found,CC[C@H](C)[C@H](NC(=O)[C@H](Cc1ccc(O)cc1)NC(=O)[C@@H](NC(=O)[C@@H](CCCNC(=N)N)NC(=O)[C@@H](N)CC(=O)O)C(C)C)C(=O)N[C@@H](Cc1cnc[nH]1)C(=O)N1CCC[C@@H]1C(=O)N[C@H](Cc1ccccc1)C(=O)O,ChEMBL,HUMAN,HUMAN VARICELLA-ZOSTER IMMUNE GLOBULIN,CC[C@H](C)[C@H](NC(=O)[C@H](Cc1ccc(O)cc1)NC(=O)[C@@H](NC(=O)[C@@H](CCCNC(=N)N)NC(=O)[C@@H](N)CC(=O)O)C(C)C)C(=O)N[C@@H](Cc1cnc[nH]1)C(=O)N1CCC[C@@H]1C(=O)N[C@H](Cc1ccccc1)C(=O)O,ChEMBL,found_chembl | variants_tried=4,,,
HYALURONIDASE,0,,1,,0,,0,,0,,0,,0,,0,,Not found,not found,,NotFound,HYALURONIDASE,HYALURONIDASE,,,not_found | variants_tried=1,,,
HYALURONIDASE (HUMAN RECOMBINANT),0,,1,Most,0,,0,,0,,0,,0,,0,,Not found,not found,,NotFound,HYALURONIDASE (HUMAN RECOMBINANT),HYALURONIDASE (HUMAN RECOMBINANT),,,not_found | variants_tried=2,,None,no_hit | variants=['HYALURONIDASE']
"HYALURONIDASE, OVINE",0,,1,,0,,1,Most,0,,0,,0,,0,,Not found,not found,CC(C)=CCC/C(C)=C/CC/C(C)=C/Cc1c(O)cc(O)c(C=O)c1C,ChEMBL,"HYALURONIDASE, OVINE","HYALURONIDASE, OVINE",CC(C)=CCC/C(C)=C/CC/C(C)=C/Cc1c(O)cc(O)c(C=O)c1C,ChEMBL,found_chembl | variants_tried=3,,,
HYDRALAZINE HCL,1,Most,1,,1,Most,0,,1,,0,,0,,1,,NNc1nncc2ccccc12,nnc1nncc2ccccc12,NNc1nncc2ccccc12,Original,,,,,,,,
HYDROXYCHLOROQUINESULFATE,1,Most,1,Most,1,Most,0,,1,Most,1,Most,0,,0,,CCN(CCO)CCCC(C)Nc1ccnc2cc(Cl)ccc12,ccn(cco)cccc(c)nc1ccnc2cc(cl)ccc12,CCN(CCO)CCCC(C)Nc1ccnc2cc(Cl)ccc12,Original,,,,,,,,
HYDROXYPROPYL CELLULOSE,0,,0,,0,,0,,0,,0,,0,,0,,Not found,not found,CC(O)COC[C@H]1O[C@@H]2O[C@H]3[C@H](O)[C@@H](O)[C@@H](O[C@H]4[C@H](O)[C@@H](O)[C@@H](O[C@H]5[C@H](O)[C@@H](O)[C@@H](O[C@H]6[C@H](O)[C@@H](O)[C@@H](O[C@H]7[C@H](O)[C@@H](O)[C@@H](O[C@H]8[C@H](O)[C@@H](O)[C@@H](O[C@H]1[C@H](O)[C@H]2O)O[C@@H]8COCC(C)O)O[C@@H]7COCC(C)O)O[C@@H]6COCC(C)O)O[C@@H]5COCC(C)O)O[C@@H]4COCC(C)O)O[C@@H]3COCC(C)O,ChEMBL,HYDROXYPROPYL CELLULOSE,HYDROXYPROPYL CELLULOSE,,,not_found | variants_tried=2,CC(O)COC[C@H]1O[C@@H]2O[C@H]3[C@H](O)[C@@H](O)[C@@H](O[C@H]4[C@H](O)[C@@H](O)[C@@H](O[C@H]5[C@H](O)[C@@H](O)[C@@H](O[C@H]6[C@H](O)[C@@H](O)[C@@H](O[C@H]7[C@H](O)[C@@H](O)[C@@H](O[C@H]8[C@H](O)[C@@H](O)[C@@H](O[C@H]1[C@H](O)[C@H]2O)O[C@@H]8COCC(C)O)O[C@@H]7COCC(C)O)O[C@@H]6COCC(C)O)O[C@@H]5COCC(C)O)O[C@@H]4COCC(C)O)O[C@@H]3COCC(C)O,ChEMBL,query='HYDROXYPROPYL CELLULOSE' via chembl | tried=2
HYDROXYZINE,1,Most,1,Most,0,,0,,0,,0,,0,,0,,OCCOCCN1CCN(C(c2ccccc2)c2ccc(Cl)cc2)CC1,occoccn1ccn(c(c2ccccc2)c2ccc(cl)cc2)cc1,OCCOCCN1CCN(C(c2ccccc2)c2ccc(Cl)cc2)CC1,Original,,,,,,,,
HYDROXYZINE HCL,1,Most,1,Most,0,,0,,0,,0,,0,,0,,OCCOCCN1CCN(C(c2ccccc2)c2ccc(Cl)cc2)CC1,occoccn1ccn(c(c2ccccc2)c2ccc(cl)cc2)cc1,OCCOCCN1CCN(C(c2ccccc2)c2ccc(Cl)cc2)CC1,Original,,,,,,,,
HYDROXYZINE HCL; HYDROXYZINE HYDROCHLORIDE,1,Most,1,Most,0,,0,,0,,0,,0,,0,,Not found,not found,Cl.Cl.OCCOCCN1CCN(C(c2ccccc2)c2ccc(Cl)cc2)CC1,ChEMBL,,,,,,,,
I. V. FAT EMULSION,0,,0,,1,,0,,1,Most,0,,1,Most,0,,Not found,not found,Cc1cc(-c2cccc(F)c2)cc(CNc2c(F)ccc(OCC(=O)O)c2F)c1C,ChEMBL,I. V. FAT EMULSION,I. V. FAT EMULSION,Cc1cc(-c2cccc(F)c2)cc(CNc2c(F)ccc(OCC(=O)O)c2F)c1C,ChEMBL,found_chembl | variants_tried=3,,,
I.V. FAT EMULSION,0,,1,,1,Most,0,,1,Most,0,,1,Most,1,Most,Not found,not found,C[C@@H]1C/C=C/CCCCC(=O)Cc2cc(O)cc(O)c2C(=O)O1,ChEMBL,I.V. FAT EMULSION,I.V. FAT EMULSION,C[C@@H]1C/C=C/CCCCC(=O)Cc2cc(O)cc(O)c2C(=O)O1,ChEMBL,found_chembl | variants_tried=3,,,
IBALIZUMAB,0,,1,Most,1,Most,0,,0,,0,,0,,0,,Not found,not found,,NotFound,IBALIZUMAB,IBALIZUMAB,,,not_found | variants_tried=1,,,
IBRITUMOMAB TIUXETAN,1,Most,1,Most,1,Most,1,Most,0,,0,,1,Most,0,,Not found,not found,,NotFound,IBRITUMOMAB TIUXETAN,IBRITUMOMAB TIUXETAN,,,not_found | variants_tried=2,,None,"no_hit | variants=['IBRITUMOMAB TIUXETAN', 'IBRITUMOMAB']"
IBU,1,Most,1,Most,1,Most,0,,1,Most,0,,1,,1,Most,CC(C)Cc1ccc(C(C)C(=O)O)cc1,cc(c)cc1ccc(c(c)c(=o)o)cc1,CC(C)Cc1ccc(C(C)C(=O)O)cc1,Original,,,,,,,,
IBUOROFEN,1,Most,1,Most,1,Most,0,,1,Most,1,Most,1,Most,1,Most,Not found,not found,CC(C)Cc1ccc(C(C)C(=O)O)cc1,ChEMBL,ibuprofen,ibuprofen,CC(C)Cc1ccc(C(C)C(=O)O)cc1,ChEMBL,found_chembl | variants_tried=1,,,
IBUOROFEN; IBUPROFEN,1,Most,1,Most,1,Most,0,,1,Most,1,,1,Most,1,Most,Not found,not found,CC(C)Cc1ccc(C(C)C(=O)O)cc1,ChEMBL,,,,,,,,
IBUPROFEN ORAL,1,Most,1,Most,1,Most,0,,1,Most,1,Most,1,Most,1,Most,Not found,not found,CC(C)Cc1ccc(C(C)C(=O)O)cc1,ChEMBL,,,,,,,,
ICATIBANT ACETATE,1,Most,1,Most,0,,1,Most,0,,0,,0,,0,,N=C(N)NCCC[C@@H](N)C(=O)N[C@@H](CCCNC(=N)N)C(=O)N1CCC[C@H]1C(=O)N1C[C@H](O)C[C@H]1C(=O)NCC(=O)N[C@@H](Cc1cccs1)C(=O)N[C@@H](CO)C(=O)N1Cc2ccccc2C[C@@H]1C(=O)N1[C@H](C(=O)N[C@@H](CCCNC(=N)N)C(=O)O)C[C@@H]2CCCC[C@@H]21,n=c(n)nccc[c@@h](n)c(=o)n[c@@h](cccnc(=n)n)c(=o)n1ccc[c@h]1c(=o)n1c[c@h](o)c[c@h]1c(=o)ncc(=o)n[c@@h](cc1cccs1)c(=o)n[c@@h](co)c(=o)n1cc2ccccc2c[c@@h]1c(=o)n1[c@h](c(=o)n[c@@h](cccnc(=n)n)c(=o)o)c[c@@h]2cccc[c@@h]21,N=C(N)NCCC[C@@H](N)C(=O)N[C@@H](CCCNC(=N)N)C(=O)N1CCC[C@H]1C(=O)N1C[C@H](O)C[C@H]1C(=O)NCC(=O)N[C@@H](Cc1cccs1)C(=O)N[C@@H](CO)C(=O)N1Cc2ccccc2C[C@@H]1C(=O)N1[C@H](C(=O)N[C@@H](CCCNC(=N)N)C(=O)O)C[C@@H]2CCCC[C@@H]21,Original,,,,,,,,
IDARUCIZUMAB,0,,1,,1,Most,0,,0,,0,,0,,0,,Not found,not found,,NotFound,IDARUCIZUMAB,IDARUCIZUMAB,,,not_found | variants_tried=1,,,
IDURSULFASE,1,Most,1,Most,0,,0,,0,,0,,1,Most,0,,Not found,not found,,NotFound,IDURSULFASE,IDURSULFASE,,,not_found | variants_tried=1,,,
ILOPROST,1,,0,,0,,0,,0,,0,,0,,0,,CC#CCC(C)[C@H](O)/C=C/[C@@H]1[C@H]2C/C(=C/CCCC(=O)O)C[C@H]2C[C@H]1O,cc#ccc(c)[c@h](o)/c=c/[c@@h]1[c@h]2c/c(=c/cccc(=o)o)c[c@h]2c[c@h]1o,CC#CCC(C)[C@H](O)/C=C/[C@@H]1[C@H]2C/C(=C/CCCC(=O)O)C[C@H]2C[C@H]1O,Original,,,,,,,,
IMATINIB,1,Most,1,Most,1,Most,0,,1,Most,1,,1,Most,1,Most,Cc1ccc(NC(=O)c2ccc(CN3CCN(C)CC3)cc2)cc1Nc1nccc(-c2cccnc2)n1,cc1ccc(nc(=o)c2ccc(cn3ccn(c)cc3)cc2)cc1nc1nccc(-c2cccnc2)n1,Cc1ccc(NC(=O)c2ccc(CN3CCN(C)CC3)cc2)cc1Nc1nccc(-c2cccnc2)n1,Original,,,,,,,,
IMIGLUCERASE,1,,1,Most,0,,0,,0,,0,,1,Most,0,,Not found,not found,,NotFound,IMIGLUCERASE,IMIGLUCERASE,,,not_found | variants_tried=1,,,
IMMUNE GLOBULIN,1,Most,1,Most,1,Most,0,,0,,0,,1,Most,1,Most,Not found,not found,Cc1ccc(S(=O)(=O)O)cc1.Cn1cc(Nc2nccc(N3C[C@H]4CC[C@@H](C3)N4C(=O)[C@@H]3CC3(F)F)n2)cn1,ChEMBL,IMMUNE GLOBULIN,IMMUNE GLOBULIN,,,not_found | variants_tried=2,Cc1ccc(S(=O)(=O)O)cc1.Cn1cc(Nc2nccc(N3C[C@H]4CC[C@@H](C3)N4C(=O)[C@@H]3CC3(F)F)n2)cn1,ChEMBL,query='IMMUNE' via chembl | tried=2
IMMUNE GLOBULIN INTRAVENOUS (HUMAN) 10%,1,Most,1,Most,1,Most,0,,0,,0,,1,Most,1,Most,Not found,not found,Cc1ccc(S(=O)(=O)O)cc1.Cn1cc(Nc2nccc(N3C[C@H]4CC[C@@H](C3)N4C(=O)[C@@H]3CC3(F)F)n2)cn1,ChEMBL,IMMUNE GLOBULIN INTRAVENOUS (HUMAN) 10%,IMMUNE GLOBULIN INTRAVENOUS (HUMAN) 10%,,,not_found | variants_tried=4,Cc1ccc(S(=O)(=O)O)cc1.Cn1cc(Nc2nccc(N3C[C@H]4CC[C@@H](C3)N4C(=O)[C@@H]3CC3(F)F)n2)cn1,ChEMBL,query='IMMUNE' via chembl | tried=3
INCOBOTULINUMTOXINA,0,,1,Most,0,,1,,0,,0,,1,Most,0,,Not found,not found,,NotFound,INCOBOTULINUMTOXINA,INCOBOTULINUMTOXINA,,,not_found | variants_tried=1,,None,no_hit | variants=['INCOBOTULINUMTOXINA']
INDIGOTINDISULFONATE SODIUM,1,Most,1,Most,0,,0,,1,,0,,0,,0,,O=C1/C(=C2\Nc3ccc(S(=O)(=O)O)cc3C2=O)Nc2ccc(S(=O)(=O)O)cc21,o=c1/c(=c2\nc3ccc(s(=o)(=o)o)cc3c2=o)nc2ccc(s(=o)(=o)o)cc21,O=C1/C(=C2\Nc3ccc(S(=O)(=O)O)cc3C2=O)Nc2ccc(S(=O)(=O)O)cc21,Original,,,,,,,,
INDOMETHACIN EXTENDED-RELEASE,1,Most,1,Most,1,Most,1,Most,1,Most,0,,0,,1,Most,COc1ccc2c(c1)c(CC(=O)O)c(C)n2C(=O)c1ccc(Cl)cc1,coc1ccc2c(c1)c(cc(=o)o)c(c)n2c(=o)c1ccc(cl)cc1,COc1ccc2c(c1)c(CC(=O)O)c(C)n2C(=O)c1ccc(Cl)cc1,Original,,,,,,,,
INEBILIZUMAB,0,,1,,1,Most,1,Most,1,,0,,0,,0,,Not found,not found,,NotFound,INEBILIZUMAB,INEBILIZUMAB,,,not_found | variants_tried=1,,,
INFLIXIMAB,1,Most,1,Most,1,Most,0,,1,Most,0,,1,Most,0,,Not found,not found,,NotFound,INFLIXIMAB,INFLIXIMAB,,,not_found | variants_tried=1,,,
INFLIXIMAB-AXXQ,1,Most,1,Most,1,Most,0,,1,Most,0,,1,Most,0,,Not found,not found,,NotFound,INFLIXIMAB-AXXQ,INFLIXIMAB-AXXQ,,,not_found | variants_tried=3,,None,"no_hit | variants=['INFLIXIMAB AXXQ', 'INFLIXIMAB']"
INFLIXIMAB-DYYB,1,Most,1,Most,1,Most,0,,1,Most,0,,1,Most,0,,Not found,not found,,NotFound,INFLIXIMAB-DYYB,INFLIXIMAB-DYYB,,,not_found | variants_tried=3,,None,"no_hit | variants=['INFLIXIMAB DYYB', 'INFLIXIMAB']"
INOTUZUMAB OZOGAMICIN,1,,1,,1,Most,1,Most,1,Most,0,,0,,0,,Not found,not found,,NotFound,INOTUZUMAB OZOGAMICIN,INOTUZUMAB OZOGAMICIN,,,not_found | variants_tried=2,,None,"no_hit | variants=['INOTUZUMAB OZOGAMICIN', 'INOTUZUMAB']"
INSULIN ASPART,0,,1,Most,0,,0,,0,,0,,0,,0,,CC(C)CC(NC(=O)C(C)NC(=O)C(CCC(=O)O)NC(=O)C(NC(=O)C(CC(C)C)NC(=O)C(Cc1cnc[nH]1)NC(=O)C(CO)NC(=O)CNC(=O)C(CS)NC(=O)C(CC(C)C)NC(=O)C(Cc1cnc[nH]1)NC(=O)C(CCC(N)=O)NC(=O)C(CC(N)=O)NC(=O)C(NC(=O)C(N)Cc1ccccc1)C(C)C)C(C)C)C(=O)NC(Cc1ccc(O)cc1)C(=O)NC(CC(C)C)C(=O)NC(C(=O)NC(CS)C(=O)NCC(=O)NC(CCC(=O)O)C(=O)NC(CCCNC(=N)N)C(=O)NCC(=O)NC(Cc1ccccc1)C(=O)NC(Cc1ccccc1)C(=O)NC(Cc1ccc(O)cc1)C(=O)NC(C(=O)NC(CC(=O)O)C(=O)NC(CCCCN)C(=O)NC(C(=O)O)C(C)O)C(C)O)C(C)C.CCC(C)C(NC(=O)CN)C(=O)NC(C(=O)NC(CCC(=O)O)C(=O)NC(CCC(N)=O)C(=O)NC(CS)C(=O)NC(CS)C(=O)NC(C(=O)NC(CO)C(=O)NC(C(=O)NC(CS)C(=O)NC(CO)C(=O)NC(CC(C)C)C(=O)NC(Cc1ccc(O)cc1)C(=O)NC(CCC(N)=O)C(=O)NC(CC(C)C)C(=O)NC(CCC(=O)O)C(=O)NC(CC(N)=O)C(=O)NC(Cc1ccc(O)cc1)C(=O)NC(CS)C(=O)NC(CC(N)=O)C(=O)O)C(C)CC)C(C)O)C(C)C,cc(c)cc(nc(=o)c(c)nc(=o)c(ccc(=o)o)nc(=o)c(nc(=o)c(cc(c)c)nc(=o)c(cc1cnc[nh]1)nc(=o)c(co)nc(=o)cnc(=o)c(cs)nc(=o)c(cc(c)c)nc(=o)c(cc1cnc[nh]1)nc(=o)c(ccc(n)=o)nc(=o)c(cc(n)=o)nc(=o)c(nc(=o)c(n)cc1ccccc1)c(c)c)c(c)c)c(=o)nc(cc1ccc(o)cc1)c(=o)nc(cc(c)c)c(=o)nc(c(=o)nc(cs)c(=o)ncc(=o)nc(ccc(=o)o)c(=o)nc(cccnc(=n)n)c(=o)ncc(=o)nc(cc1ccccc1)c(=o)nc(cc1ccccc1)c(=o)nc(cc1ccc(o)cc1)c(=o)nc(c(=o)nc(cc(=o)o)c(=o)nc(ccccn)c(=o)nc(c(=o)o)c(c)o)c(c)o)c(c)c.ccc(c)c(nc(=o)cn)c(=o)nc(c(=o)nc(ccc(=o)o)c(=o)nc(ccc(n)=o)c(=o)nc(cs)c(=o)nc(cs)c(=o)nc(c(=o)nc(co)c(=o)nc(c(=o)nc(cs)c(=o)nc(co)c(=o)nc(cc(c)c)c(=o)nc(cc1ccc(o)cc1)c(=o)nc(ccc(n)=o)c(=o)nc(cc(c)c)c(=o)nc(ccc(=o)o)c(=o)nc(cc(n)=o)c(=o)nc(cc1ccc(o)cc1)c(=o)nc(cs)c(=o)nc(cc(n)=o)c(=o)o)c(c)cc)c(c)o)c(c)c,CC(C)CC(NC(=O)C(C)NC(=O)C(CCC(=O)O)NC(=O)C(NC(=O)C(CC(C)C)NC(=O)C(Cc1cnc[nH]1)NC(=O)C(CO)NC(=O)CNC(=O)C(CS)NC(=O)C(CC(C)C)NC(=O)C(Cc1cnc[nH]1)NC(=O)C(CCC(N)=O)NC(=O)C(CC(N)=O)NC(=O)C(NC(=O)C(N)Cc1ccccc1)C(C)C)C(C)C)C(=O)NC(Cc1ccc(O)cc1)C(=O)NC(CC(C)C)C(=O)NC(C(=O)NC(CS)C(=O)NCC(=O)NC(CCC(=O)O)C(=O)NC(CCCNC(=N)N)C(=O)NCC(=O)NC(Cc1ccccc1)C(=O)NC(Cc1ccccc1)C(=O)NC(Cc1ccc(O)cc1)C(=O)NC(C(=O)NC(CC(=O)O)C(=O)NC(CCCCN)C(=O)NC(C(=O)O)C(C)O)C(C)O)C(C)C.CCC(C)C(NC(=O)CN)C(=O)NC(C(=O)NC(CCC(=O)O)C(=O)NC(CCC(N)=O)C(=O)NC(CS)C(=O)NC(CS)C(=O)NC(C(=O)NC(CO)C(=O)NC(C(=O)NC(CS)C(=O)NC(CO)C(=O)NC(CC(C)C)C(=O)NC(Cc1ccc(O)cc1)C(=O)NC(CCC(N)=O)C(=O)NC(CC(C)C)C(=O)NC(CCC(=O)O)C(=O)NC(CC(N)=O)C(=O)NC(Cc1ccc(O)cc1)C(=O)NC(CS)C(=O)NC(CC(N)=O)C(=O)O)C(C)CC)C(C)O)C(C)C,Original,,,,,,,,
INSULIN ASPART; INSULIN ASPART INJECTION,0,,1,Most,0,,0,,0,,0,,0,,0,,Not found,not found,CCCCCCCCCCCCCC(=O)NCCCC[C@H](NC(=O)[C@@H]1CCCN1C(=O)[C@@H](NC(=O)[C@H](Cc1ccc(O)cc1)NC(=O)[C@H](Cc1ccccc1)NC(=O)[C@H](Cc1ccccc1)NC(=O)CNC(=O)[C@H](CCCNC(=N)N)NC(=O)[C@H](CCC(=O)O)NC(=O)CNC(=O)[C@@H]1CSSC[C@@H](C(=O)N[C@@H](CC(N)=O)C(=O)O)NC(=O)[C@H](Cc2ccc(O)cc2)NC(=O)[C@H](CC(N)=O)NC(=O)[C@H](CCC(=O)O)NC(=O)[C@H](CC(C)C)NC(=O)[C@H](CCC(N)=O)NC(=O)[C@H](Cc2ccc(O)cc2)NC(=O)[C@H](CC(C)C)NC(=O)[C@H](CO)NC(=O)[C@@H]2CSSC[C@H](NC(=O)[C@H](CCC(N)=O)NC(=O)[C@H](CCC(=O)O)NC(=O)[C@@H](NC(=O)[C@@H](NC(=O)CN)[C@@H](C)CC)C(C)C)C(=O)N[C@@H](CSSC[C@H](NC(=O)[C@H](CC(C)C)NC(=O)[C@H](Cc3c[nH]cn3)NC(=O)[C@H](CCC(N)=O)NC(=O)[C@H](CC(N)=O)NC(=O)[C@@H](NC(=O)[C@@H](N)Cc3ccccc3)C(C)C)C(=O)NCC(=O)N[C@@H](CO)C(=O)N[C@@H](Cc3c[nH]cn3)C(=O)N[C@@H](CC(C)C)C(=O)N[C@@H](C(C)C)C(=O)N[C@@H](CCC(=O)O)C(=O)N[C@@H](C)C(=O)N[C@@H](CC(C)C)C(=O)N[C@@H](Cc3ccc(O)cc3)C(=O)N[C@@H](CC(C)C)C(=O)N[C@@H](C(C)C)C(=O)N1)C(=O)N[C@@H]([C@@H](C)O)C(=O)N[C@@H](CO)C(=O)N[C@@H]([C@@H](C)CC)C(=O)N2)[C@@H](C)O)C(=O)O,ChEMBL,INSULIN ASPART INSULIN ASPART,INSULIN ASPART; INSULIN ASPART INJECTION,CCCCCCCCCCCCCC(=O)NCCCC[C@H](NC(=O)[C@@H]1CCCN1C(=O)[C@@H](NC(=O)[C@H](Cc1ccc(O)cc1)NC(=O)[C@H](Cc1ccccc1)NC(=O)[C@H](Cc1ccccc1)NC(=O)CNC(=O)[C@H](CCCNC(=N)N)NC(=O)[C@H](CCC(=O)O)NC(=O)CNC(=O)[C@@H]1CSSC[C@@H](C(=O)N[C@@H](CC(N)=O)C(=O)O)NC(=O)[C@H](Cc2ccc(O)cc2)NC(=O)[C@H](CC(N)=O)NC(=O)[C@H](CCC(=O)O)NC(=O)[C@H](CC(C)C)NC(=O)[C@H](CCC(N)=O)NC(=O)[C@H](Cc2ccc(O)cc2)NC(=O)[C@H](CC(C)C)NC(=O)[C@H](CO)NC(=O)[C@@H]2CSSC[C@H](NC(=O)[C@H](CCC(N)=O)NC(=O)[C@H](CCC(=O)O)NC(=O)[C@@H](NC(=O)[C@@H](NC(=O)CN)[C@@H](C)CC)C(C)C)C(=O)N[C@@H](CSSC[C@H](NC(=O)[C@H](CC(C)C)NC(=O)[C@H](Cc3c[nH]cn3)NC(=O)[C@H](CCC(N)=O)NC(=O)[C@H](CC(N)=O)NC(=O)[C@@H](NC(=O)[C@@H](N)Cc3ccccc3)C(C)C)C(=O)NCC(=O)N[C@@H](CO)C(=O)N[C@@H](Cc3c[nH]cn3)C(=O)N[C@@H](CC(C)C)C(=O)N[C@@H](C(C)C)C(=O)N[C@@H](CCC(=O)O)C(=O)N[C@@H](C)C(=O)N[C@@H](CC(C)C)C(=O)N[C@@H](Cc3ccc(O)cc3)C(=O)N[C@@H](CC(C)C)C(=O)N[C@@H](C(C)C)C(=O)N1)C(=O)N[C@@H]([C@@H](C)O)C(=O)N[C@@H](CO)C(=O)N[C@@H]([C@@H](C)CC)C(=O)N2)[C@@H](C)O)C(=O)O,ChEMBL,found_chembl | variants_tried=4,,,
INSULIN DEGLUDEC,0,,1,Most,0,,0,,0,,0,,0,,0,,CCC(C)C(NC(=O)CN)C(=O)NC(C(=O)NC(CCC(=O)O)C(=O)NC(CCC(N)=O)C(=O)NC1CSSCC2NC(=O)C(C(C)CC)NC(=O)C(CO)NC(=O)C(C(C)O)NC(=O)C(CSSCC(NC(=O)C(CC(C)C)NC(=O)C(Cc3c[nH]cn3)NC(=O)C(CCC(N)=O)NC(=O)C(CC(N)=O)NC(=O)C(NC(=O)C(N)Cc3ccccc3)C(C)C)C(=O)NCC(=O)NC(CO)C(=O)NC(Cc3c[nH]cn3)C(=O)NC(CC(C)C)C(=O)NC(C(C)C)C(=O)NC(CCC(=O)O)C(=O)NC(C)C(=O)NC(CC(C)C)C(=O)NC(Cc3ccc(O)cc3)C(=O)NC(CC(C)C)C(=O)NC(C(C)C)C(=O)NC(C(=O)NCC(=O)NC(CCC(=O)O)C(=O)NC(CCCNC(=N)N)C(=O)NCC(=O)NC(Cc3ccccc3)C(=O)NC(Cc3ccccc3)C(=O)NC(Cc3ccc(O)cc3)C(=O)NC(C(=O)N3CCCC3C(=O)NC(CCCCNC(=O)CCC(NC(=O)CCCCCCCCCCCCCCC(=O)O)C(=O)O)C(=O)O)C(C)O)CSSCC(C(=O)NC(CC(N)=O)C(=O)O)NC(=O)C(Cc3ccc(O)cc3)NC(=O)C(CC(N)=O)NC(=O)C(CCC(=O)O)NC(=O)C(CC(C)C)NC(=O)C(CCC(N)=O)NC(=O)C(Cc3ccc(O)cc3)NC(=O)C(CC(C)C)NC(=O)C(CO)NC2=O)NC1=O)C(C)C,ccc(c)c(nc(=o)cn)c(=o)nc(c(=o)nc(ccc(=o)o)c(=o)nc(ccc(n)=o)c(=o)nc1csscc2nc(=o)c(c(c)cc)nc(=o)c(co)nc(=o)c(c(c)o)nc(=o)c(csscc(nc(=o)c(cc(c)c)nc(=o)c(cc3c[nh]cn3)nc(=o)c(ccc(n)=o)nc(=o)c(cc(n)=o)nc(=o)c(nc(=o)c(n)cc3ccccc3)c(c)c)c(=o)ncc(=o)nc(co)c(=o)nc(cc3c[nh]cn3)c(=o)nc(cc(c)c)c(=o)nc(c(c)c)c(=o)nc(ccc(=o)o)c(=o)nc(c)c(=o)nc(cc(c)c)c(=o)nc(cc3ccc(o)cc3)c(=o)nc(cc(c)c)c(=o)nc(c(c)c)c(=o)nc(c(=o)ncc(=o)nc(ccc(=o)o)c(=o)nc(cccnc(=n)n)c(=o)ncc(=o)nc(cc3ccccc3)c(=o)nc(cc3ccccc3)c(=o)nc(cc3ccc(o)cc3)c(=o)nc(c(=o)n3cccc3c(=o)nc(ccccnc(=o)ccc(nc(=o)ccccccccccccccc(=o)o)c(=o)o)c(=o)o)c(c)o)csscc(c(=o)nc(cc(n)=o)c(=o)o)nc(=o)c(cc3ccc(o)cc3)nc(=o)c(cc(n)=o)nc(=o)c(ccc(=o)o)nc(=o)c(cc(c)c)nc(=o)c(ccc(n)=o)nc(=o)c(cc3ccc(o)cc3)nc(=o)c(cc(c)c)nc(=o)c(co)nc2=o)nc1=o)c(c)c,CCC(C)C(NC(=O)CN)C(=O)NC(C(=O)NC(CCC(=O)O)C(=O)NC(CCC(N)=O)C(=O)NC1CSSCC2NC(=O)C(C(C)CC)NC(=O)C(CO)NC(=O)C(C(C)O)NC(=O)C(CSSCC(NC(=O)C(CC(C)C)NC(=O)C(Cc3c[nH]cn3)NC(=O)C(CCC(N)=O)NC(=O)C(CC(N)=O)NC(=O)C(NC(=O)C(N)Cc3ccccc3)C(C)C)C(=O)NCC(=O)NC(CO)C(=O)NC(Cc3c[nH]cn3)C(=O)NC(CC(C)C)C(=O)NC(C(C)C)C(=O)NC(CCC(=O)O)C(=O)NC(C)C(=O)NC(CC(C)C)C(=O)NC(Cc3ccc(O)cc3)C(=O)NC(CC(C)C)C(=O)NC(C(C)C)C(=O)NC(C(=O)NCC(=O)NC(CCC(=O)O)C(=O)NC(CCCNC(=N)N)C(=O)NCC(=O)NC(Cc3ccccc3)C(=O)NC(Cc3ccccc3)C(=O)NC(Cc3ccc(O)cc3)C(=O)NC(C(=O)N3CCCC3C(=O)NC(CCCCNC(=O)CCC(NC(=O)CCCCCCCCCCCCCCC(=O)O)C(=O)O)C(=O)O)C(C)O)CSSCC(C(=O)NC(CC(N)=O)C(=O)O)NC(=O)C(Cc3ccc(O)cc3)NC(=O)C(CC(N)=O)NC(=O)C(CCC(=O)O)NC(=O)C(CC(C)C)NC(=O)C(CCC(N)=O)NC(=O)C(Cc3ccc(O)cc3)NC(=O)C(CC(C)C)NC(=O)C(CO)NC2=O)NC1=O)C(C)C,Original,,,,,,,,
INSULIN DETEMIR,0,,1,Most,0,,0,,0,,0,,0,,0,,CCCCCCCCCCCCCC(=O)NCCCC[C@H](NC(=O)[C@@H]1CCCN1C(=O)[C@@H](NC(=O)[C@H](Cc1ccc(O)cc1)NC(=O)[C@H](Cc1ccccc1)NC(=O)[C@H](Cc1ccccc1)NC(=O)CNC(=O)[C@H](CCCNC(=N)N)NC(=O)[C@H](CCC(=O)O)NC(=O)CNC(=O)[C@@H]1CSSC[C@@H](C(=O)N[C@@H](CC(N)=O)C(=O)O)NC(=O)[C@H](Cc2ccc(O)cc2)NC(=O)[C@H](CC(N)=O)NC(=O)[C@H](CCC(=O)O)NC(=O)[C@H](CC(C)C)NC(=O)[C@H](CCC(N)=O)NC(=O)[C@H](Cc2ccc(O)cc2)NC(=O)[C@H](CC(C)C)NC(=O)[C@H](CO)NC(=O)[C@@H]2CSSC[C@H](NC(=O)[C@H](CCC(N)=O)NC(=O)[C@H](CCC(=O)O)NC(=O)[C@@H](NC(=O)[C@@H](NC(=O)CN)[C@@H](C)CC)C(C)C)C(=O)N[C@@H](CSSC[C@H](NC(=O)[C@H](CC(C)C)NC(=O)[C@H](Cc3c[nH]cn3)NC(=O)[C@H](CCC(N)=O)NC(=O)[C@H](CC(N)=O)NC(=O)[C@@H](NC(=O)[C@@H](N)Cc3ccccc3)C(C)C)C(=O)NCC(=O)N[C@@H](CO)C(=O)N[C@@H](Cc3c[nH]cn3)C(=O)N[C@@H](CC(C)C)C(=O)N[C@@H](C(C)C)C(=O)N[C@@H](CCC(=O)O)C(=O)N[C@@H](C)C(=O)N[C@@H](CC(C)C)C(=O)N[C@@H](Cc3ccc(O)cc3)C(=O)N[C@@H](CC(C)C)C(=O)N[C@@H](C(C)C)C(=O)N1)C(=O)N[C@@H]([C@@H](C)O)C(=O)N[C@@H](CO)C(=O)N[C@@H]([C@@H](C)CC)C(=O)N2)[C@@H](C)O)C(=O)O,cccccccccccccc(=o)ncccc[c@h](nc(=o)[c@@h]1cccn1c(=o)[c@@h](nc(=o)[c@h](cc1ccc(o)cc1)nc(=o)[c@h](cc1ccccc1)nc(=o)[c@h](cc1ccccc1)nc(=o)cnc(=o)[c@h](cccnc(=n)n)nc(=o)[c@h](ccc(=o)o)nc(=o)cnc(=o)[c@@h]1cssc[c@@h](c(=o)n[c@@h](cc(n)=o)c(=o)o)nc(=o)[c@h](cc2ccc(o)cc2)nc(=o)[c@h](cc(n)=o)nc(=o)[c@h](ccc(=o)o)nc(=o)[c@h](cc(c)c)nc(=o)[c@h](ccc(n)=o)nc(=o)[c@h](cc2ccc(o)cc2)nc(=o)[c@h](cc(c)c)nc(=o)[c@h](co)nc(=o)[c@@h]2cssc[c@h](nc(=o)[c@h](ccc(n)=o)nc(=o)[c@h](ccc(=o)o)nc(=o)[c@@h](nc(=o)[c@@h](nc(=o)cn)[c@@h](c)cc)c(c)c)c(=o)n[c@@h](cssc[c@h](nc(=o)[c@h](cc(c)c)nc(=o)[c@h](cc3c[nh]cn3)nc(=o)[c@h](ccc(n)=o)nc(=o)[c@h](cc(n)=o)nc(=o)[c@@h](nc(=o)[c@@h](n)cc3ccccc3)c(c)c)c(=o)ncc(=o)n[c@@h](co)c(=o)n[c@@h](cc3c[nh]cn3)c(=o)n[c@@h](cc(c)c)c(=o)n[c@@h](c(c)c)c(=o)n[c@@h](ccc(=o)o)c(=o)n[c@@h](c)c(=o)n[c@@h](cc(c)c)c(=o)n[c@@h](cc3ccc(o)cc3)c(=o)n[c@@h](cc(c)c)c(=o)n[c@@h](c(c)c)c(=o)n1)c(=o)n[c@@h]([c@@h](c)o)c(=o)n[c@@h](co)c(=o)n[c@@h]([c@@h](c)cc)c(=o)n2)[c@@h](c)o)c(=o)o,CCCCCCCCCCCCCC(=O)NCCCC[C@H](NC(=O)[C@@H]1CCCN1C(=O)[C@@H](NC(=O)[C@H](Cc1ccc(O)cc1)NC(=O)[C@H](Cc1ccccc1)NC(=O)[C@H](Cc1ccccc1)NC(=O)CNC(=O)[C@H](CCCNC(=N)N)NC(=O)[C@H](CCC(=O)O)NC(=O)CNC(=O)[C@@H]1CSSC[C@@H](C(=O)N[C@@H](CC(N)=O)C(=O)O)NC(=O)[C@H](Cc2ccc(O)cc2)NC(=O)[C@H](CC(N)=O)NC(=O)[C@H](CCC(=O)O)NC(=O)[C@H](CC(C)C)NC(=O)[C@H](CCC(N)=O)NC(=O)[C@H](Cc2ccc(O)cc2)NC(=O)[C@H](CC(C)C)NC(=O)[C@H](CO)NC(=O)[C@@H]2CSSC[C@H](NC(=O)[C@H](CCC(N)=O)NC(=O)[C@H](CCC(=O)O)NC(=O)[C@@H](NC(=O)[C@@H](NC(=O)CN)[C@@H](C)CC)C(C)C)C(=O)N[C@@H](CSSC[C@H](NC(=O)[C@H](CC(C)C)NC(=O)[C@H](Cc3c[nH]cn3)NC(=O)[C@H](CCC(N)=O)NC(=O)[C@H](CC(N)=O)NC(=O)[C@@H](NC(=O)[C@@H](N)Cc3ccccc3)C(C)C)C(=O)NCC(=O)N[C@@H](CO)C(=O)N[C@@H](Cc3c[nH]cn3)C(=O)N[C@@H](CC(C)C)C(=O)N[C@@H](C(C)C)C(=O)N[C@@H](CCC(=O)O)C(=O)N[C@@H](C)C(=O)N[C@@H](CC(C)C)C(=O)N[C@@H](Cc3ccc(O)cc3)C(=O)N[C@@H](CC(C)C)C(=O)N[C@@H](C(C)C)C(=O)N1)C(=O)N[C@@H]([C@@H](C)O)C(=O)N[C@@H](CO)C(=O)N[C@@H]([C@@H](C)CC)C(=O)N2)[C@@H](C)O)C(=O)O,Original,,,,,,,,
INSULIN GLARGIN; INSULIN GLARGINE,0,,1,Most,0,,0,,0,,0,,0,,0,,Not found,not found,CCCCCCCCCCCCCC(=O)NCCCC[C@H](NC(=O)[C@@H]1CCCN1C(=O)[C@@H](NC(=O)[C@H](Cc1ccc(O)cc1)NC(=O)[C@H](Cc1ccccc1)NC(=O)[C@H](Cc1ccccc1)NC(=O)CNC(=O)[C@H](CCCNC(=N)N)NC(=O)[C@H](CCC(=O)O)NC(=O)CNC(=O)[C@@H]1CSSC[C@@H](C(=O)N[C@@H](CC(N)=O)C(=O)O)NC(=O)[C@H](Cc2ccc(O)cc2)NC(=O)[C@H](CC(N)=O)NC(=O)[C@H](CCC(=O)O)NC(=O)[C@H](CC(C)C)NC(=O)[C@H](CCC(N)=O)NC(=O)[C@H](Cc2ccc(O)cc2)NC(=O)[C@H](CC(C)C)NC(=O)[C@H](CO)NC(=O)[C@@H]2CSSC[C@H](NC(=O)[C@H](CCC(N)=O)NC(=O)[C@H](CCC(=O)O)NC(=O)[C@@H](NC(=O)[C@@H](NC(=O)CN)[C@@H](C)CC)C(C)C)C(=O)N[C@@H](CSSC[C@H](NC(=O)[C@H](CC(C)C)NC(=O)[C@H](Cc3c[nH]cn3)NC(=O)[C@H](CCC(N)=O)NC(=O)[C@H](CC(N)=O)NC(=O)[C@@H](NC(=O)[C@@H](N)Cc3ccccc3)C(C)C)C(=O)NCC(=O)N[C@@H](CO)C(=O)N[C@@H](Cc3c[nH]cn3)C(=O)N[C@@H](CC(C)C)C(=O)N[C@@H](C(C)C)C(=O)N[C@@H](CCC(=O)O)C(=O)N[C@@H](C)C(=O)N[C@@H](CC(C)C)C(=O)N[C@@H](Cc3ccc(O)cc3)C(=O)N[C@@H](CC(C)C)C(=O)N[C@@H](C(C)C)C(=O)N1)C(=O)N[C@@H]([C@@H](C)O)C(=O)N[C@@H](CO)C(=O)N[C@@H]([C@@H](C)CC)C(=O)N2)[C@@H](C)O)C(=O)O,ChEMBL,INSULIN GLARGIN; INSULIN GLARGINE,INSULIN GLARGIN; INSULIN GLARGINE,CCCCCCCCCCCCCC(=O)NCCCC[C@H](NC(=O)[C@@H]1CCCN1C(=O)[C@@H](NC(=O)[C@H](Cc1ccc(O)cc1)NC(=O)[C@H](Cc1ccccc1)NC(=O)[C@H](Cc1ccccc1)NC(=O)CNC(=O)[C@H](CCCNC(=N)N)NC(=O)[C@H](CCC(=O)O)NC(=O)CNC(=O)[C@@H]1CSSC[C@@H](C(=O)N[C@@H](CC(N)=O)C(=O)O)NC(=O)[C@H](Cc2ccc(O)cc2)NC(=O)[C@H](CC(N)=O)NC(=O)[C@H](CCC(=O)O)NC(=O)[C@H](CC(C)C)NC(=O)[C@H](CCC(N)=O)NC(=O)[C@H](Cc2ccc(O)cc2)NC(=O)[C@H](CC(C)C)NC(=O)[C@H](CO)NC(=O)[C@@H]2CSSC[C@H](NC(=O)[C@H](CCC(N)=O)NC(=O)[C@H](CCC(=O)O)NC(=O)[C@@H](NC(=O)[C@@H](NC(=O)CN)[C@@H](C)CC)C(C)C)C(=O)N[C@@H](CSSC[C@H](NC(=O)[C@H](CC(C)C)NC(=O)[C@H](Cc3c[nH]cn3)NC(=O)[C@H](CCC(N)=O)NC(=O)[C@H](CC(N)=O)NC(=O)[C@@H](NC(=O)[C@@H](N)Cc3ccccc3)C(C)C)C(=O)NCC(=O)N[C@@H](CO)C(=O)N[C@@H](Cc3c[nH]cn3)C(=O)N[C@@H](CC(C)C)C(=O)N[C@@H](C(C)C)C(=O)N[C@@H](CCC(=O)O)C(=O)N[C@@H](C)C(=O)N[C@@H](CC(C)C)C(=O)N[C@@H](Cc3ccc(O)cc3)C(=O)N[C@@H](CC(C)C)C(=O)N[C@@H](C(C)C)C(=O)N1)C(=O)N[C@@H]([C@@H](C)O)C(=O)N[C@@H](CO)C(=O)N[C@@H]([C@@H](C)CC)C(=O)N2)[C@@H](C)O)C(=O)O,ChEMBL,found_chembl | variants_tried=4,,,
INSULIN GLARGINE,1,,1,Most,0,,1,,0,,0,,0,,0,,CCC(C)C(NC(=O)CN)C(=O)NC(C(=O)NC(CCC(=O)O)C(=O)NC(CCC(N)=O)C(=O)NC1CSSCC2NC(=O)C(C(C)CC)NC(=O)C(CO)NC(=O)C(C(C)O)NC(=O)C(CSSCC(NC(=O)C(CC(C)C)NC(=O)C(Cc3c[nH]cn3)NC(=O)C(CCC(N)=O)NC(=O)C(CC(N)=O)NC(=O)C(NC(=O)C(N)Cc3ccccc3)C(C)C)C(=O)NCC(=O)NC(CO)C(=O)NC(Cc3c[nH]cn3)C(=O)NC(CC(C)C)C(=O)NC(C(C)C)C(=O)NC(CCC(=O)O)C(=O)NC(C)C(=O)NC(CC(C)C)C(=O)NC(Cc3ccc(O)cc3)C(=O)NC(CC(C)C)C(=O)NC(C(C)C)C(=O)NC(C(=O)NCC(=O)NC(CCC(=O)O)C(=O)NC(CCCNC(=N)N)C(=O)NCC(=O)NC(Cc3ccccc3)C(=O)NC(Cc3ccccc3)C(=O)NC(Cc3ccc(O)cc3)C(=O)NC(C(=O)N3CCCC3C(=O)NC(CCCCN)C(=O)NC(C(=O)NC(CCCNC(=N)N)C(=O)NC(CCCNC(=N)N)C(=O)O)C(C)O)C(C)O)CSSCC(C(=O)NCC(=O)O)NC(=O)C(Cc3ccc(O)cc3)NC(=O)C(CC(N)=O)NC(=O)C(CCC(=O)O)NC(=O)C(CC(C)C)NC(=O)C(CCC(N)=O)NC(=O)C(Cc3ccc(O)cc3)NC(=O)C(CC(C)C)NC(=O)C(CO)NC2=O)NC1=O)C(C)C,ccc(c)c(nc(=o)cn)c(=o)nc(c(=o)nc(ccc(=o)o)c(=o)nc(ccc(n)=o)c(=o)nc1csscc2nc(=o)c(c(c)cc)nc(=o)c(co)nc(=o)c(c(c)o)nc(=o)c(csscc(nc(=o)c(cc(c)c)nc(=o)c(cc3c[nh]cn3)nc(=o)c(ccc(n)=o)nc(=o)c(cc(n)=o)nc(=o)c(nc(=o)c(n)cc3ccccc3)c(c)c)c(=o)ncc(=o)nc(co)c(=o)nc(cc3c[nh]cn3)c(=o)nc(cc(c)c)c(=o)nc(c(c)c)c(=o)nc(ccc(=o)o)c(=o)nc(c)c(=o)nc(cc(c)c)c(=o)nc(cc3ccc(o)cc3)c(=o)nc(cc(c)c)c(=o)nc(c(c)c)c(=o)nc(c(=o)ncc(=o)nc(ccc(=o)o)c(=o)nc(cccnc(=n)n)c(=o)ncc(=o)nc(cc3ccccc3)c(=o)nc(cc3ccccc3)c(=o)nc(cc3ccc(o)cc3)c(=o)nc(c(=o)n3cccc3c(=o)nc(ccccn)c(=o)nc(c(=o)nc(cccnc(=n)n)c(=o)nc(cccnc(=n)n)c(=o)o)c(c)o)c(c)o)csscc(c(=o)ncc(=o)o)nc(=o)c(cc3ccc(o)cc3)nc(=o)c(cc(n)=o)nc(=o)c(ccc(=o)o)nc(=o)c(cc(c)c)nc(=o)c(ccc(n)=o)nc(=o)c(cc3ccc(o)cc3)nc(=o)c(cc(c)c)nc(=o)c(co)nc2=o)nc1=o)c(c)c,CCC(C)C(NC(=O)CN)C(=O)NC(C(=O)NC(CCC(=O)O)C(=O)NC(CCC(N)=O)C(=O)NC1CSSCC2NC(=O)C(C(C)CC)NC(=O)C(CO)NC(=O)C(C(C)O)NC(=O)C(CSSCC(NC(=O)C(CC(C)C)NC(=O)C(Cc3c[nH]cn3)NC(=O)C(CCC(N)=O)NC(=O)C(CC(N)=O)NC(=O)C(NC(=O)C(N)Cc3ccccc3)C(C)C)C(=O)NCC(=O)NC(CO)C(=O)NC(Cc3c[nH]cn3)C(=O)NC(CC(C)C)C(=O)NC(C(C)C)C(=O)NC(CCC(=O)O)C(=O)NC(C)C(=O)NC(CC(C)C)C(=O)NC(Cc3ccc(O)cc3)C(=O)NC(CC(C)C)C(=O)NC(C(C)C)C(=O)NC(C(=O)NCC(=O)NC(CCC(=O)O)C(=O)NC(CCCNC(=N)N)C(=O)NCC(=O)NC(Cc3ccccc3)C(=O)NC(Cc3ccccc3)C(=O)NC(Cc3ccc(O)cc3)C(=O)NC(C(=O)N3CCCC3C(=O)NC(CCCCN)C(=O)NC(C(=O)NC(CCCNC(=N)N)C(=O)NC(CCCNC(=N)N)C(=O)O)C(C)O)C(C)O)CSSCC(C(=O)NCC(=O)O)NC(=O)C(Cc3ccc(O)cc3)NC(=O)C(CC(N)=O)NC(=O)C(CCC(=O)O)NC(=O)C(CC(C)C)NC(=O)C(CCC(N)=O)NC(=O)C(Cc3ccc(O)cc3)NC(=O)C(CC(C)C)NC(=O)C(CO)NC2=O)NC1=O)C(C)C,Original,,,,,,,,
INSULIN GLARGINE-AGLR,0,,1,Most,0,,0,,0,,0,,0,,0,,Not found,not found,CCCCCCCCCCCCCC(=O)NCCCC[C@H](NC(=O)[C@@H]1CCCN1C(=O)[C@@H](NC(=O)[C@H](Cc1ccc(O)cc1)NC(=O)[C@H](Cc1ccccc1)NC(=O)[C@H](Cc1ccccc1)NC(=O)CNC(=O)[C@H](CCCNC(=N)N)NC(=O)[C@H](CCC(=O)O)NC(=O)CNC(=O)[C@@H]1CSSC[C@@H](C(=O)N[C@@H](CC(N)=O)C(=O)O)NC(=O)[C@H](Cc2ccc(O)cc2)NC(=O)[C@H](CC(N)=O)NC(=O)[C@H](CCC(=O)O)NC(=O)[C@H](CC(C)C)NC(=O)[C@H](CCC(N)=O)NC(=O)[C@H](Cc2ccc(O)cc2)NC(=O)[C@H](CC(C)C)NC(=O)[C@H](CO)NC(=O)[C@@H]2CSSC[C@H](NC(=O)[C@H](CCC(N)=O)NC(=O)[C@H](CCC(=O)O)NC(=O)[C@@H](NC(=O)[C@@H](NC(=O)CN)[C@@H](C)CC)C(C)C)C(=O)N[C@@H](CSSC[C@H](NC(=O)[C@H](CC(C)C)NC(=O)[C@H](Cc3c[nH]cn3)NC(=O)[C@H](CCC(N)=O)NC(=O)[C@H](CC(N)=O)NC(=O)[C@@H](NC(=O)[C@@H](N)Cc3ccccc3)C(C)C)C(=O)NCC(=O)N[C@@H](CO)C(=O)N[C@@H](Cc3c[nH]cn3)C(=O)N[C@@H](CC(C)C)C(=O)N[C@@H](C(C)C)C(=O)N[C@@H](CCC(=O)O)C(=O)N[C@@H](C)C(=O)N[C@@H](CC(C)C)C(=O)N[C@@H](Cc3ccc(O)cc3)C(=O)N[C@@H](CC(C)C)C(=O)N[C@@H](C(C)C)C(=O)N1)C(=O)N[C@@H]([C@@H](C)O)C(=O)N[C@@H](CO)C(=O)N[C@@H]([C@@H](C)CC)C(=O)N2)[C@@H](C)O)C(=O)O,ChEMBL,INSULIN GLARGINE-AGLR,INSULIN GLARGINE-AGLR,CCCCCCCCCCCCCC(=O)NCCCC[C@H](NC(=O)[C@@H]1CCCN1C(=O)[C@@H](NC(=O)[C@H](Cc1ccc(O)cc1)NC(=O)[C@H](Cc1ccccc1)NC(=O)[C@H](Cc1ccccc1)NC(=O)CNC(=O)[C@H](CCCNC(=N)N)NC(=O)[C@H](CCC(=O)O)NC(=O)CNC(=O)[C@@H]1CSSC[C@@H](C(=O)N[C@@H](CC(N)=O)C(=O)O)NC(=O)[C@H](Cc2ccc(O)cc2)NC(=O)[C@H](CC(N)=O)NC(=O)[C@H](CCC(=O)O)NC(=O)[C@H](CC(C)C)NC(=O)[C@H](CCC(N)=O)NC(=O)[C@H](Cc2ccc(O)cc2)NC(=O)[C@H](CC(C)C)NC(=O)[C@H](CO)NC(=O)[C@@H]2CSSC[C@H](NC(=O)[C@H](CCC(N)=O)NC(=O)[C@H](CCC(=O)O)NC(=O)[C@@H](NC(=O)[C@@H](NC(=O)CN)[C@@H](C)CC)C(C)C)C(=O)N[C@@H](CSSC[C@H](NC(=O)[C@H](CC(C)C)NC(=O)[C@H](Cc3c[nH]cn3)NC(=O)[C@H](CCC(N)=O)NC(=O)[C@H](CC(N)=O)NC(=O)[C@@H](NC(=O)[C@@H](N)Cc3ccccc3)C(C)C)C(=O)NCC(=O)N[C@@H](CO)C(=O)N[C@@H](Cc3c[nH]cn3)C(=O)N[C@@H](CC(C)C)C(=O)N[C@@H](C(C)C)C(=O)N[C@@H](CCC(=O)O)C(=O)N[C@@H](C)C(=O)N[C@@H](CC(C)C)C(=O)N[C@@H](Cc3ccc(O)cc3)C(=O)N[C@@H](CC(C)C)C(=O)N[C@@H](C(C)C)C(=O)N1)C(=O)N[C@@H]([C@@H](C)O)C(=O)N[C@@H](CO)C(=O)N[C@@H]([C@@H](C)CC)C(=O)N2)[C@@H](C)O)C(=O)O,ChEMBL,found_chembl | variants_tried=4,,,
INSULIN GLARGINE-YFGN,1,,1,Most,1,Most,0,,0,,0,,0,,0,,CCC(C)C(NC(=O)CN)C(=O)NC(C(=O)NC(CCC(=O)O)C(=O)NC(CCC(N)=O)C(=O)NC1CSSCC2NC(=O)C(C(C)CC)NC(=O)C(CO)NC(=O)C(C(C)O)NC(=O)C(CSSCC(NC(=O)C(CC(C)C)NC(=O)C(Cc3c[nH]cn3)NC(=O)C(CCC(N)=O)NC(=O)C(CC(N)=O)NC(=O)C(NC(=O)C(N)Cc3ccccc3)C(C)C)C(=O)NCC(=O)NC(CO)C(=O)NC(Cc3c[nH]cn3)C(=O)NC(CC(C)C)C(=O)NC(C(C)C)C(=O)NC(CCC(=O)O)C(=O)NC(C)C(=O)NC(CC(C)C)C(=O)NC(Cc3ccc(O)cc3)C(=O)NC(CC(C)C)C(=O)NC(C(C)C)C(=O)NC(C(=O)NCC(=O)NC(CCC(=O)O)C(=O)NC(CCCNC(=N)N)C(=O)NCC(=O)NC(Cc3ccccc3)C(=O)NC(Cc3ccccc3)C(=O)NC(Cc3ccc(O)cc3)C(=O)NC(C(=O)N3CCCC3C(=O)NC(CCCCN)C(=O)NC(C(=O)NC(CCCNC(=N)N)C(=O)NC(CCCNC(=N)N)C(=O)O)C(C)O)C(C)O)CSSCC(C(=O)NCC(=O)O)NC(=O)C(Cc3ccc(O)cc3)NC(=O)C(CC(N)=O)NC(=O)C(CCC(=O)O)NC(=O)C(CC(C)C)NC(=O)C(CCC(N)=O)NC(=O)C(Cc3ccc(O)cc3)NC(=O)C(CC(C)C)NC(=O)C(CO)NC2=O)NC1=O)C(C)C,ccc(c)c(nc(=o)cn)c(=o)nc(c(=o)nc(ccc(=o)o)c(=o)nc(ccc(n)=o)c(=o)nc1csscc2nc(=o)c(c(c)cc)nc(=o)c(co)nc(=o)c(c(c)o)nc(=o)c(csscc(nc(=o)c(cc(c)c)nc(=o)c(cc3c[nh]cn3)nc(=o)c(ccc(n)=o)nc(=o)c(cc(n)=o)nc(=o)c(nc(=o)c(n)cc3ccccc3)c(c)c)c(=o)ncc(=o)nc(co)c(=o)nc(cc3c[nh]cn3)c(=o)nc(cc(c)c)c(=o)nc(c(c)c)c(=o)nc(ccc(=o)o)c(=o)nc(c)c(=o)nc(cc(c)c)c(=o)nc(cc3ccc(o)cc3)c(=o)nc(cc(c)c)c(=o)nc(c(c)c)c(=o)nc(c(=o)ncc(=o)nc(ccc(=o)o)c(=o)nc(cccnc(=n)n)c(=o)ncc(=o)nc(cc3ccccc3)c(=o)nc(cc3ccccc3)c(=o)nc(cc3ccc(o)cc3)c(=o)nc(c(=o)n3cccc3c(=o)nc(ccccn)c(=o)nc(c(=o)nc(cccnc(=n)n)c(=o)nc(cccnc(=n)n)c(=o)o)c(c)o)c(c)o)csscc(c(=o)ncc(=o)o)nc(=o)c(cc3ccc(o)cc3)nc(=o)c(cc(n)=o)nc(=o)c(ccc(=o)o)nc(=o)c(cc(c)c)nc(=o)c(ccc(n)=o)nc(=o)c(cc3ccc(o)cc3)nc(=o)c(cc(c)c)nc(=o)c(co)nc2=o)nc1=o)c(c)c,CCC(C)C(NC(=O)CN)C(=O)NC(C(=O)NC(CCC(=O)O)C(=O)NC(CCC(N)=O)C(=O)NC1CSSCC2NC(=O)C(C(C)CC)NC(=O)C(CO)NC(=O)C(C(C)O)NC(=O)C(CSSCC(NC(=O)C(CC(C)C)NC(=O)C(Cc3c[nH]cn3)NC(=O)C(CCC(N)=O)NC(=O)C(CC(N)=O)NC(=O)C(NC(=O)C(N)Cc3ccccc3)C(C)C)C(=O)NCC(=O)NC(CO)C(=O)NC(Cc3c[nH]cn3)C(=O)NC(CC(C)C)C(=O)NC(C(C)C)C(=O)NC(CCC(=O)O)C(=O)NC(C)C(=O)NC(CC(C)C)C(=O)NC(Cc3ccc(O)cc3)C(=O)NC(CC(C)C)C(=O)NC(C(C)C)C(=O)NC(C(=O)NCC(=O)NC(CCC(=O)O)C(=O)NC(CCCNC(=N)N)C(=O)NCC(=O)NC(Cc3ccccc3)C(=O)NC(Cc3ccccc3)C(=O)NC(Cc3ccc(O)cc3)C(=O)NC(C(=O)N3CCCC3C(=O)NC(CCCCN)C(=O)NC(C(=O)NC(CCCNC(=N)N)C(=O)NC(CCCNC(=N)N)C(=O)O)C(C)O)C(C)O)CSSCC(C(=O)NCC(=O)O)NC(=O)C(Cc3ccc(O)cc3)NC(=O)C(CC(N)=O)NC(=O)C(CCC(=O)O)NC(=O)C(CC(C)C)NC(=O)C(CCC(N)=O)NC(=O)C(Cc3ccc(O)cc3)NC(=O)C(CC(C)C)NC(=O)C(CO)NC2=O)NC1=O)C(C)C,Original,,,,,,,,
INSULIN GLULISINE,1,,1,Most,0,,0,,0,,0,,0,,0,,CCC(C)C(NC(=O)CN)C(=O)NC(C(=O)NC(CCC(=O)O)C(=O)NC(CCC(N)=O)C(=O)NC1CSSCC2NC(=O)C(C(C)CC)NC(=O)C(CO)NC(=O)C(C(C)O)NC(=O)C(CSSCC(NC(=O)C(CC(C)C)NC(=O)C(Cc3c[nH]cn3)NC(=O)C(CCC(N)=O)NC(=O)C(CCCCN)NC(=O)C(NC(=O)C(N)Cc3ccccc3)C(C)C)C(=O)NCC(=O)NC(CO)C(=O)NC(Cc3c[nH]cn3)C(=O)NC(CC(C)C)C(=O)NC(C(C)C)C(=O)NC(CCC(=O)O)C(=O)NC(C)C(=O)NC(CC(C)C)C(=O)NC(Cc3ccc(O)cc3)C(=O)NC(CC(C)C)C(=O)NC(C(C)C)C(=O)NC(C(=O)NCC(=O)NC(CCC(=O)O)C(=O)NC(CCCNC(=N)N)C(=O)NCC(=O)NC(Cc3ccccc3)C(=O)NC(Cc3ccccc3)C(=O)NC(Cc3ccc(O)cc3)C(=O)NC(C(=O)N3CCCC3C(=O)NC(CCC(=O)O)C(=O)NC(C(=O)O)C(C)O)C(C)O)CSSCC(C(=O)NC(CC(N)=O)C(=O)O)NC(=O)C(Cc3ccc(O)cc3)NC(=O)C(CC(N)=O)NC(=O)C(CCC(=O)O)NC(=O)C(CC(C)C)NC(=O)C(CCC(N)=O)NC(=O)C(Cc3ccc(O)cc3)NC(=O)C(CC(C)C)NC(=O)C(CO)NC2=O)NC1=O)C(C)C,ccc(c)c(nc(=o)cn)c(=o)nc(c(=o)nc(ccc(=o)o)c(=o)nc(ccc(n)=o)c(=o)nc1csscc2nc(=o)c(c(c)cc)nc(=o)c(co)nc(=o)c(c(c)o)nc(=o)c(csscc(nc(=o)c(cc(c)c)nc(=o)c(cc3c[nh]cn3)nc(=o)c(ccc(n)=o)nc(=o)c(ccccn)nc(=o)c(nc(=o)c(n)cc3ccccc3)c(c)c)c(=o)ncc(=o)nc(co)c(=o)nc(cc3c[nh]cn3)c(=o)nc(cc(c)c)c(=o)nc(c(c)c)c(=o)nc(ccc(=o)o)c(=o)nc(c)c(=o)nc(cc(c)c)c(=o)nc(cc3ccc(o)cc3)c(=o)nc(cc(c)c)c(=o)nc(c(c)c)c(=o)nc(c(=o)ncc(=o)nc(ccc(=o)o)c(=o)nc(cccnc(=n)n)c(=o)ncc(=o)nc(cc3ccccc3)c(=o)nc(cc3ccccc3)c(=o)nc(cc3ccc(o)cc3)c(=o)nc(c(=o)n3cccc3c(=o)nc(ccc(=o)o)c(=o)nc(c(=o)o)c(c)o)c(c)o)csscc(c(=o)nc(cc(n)=o)c(=o)o)nc(=o)c(cc3ccc(o)cc3)nc(=o)c(cc(n)=o)nc(=o)c(ccc(=o)o)nc(=o)c(cc(c)c)nc(=o)c(ccc(n)=o)nc(=o)c(cc3ccc(o)cc3)nc(=o)c(cc(c)c)nc(=o)c(co)nc2=o)nc1=o)c(c)c,CCC(C)C(NC(=O)CN)C(=O)NC(C(=O)NC(CCC(=O)O)C(=O)NC(CCC(N)=O)C(=O)NC1CSSCC2NC(=O)C(C(C)CC)NC(=O)C(CO)NC(=O)C(C(C)O)NC(=O)C(CSSCC(NC(=O)C(CC(C)C)NC(=O)C(Cc3c[nH]cn3)NC(=O)C(CCC(N)=O)NC(=O)C(CCCCN)NC(=O)C(NC(=O)C(N)Cc3ccccc3)C(C)C)C(=O)NCC(=O)NC(CO)C(=O)NC(Cc3c[nH]cn3)C(=O)NC(CC(C)C)C(=O)NC(C(C)C)C(=O)NC(CCC(=O)O)C(=O)NC(C)C(=O)NC(CC(C)C)C(=O)NC(Cc3ccc(O)cc3)C(=O)NC(CC(C)C)C(=O)NC(C(C)C)C(=O)NC(C(=O)NCC(=O)NC(CCC(=O)O)C(=O)NC(CCCNC(=N)N)C(=O)NCC(=O)NC(Cc3ccccc3)C(=O)NC(Cc3ccccc3)C(=O)NC(Cc3ccc(O)cc3)C(=O)NC(C(=O)N3CCCC3C(=O)NC(CCC(=O)O)C(=O)NC(C(=O)O)C(C)O)C(C)O)CSSCC(C(=O)NC(CC(N)=O)C(=O)O)NC(=O)C(Cc3ccc(O)cc3)NC(=O)C(CC(N)=O)NC(=O)C(CCC(=O)O)NC(=O)C(CC(C)C)NC(=O)C(CCC(N)=O)NC(=O)C(Cc3ccc(O)cc3)NC(=O)C(CC(C)C)NC(=O)C(CO)NC2=O)NC1=O)C(C)C,Original,,,,,,,,
INSULIN HUMAN,1,,1,Most,0,,0,,0,,0,,0,,0,,CCC(C)C(NC(=O)CN)C(=O)NC(C(=O)NC(CCC(=O)O)C(=O)NC(CCC(N)=O)C(=O)NC1CSSCC2NC(=O)C(C(C)CC)NC(=O)C(CO)NC(=O)C(C(C)O)NC(=O)C(CSSCC(NC(=O)C(CC(C)C)NC(=O)C(Cc3c[nH]cn3)NC(=O)C(CCC(N)=O)NC(=O)C(CC(N)=O)NC(=O)C(NC(=O)C(N)Cc3ccccc3)C(C)C)C(=O)NCC(=O)NC(CO)C(=O)NC(Cc3c[nH]cn3)C(=O)NC(CC(C)C)C(=O)NC(C(C)C)C(=O)NC(CCC(=O)O)C(=O)NC(C)C(=O)NC(CC(C)C)C(=O)NC(Cc3ccc(O)cc3)C(=O)NC(CC(C)C)C(=O)NC(C(C)C)C(=O)NC(C(=O)NCC(=O)NC(CCC(=O)O)C(=O)NC(CCCNC(=N)N)C(=O)NCC(=O)NC(Cc3ccccc3)C(=O)NC(Cc3ccccc3)C(=O)NC(Cc3ccc(O)cc3)C(=O)NC(C(=O)N3CCCC3C(=O)NC(CCCCN)C(=O)NC(C(=O)O)C(C)O)C(C)O)CSSCC(C(=O)NC(CC(N)=O)C(=O)O)NC(=O)C(Cc3ccc(O)cc3)NC(=O)C(CC(N)=O)NC(=O)C(CCC(=O)O)NC(=O)C(CC(C)C)NC(=O)C(CCC(N)=O)NC(=O)C(Cc3ccc(O)cc3)NC(=O)C(CC(C)C)NC(=O)C(CO)NC2=O)NC1=O)C(C)C,ccc(c)c(nc(=o)cn)c(=o)nc(c(=o)nc(ccc(=o)o)c(=o)nc(ccc(n)=o)c(=o)nc1csscc2nc(=o)c(c(c)cc)nc(=o)c(co)nc(=o)c(c(c)o)nc(=o)c(csscc(nc(=o)c(cc(c)c)nc(=o)c(cc3c[nh]cn3)nc(=o)c(ccc(n)=o)nc(=o)c(cc(n)=o)nc(=o)c(nc(=o)c(n)cc3ccccc3)c(c)c)c(=o)ncc(=o)nc(co)c(=o)nc(cc3c[nh]cn3)c(=o)nc(cc(c)c)c(=o)nc(c(c)c)c(=o)nc(ccc(=o)o)c(=o)nc(c)c(=o)nc(cc(c)c)c(=o)nc(cc3ccc(o)cc3)c(=o)nc(cc(c)c)c(=o)nc(c(c)c)c(=o)nc(c(=o)ncc(=o)nc(ccc(=o)o)c(=o)nc(cccnc(=n)n)c(=o)ncc(=o)nc(cc3ccccc3)c(=o)nc(cc3ccccc3)c(=o)nc(cc3ccc(o)cc3)c(=o)nc(c(=o)n3cccc3c(=o)nc(ccccn)c(=o)nc(c(=o)o)c(c)o)c(c)o)csscc(c(=o)nc(cc(n)=o)c(=o)o)nc(=o)c(cc3ccc(o)cc3)nc(=o)c(cc(n)=o)nc(=o)c(ccc(=o)o)nc(=o)c(cc(c)c)nc(=o)c(ccc(n)=o)nc(=o)c(cc3ccc(o)cc3)nc(=o)c(cc(c)c)nc(=o)c(co)nc2=o)nc1=o)c(c)c,CCC(C)C(NC(=O)CN)C(=O)NC(C(=O)NC(CCC(=O)O)C(=O)NC(CCC(N)=O)C(=O)NC1CSSCC2NC(=O)C(C(C)CC)NC(=O)C(CO)NC(=O)C(C(C)O)NC(=O)C(CSSCC(NC(=O)C(CC(C)C)NC(=O)C(Cc3c[nH]cn3)NC(=O)C(CCC(N)=O)NC(=O)C(CC(N)=O)NC(=O)C(NC(=O)C(N)Cc3ccccc3)C(C)C)C(=O)NCC(=O)NC(CO)C(=O)NC(Cc3c[nH]cn3)C(=O)NC(CC(C)C)C(=O)NC(C(C)C)C(=O)NC(CCC(=O)O)C(=O)NC(C)C(=O)NC(CC(C)C)C(=O)NC(Cc3ccc(O)cc3)C(=O)NC(CC(C)C)C(=O)NC(C(C)C)C(=O)NC(C(=O)NCC(=O)NC(CCC(=O)O)C(=O)NC(CCCNC(=N)N)C(=O)NCC(=O)NC(Cc3ccccc3)C(=O)NC(Cc3ccccc3)C(=O)NC(Cc3ccc(O)cc3)C(=O)NC(C(=O)N3CCCC3C(=O)NC(CCCCN)C(=O)NC(C(=O)O)C(C)O)C(C)O)CSSCC(C(=O)NC(CC(N)=O)C(=O)O)NC(=O)C(Cc3ccc(O)cc3)NC(=O)C(CC(N)=O)NC(=O)C(CCC(=O)O)NC(=O)C(CC(C)C)NC(=O)C(CCC(N)=O)NC(=O)C(Cc3ccc(O)cc3)NC(=O)C(CC(C)C)NC(=O)C(CO)NC2=O)NC1=O)C(C)C,Original,,,,,,,,
INSULIN LISPRO,0,,1,Most,0,,0,,0,,0,,0,,0,,CC(C)CC(NC(=O)C(C)NC(=O)C(CCC(=O)O)NC(=O)C(NC(=O)C(CC(C)C)NC(=O)C(Cc1cnc[nH]1)NC(=O)C(CO)NC(=O)CNC(=O)C(CS)NC(=O)C(CC(C)C)NC(=O)C(Cc1cnc[nH]1)NC(=O)C(CCC(N)=O)NC(=O)C(CC(N)=O)NC(=O)C(NC(=O)C(N)Cc1ccccc1)C(C)C)C(C)C)C(=O)NC(Cc1ccc(O)cc1)C(=O)NC(CC(C)C)C(=O)NC(C(=O)NC(CS)C(=O)NCC(=O)NC(CCC(=O)O)C(=O)NC(CCCNC(=N)N)C(=O)NCC(=O)NC(Cc1ccccc1)C(=O)NC(Cc1ccccc1)C(=O)NC(Cc1ccc(O)cc1)C(=O)NC(C(=O)NC(CCCCN)C(=O)N1CCCC1C(=O)NC(C(=O)O)C(C)O)C(C)O)C(C)C.CCC(C)C(NC(=O)CN)C(=O)NC(C(=O)NC(CCC(=O)O)C(=O)NC(CCC(N)=O)C(=O)NC(CS)C(=O)NC(CS)C(=O)NC(C(=O)NC(CO)C(=O)NC(C(=O)NC(CS)C(=O)NC(CO)C(=O)NC(CC(C)C)C(=O)NC(Cc1ccc(O)cc1)C(=O)NC(CCC(N)=O)C(=O)NC(CC(C)C)C(=O)NC(CCC(=O)O)C(=O)NC(CC(N)=O)C(=O)NC(Cc1ccc(O)cc1)C(=O)NC(CS)C(=O)NC(CC(N)=O)C(=O)O)C(C)CC)C(C)O)C(C)C,cc(c)cc(nc(=o)c(c)nc(=o)c(ccc(=o)o)nc(=o)c(nc(=o)c(cc(c)c)nc(=o)c(cc1cnc[nh]1)nc(=o)c(co)nc(=o)cnc(=o)c(cs)nc(=o)c(cc(c)c)nc(=o)c(cc1cnc[nh]1)nc(=o)c(ccc(n)=o)nc(=o)c(cc(n)=o)nc(=o)c(nc(=o)c(n)cc1ccccc1)c(c)c)c(c)c)c(=o)nc(cc1ccc(o)cc1)c(=o)nc(cc(c)c)c(=o)nc(c(=o)nc(cs)c(=o)ncc(=o)nc(ccc(=o)o)c(=o)nc(cccnc(=n)n)c(=o)ncc(=o)nc(cc1ccccc1)c(=o)nc(cc1ccccc1)c(=o)nc(cc1ccc(o)cc1)c(=o)nc(c(=o)nc(ccccn)c(=o)n1cccc1c(=o)nc(c(=o)o)c(c)o)c(c)o)c(c)c.ccc(c)c(nc(=o)cn)c(=o)nc(c(=o)nc(ccc(=o)o)c(=o)nc(ccc(n)=o)c(=o)nc(cs)c(=o)nc(cs)c(=o)nc(c(=o)nc(co)c(=o)nc(c(=o)nc(cs)c(=o)nc(co)c(=o)nc(cc(c)c)c(=o)nc(cc1ccc(o)cc1)c(=o)nc(ccc(n)=o)c(=o)nc(cc(c)c)c(=o)nc(ccc(=o)o)c(=o)nc(cc(n)=o)c(=o)nc(cc1ccc(o)cc1)c(=o)nc(cs)c(=o)nc(cc(n)=o)c(=o)o)c(c)cc)c(c)o)c(c)c,CC(C)CC(NC(=O)C(C)NC(=O)C(CCC(=O)O)NC(=O)C(NC(=O)C(CC(C)C)NC(=O)C(Cc1cnc[nH]1)NC(=O)C(CO)NC(=O)CNC(=O)C(CS)NC(=O)C(CC(C)C)NC(=O)C(Cc1cnc[nH]1)NC(=O)C(CCC(N)=O)NC(=O)C(CC(N)=O)NC(=O)C(NC(=O)C(N)Cc1ccccc1)C(C)C)C(C)C)C(=O)NC(Cc1ccc(O)cc1)C(=O)NC(CC(C)C)C(=O)NC(C(=O)NC(CS)C(=O)NCC(=O)NC(CCC(=O)O)C(=O)NC(CCCNC(=N)N)C(=O)NCC(=O)NC(Cc1ccccc1)C(=O)NC(Cc1ccccc1)C(=O)NC(Cc1ccc(O)cc1)C(=O)NC(C(=O)NC(CCCCN)C(=O)N1CCCC1C(=O)NC(C(=O)O)C(C)O)C(C)O)C(C)C.CCC(C)C(NC(=O)CN)C(=O)NC(C(=O)NC(CCC(=O)O)C(=O)NC(CCC(N)=O)C(=O)NC(CS)C(=O)NC(CS)C(=O)NC(C(=O)NC(CO)C(=O)NC(C(=O)NC(CS)C(=O)NC(CO)C(=O)NC(CC(C)C)C(=O)NC(Cc1ccc(O)cc1)C(=O)NC(CCC(N)=O)C(=O)NC(CC(C)C)C(=O)NC(CCC(=O)O)C(=O)NC(CC(N)=O)C(=O)NC(Cc1ccc(O)cc1)C(=O)NC(CS)C(=O)NC(CC(N)=O)C(=O)O)C(C)CC)C(C)O)C(C)C,Original,,,,,,,,
INSULIN LISPRO-AABC,0,,1,Most,0,,0,,0,,0,,0,,0,,CC(C)CC(NC(=O)C(C)NC(=O)C(CCC(=O)O)NC(=O)C(NC(=O)C(CC(C)C)NC(=O)C(Cc1cnc[nH]1)NC(=O)C(CO)NC(=O)CNC(=O)C(CS)NC(=O)C(CC(C)C)NC(=O)C(Cc1cnc[nH]1)NC(=O)C(CCC(N)=O)NC(=O)C(CC(N)=O)NC(=O)C(NC(=O)C(N)Cc1ccccc1)C(C)C)C(C)C)C(=O)NC(Cc1ccc(O)cc1)C(=O)NC(CC(C)C)C(=O)NC(C(=O)NC(CS)C(=O)NCC(=O)NC(CCC(=O)O)C(=O)NC(CCCNC(=N)N)C(=O)NCC(=O)NC(Cc1ccccc1)C(=O)NC(Cc1ccccc1)C(=O)NC(Cc1ccc(O)cc1)C(=O)NC(C(=O)NC(CCCCN)C(=O)N1CCCC1C(=O)NC(C(=O)O)C(C)O)C(C)O)C(C)C.CCC(C)C(NC(=O)CN)C(=O)NC(C(=O)NC(CCC(=O)O)C(=O)NC(CCC(N)=O)C(=O)NC(CS)C(=O)NC(CS)C(=O)NC(C(=O)NC(CO)C(=O)NC(C(=O)NC(CS)C(=O)NC(CO)C(=O)NC(CC(C)C)C(=O)NC(Cc1ccc(O)cc1)C(=O)NC(CCC(N)=O)C(=O)NC(CC(C)C)C(=O)NC(CCC(=O)O)C(=O)NC(CC(N)=O)C(=O)NC(Cc1ccc(O)cc1)C(=O)NC(CS)C(=O)NC(CC(N)=O)C(=O)O)C(C)CC)C(C)O)C(C)C,cc(c)cc(nc(=o)c(c)nc(=o)c(ccc(=o)o)nc(=o)c(nc(=o)c(cc(c)c)nc(=o)c(cc1cnc[nh]1)nc(=o)c(co)nc(=o)cnc(=o)c(cs)nc(=o)c(cc(c)c)nc(=o)c(cc1cnc[nh]1)nc(=o)c(ccc(n)=o)nc(=o)c(cc(n)=o)nc(=o)c(nc(=o)c(n)cc1ccccc1)c(c)c)c(c)c)c(=o)nc(cc1ccc(o)cc1)c(=o)nc(cc(c)c)c(=o)nc(c(=o)nc(cs)c(=o)ncc(=o)nc(ccc(=o)o)c(=o)nc(cccnc(=n)n)c(=o)ncc(=o)nc(cc1ccccc1)c(=o)nc(cc1ccccc1)c(=o)nc(cc1ccc(o)cc1)c(=o)nc(c(=o)nc(ccccn)c(=o)n1cccc1c(=o)nc(c(=o)o)c(c)o)c(c)o)c(c)c.ccc(c)c(nc(=o)cn)c(=o)nc(c(=o)nc(ccc(=o)o)c(=o)nc(ccc(n)=o)c(=o)nc(cs)c(=o)nc(cs)c(=o)nc(c(=o)nc(co)c(=o)nc(c(=o)nc(cs)c(=o)nc(co)c(=o)nc(cc(c)c)c(=o)nc(cc1ccc(o)cc1)c(=o)nc(ccc(n)=o)c(=o)nc(cc(c)c)c(=o)nc(ccc(=o)o)c(=o)nc(cc(n)=o)c(=o)nc(cc1ccc(o)cc1)c(=o)nc(cs)c(=o)nc(cc(n)=o)c(=o)o)c(c)cc)c(c)o)c(c)c,CC(C)CC(NC(=O)C(C)NC(=O)C(CCC(=O)O)NC(=O)C(NC(=O)C(CC(C)C)NC(=O)C(Cc1cnc[nH]1)NC(=O)C(CO)NC(=O)CNC(=O)C(CS)NC(=O)C(CC(C)C)NC(=O)C(Cc1cnc[nH]1)NC(=O)C(CCC(N)=O)NC(=O)C(CC(N)=O)NC(=O)C(NC(=O)C(N)Cc1ccccc1)C(C)C)C(C)C)C(=O)NC(Cc1ccc(O)cc1)C(=O)NC(CC(C)C)C(=O)NC(C(=O)NC(CS)C(=O)NCC(=O)NC(CCC(=O)O)C(=O)NC(CCCNC(=N)N)C(=O)NCC(=O)NC(Cc1ccccc1)C(=O)NC(Cc1ccccc1)C(=O)NC(Cc1ccc(O)cc1)C(=O)NC(C(=O)NC(CCCCN)C(=O)N1CCCC1C(=O)NC(C(=O)O)C(C)O)C(C)O)C(C)C.CCC(C)C(NC(=O)CN)C(=O)NC(C(=O)NC(CCC(=O)O)C(=O)NC(CCC(N)=O)C(=O)NC(CS)C(=O)NC(CS)C(=O)NC(C(=O)NC(CO)C(=O)NC(C(=O)NC(CS)C(=O)NC(CO)C(=O)NC(CC(C)C)C(=O)NC(Cc1ccc(O)cc1)C(=O)NC(CCC(N)=O)C(=O)NC(CC(C)C)C(=O)NC(CCC(=O)O)C(=O)NC(CC(N)=O)C(=O)NC(Cc1ccc(O)cc1)C(=O)NC(CS)C(=O)NC(CC(N)=O)C(=O)O)C(C)CC)C(C)O)C(C)C,Original,,,,,,,,
INTERFERON ALFA-N3,0,,0,,0,,0,,0,,0,,0,,0,,Not found,not found,,NotFound,INTERFERON ALFA-N3,INTERFERON ALFA-N3,,,not_found | variants_tried=4,,None,"no_hit | variants=['INTERFERON ALFA N', 'INTERFERON N', 'INTERFERON', 'INTERFERON ALFA']"
INTERFERON BETA-1A,1,Most,1,Most,1,Most,0,,1,Most,0,,1,Most,0,,Not found,not found,,NotFound,INTERFERON BETA-1A,INTERFERON BETA-1A,,,not_found | variants_tried=4,,None,"no_hit | variants=['INTERFERON BETA A', 'INTERFERON A', 'INTERFERON', 'INTERFERON BETA']"
INTERFERON BETA-1B,1,Most,1,Most,1,Most,0,,1,Most,0,,1,Most,0,,Not found,not found,,NotFound,INTERFERON BETA-1B,INTERFERON BETA-1B,,,not_found | variants_tried=4,,None,"no_hit | variants=['INTERFERON BETA B', 'INTERFERON B', 'INTERFERON', 'INTERFERON BETA']"
INTERFERON GAMMA-1B,1,Most,1,Most,1,Most,1,Most,1,Most,0,,1,Most,1,Most,Not found,not found,COc1c2ccoc2nc2c(OC)cccc12,ChEMBL,INTERFERON GAMMA-1B,INTERFERON GAMMA-1B,,,not_found | variants_tried=4,COc1c2ccoc2nc2c(OC)cccc12,ChEMBL,query='INTERFERON GAMMA B' via chembl | tried=4
INTRALIPID,0,,0,,1,Most,0,,1,Most,0,,1,Most,0,,CCCCCC=CCC=CCCCCCCCC(=O)O.CCCCCCCCC=CCCCCCCCC(=O)OC(COC(=O)CCCCCCCCCCCCCCC)COP(=O)(O)OCC[N+](C)(C)C,cccccc=ccc=ccccccccc(=o)o.ccccccccc=ccccccccc(=o)oc(coc(=o)ccccccccccccccc)cop(=o)(o)occ[n+](c)(c)c,CCCCCC=CCC=CCCCCCCCC(=O)O.CCCCCCCCC=CCCCCCCCC(=O)OC(COC(=O)CCCCCCCCCCCCCCC)COP(=O)(O)OCC[N+](C)(C)C,Original,,,,,,,,
IODINATED I-125 ALBUMIN,0,,0,,0,,0,,0,,0,,0,,0,,Not found,not found,CC(I)C1OCC(CO)O1,ChEMBL,IODINATED I-125 ALBUMIN,IODINATED I-125 ALBUMIN,CC(I)C1OCC(CO)O1,ChEMBL,found_chembl | variants_tried=4,,,
IODINATED I-131 ALBUMIN,0,,0,,0,,0,,0,,0,,0,,0,,Not found,not found,N=C(N)NCc1cccc([131I])c1,ChEMBL,IODINATED I-131 ALBUMIN,IODINATED I-131 ALBUMIN,N=C(N)NCc1cccc([131I])c1,ChEMBL,found_chembl | variants_tried=4,,,
IOPROMIDE,1,Most,1,Most,1,,0,,0,,0,,1,Most,1,Most,COCC(=O)Nc1c(I)c(C(=O)NCC(O)CO)c(I)c(C(=O)N(C)CC(O)CO)c1I,cocc(=o)nc1c(i)c(c(=o)ncc(o)co)c(i)c(c(=o)n(c)cc(o)co)c1i,COCC(=O)Nc1c(I)c(C(=O)NCC(O)CO)c(I)c(C(=O)N(C)CC(O)CO)c1I,Original,,,,,,,,
IOVERSOL,1,Most,1,Most,1,Most,0,,0,,0,,1,Most,1,Most,O=C(NCC(O)CO)c1c(I)c(C(=O)NCC(O)CO)c(I)c(N(CCO)C(=O)CO)c1I,o=c(ncc(o)co)c1c(i)c(c(=o)ncc(o)co)c(i)c(n(cco)c(=o)co)c1i,O=C(NCC(O)CO)c1c(I)c(C(=O)NCC(O)CO)c(I)c(N(CCO)C(=O)CO)c1I,Original,,,,,,,,
IPILIMUMAB,1,Most,1,Most,1,Most,0,,1,Most,0,,1,Most,1,Most,Not found,not found,,NotFound,IPILIMUMAB,IPILIMUMAB,,,not_found | variants_tried=1,,,
IPRATROPIUM BROMIDE,1,,1,Most,0,,0,,0,,0,,0,Most,0,,CC(C)[N+]1(C)[C@@H]2CC[C@H]1C[C@@H](OC(=O)C(CO)c1ccccc1)C2,cc(c)[n+]1(c)[c@@h]2cc[c@h]1c[c@@h](oc(=o)c(co)c1ccccc1)c2,CC(C)[N+]1(C)[C@@H]2CC[C@H]1C[C@@H](OC(=O)C(CO)c1ccccc1)C2,Original,,,,,,,,
IPTACOPAN,0,,1,Most,1,Most,1,,0,,0,,0,,0,,CCO[C@H]1CCN(Cc2c(OC)cc(C)c3[nH]ccc23)[C@H](c2ccc(C(=O)O)cc2)C1,cco[c@h]1ccn(cc2c(oc)cc(c)c3[nh]ccc23)[c@h](c2ccc(c(=o)o)cc2)c1,CCO[C@H]1CCN(Cc2c(OC)cc(C)c3[nH]ccc23)[C@H](c2ccc(C(=O)O)cc2)C1,Original,,,,,,,,
IRINOTECAN HYDROCHLOIDE,1,Most,1,Most,1,Most,1,Most,1,Most,0,,1,Most,1,Most,CCc1c2c(nc3ccc(OC(=O)N4CCC(N5CCCCC5)CC4)cc13)-c1cc3c(c(=O)n1C2)COC(=O)C3(O)CC,ccc1c2c(nc3ccc(oc(=o)n4ccc(n5ccccc5)cc4)cc13)-c1cc3c(c(=o)n1c2)coc(=o)c3(o)cc,CCc1c2c(nc3ccc(OC(=O)N4CCC(N5CCCCC5)CC4)cc13)-c1cc3c(c(=O)n1C2)COC(=O)C3(O)CC,Original,,,,,,,,
IRINOTECAN HYDROCHLOIDE; IRINOTECAN HYDROCHLORIDE,1,Most,1,Most,1,Most,1,Most,1,Most,0,,1,Most,1,,Not found,not found,CCc1c2c(nc3ccc(OC(=O)N4CCC(N5CCCCC5)CC4)cc13)-c1cc3c(c(=O)n1C2)COC(=O)[C@]3(O)CC.Cl.O.O.O,ChEMBL,,,,,,,,
IRON SUCROSE,1,Most,1,Most,1,,0,,0,,0,,0,,0,,OCC1OC(OC2(CO)OC(CO)C(O)C2O)C(O)C(O)C1O.[Fe+3].[Fe+3].[Fe+3].[Fe+3].[Fe+3],occ1oc(oc2(co)oc(co)c(o)c2o)c(o)c(o)c1o.[fe+3].[fe+3].[fe+3].[fe+3].[fe+3],OCC1OC(OC2(CO)OC(CO)C(O)C2O)C(O)C(O)C1O.[Fe+3].[Fe+3].[Fe+3].[Fe+3].[Fe+3],Original,,,,,,,,
ISATUXIMAB,1,Most,1,Most,1,Most,0,,0,,0,,1,Most,0,,Not found,not found,,NotFound,ISATUXIMAB,ISATUXIMAB,,,not_found | variants_tried=1,,,
ISOPROTERENOL HYDROCHLORIDE,1,Most,1,,0,,0,,0,,0,,1,Most,0,,CC(C)NCC(O)c1ccc(O)c(O)c1,cc(c)ncc(o)c1ccc(o)c(o)c1,CC(C)NCC(O)c1ccc(O)c(O)c1,Original,,,,,,,,
IXEKIZUMAB,0,,1,Most,1,Most,0,,0,,0,,0,,0,,Not found,not found,,NotFound,IXEKIZUMAB,IXEKIZUMAB,,,not_found | variants_tried=1,,,
KETOTOLAC TROMETHAMINE,1,Most,1,Most,1,Most,1,Most,1,Most,1,,1,Most,1,Most,NC(CO)(CO)CO.O=C(c1ccccc1)c1ccc2n1CCC2C(=O)O,nc(co)(co)co.o=c(c1ccccc1)c1ccc2n1ccc2c(=o)o,NC(CO)(CO)CO.O=C(c1ccccc1)c1ccc2n1CCC2C(=O)O,Original,,,,,,,,
KIT FOR THE PREPARATION OF GALLIUM GA 68 GOZETOTIDE,0,,0,,0,,0,,0,,0,,0,,0,,O=C(O)CCc1ccc(O)c(CN(CCN(CC(=O)O)Cc2cc(CCC(=O)NCCCCCC(=O)NCCCCC(NC(=O)NC(CCC(=O)O)C(=O)O)C(=O)O)ccc2O)CC(=O)O)c1,o=c(o)ccc1ccc(o)c(cn(ccn(cc(=o)o)cc2cc(ccc(=o)ncccccc(=o)nccccc(nc(=o)nc(ccc(=o)o)c(=o)o)c(=o)o)ccc2o)cc(=o)o)c1,O=C(O)CCc1ccc(O)c(CN(CCN(CC(=O)O)Cc2cc(CCC(=O)NCCCCCC(=O)NCCCCC(NC(=O)NC(CCC(=O)O)C(=O)O)C(=O)O)ccc2O)CC(=O)O)c1,Original,,,,,,,,
KIT FOR THE PREPARATION OF TECHNETIUM TC 99M ALBUMIN AGGREGATED,1,Most,1,,0,,0,,0,,0,,1,Most,0,,Not found,not found,Cn1cc(-c2cc(Oc3cc(F)c(NC(=O)C4(C(=O)Nc5ccccc5)CC4)cc3F)ccn2)cn1,ChEMBL,KIT,KIT FOR THE PREPARATION OF TECHNETIUM TC 99M ALBUMIN AGGREGATED,Cn1cc(-c2cc(Oc3cc(F)c(NC(=O)C4(C(=O)Nc5ccccc5)CC4)cc3F)ccn2)cn1,ChEMBL,found_chembl | variants_tried=4,,,
KIT FOR THE PREPARATION OF TECHNETIUM TC 99M MEBROFENIN,0,,1,,0,,0,,0,,0,,0,,0,,Cc1cc(C)c(NC(=O)CN(CC(=O)O)CC(=O)O)c(C)c1Br,cc1cc(c)c(nc(=o)cn(cc(=o)o)cc(=o)o)c(c)c1br,Cc1cc(C)c(NC(=O)CN(CC(=O)O)CC(=O)O)c(C)c1Br,Original,,,,,,,,
KIT FOR THE PREPARATION OF TECHNETIUM TC99M SESTAMIBI,1,,1,,0,,1,Most,0,,0,,0,,0,,Not found,not found,Fc1ccc(N2CC3CC3(C#Cc3ccccn3)C2)cc1,ChEMBL,KIT FOR THE PREPARATION OF TECHNETIUM TC99M SESTAMIBI,KIT FOR THE PREPARATION OF TECHNETIUM TC99M SESTAMIBI,Fc1ccc(N2CC3CC3(C#Cc3ccccn3)C2)cc1,ChEMBL,found_chembl | variants_tried=4,,,
LABETALOL,1,Most,1,Most,0,,0,,1,Most,0,,1,Most,0,,CC(CCc1ccccc1)NCC(O)c1ccc(O)c(C(N)=O)c1,cc(ccc1ccccc1)ncc(o)c1ccc(o)c(c(n)=o)c1,CC(CCc1ccccc1)NCC(O)c1ccc(O)c(C(N)=O)c1,Original,,,,,,,,
LABETALOL HCL,1,Most,1,,0,,0,,1,Most,0,,1,Most,1,,CC(CCc1ccccc1)NCC(O)c1ccc(O)c(C(N)=O)c1,cc(ccc1ccccc1)ncc(o)c1ccc(o)c(c(n)=o)c1,CC(CCc1ccccc1)NCC(O)c1ccc(O)c(C(N)=O)c1,Original,,,,,,,,
LACOSAMIDE ORAL SOLUTION,1,Most,1,Most,1,Most,0,,1,Most,0,,0,,1,,COCC(NC(C)=O)C(=O)NCc1ccccc1,cocc(nc(c)=o)c(=o)ncc1ccccc1,COCC(NC(C)=O)C(=O)NCc1ccccc1,Original,,,,,,,,
"LACTULOSE SOLUTION USP, 10 G/15 ML",0,,0,,0,,0,,0,,0,,0,,0,,OCC1OC(OC2C(CO)OC(O)(CO)C2O)C(O)C(O)C1O,occ1oc(oc2c(co)oc(o)(co)c2o)c(o)c(o)c1o,OCC1OC(OC2C(CO)OC(O)(CO)C2O)C(O)C(O)C1O,Original,,,,,,,,
LAMIVUDINE ORAL,0,,1,,1,Most,0,,1,Most,0,,0,,0,,Nc1ccn(C2CSC(CO)O2)c(=O)n1,nc1ccn(c2csc(co)o2)c(=o)n1,Nc1ccn(C2CSC(CO)O2)c(=O)n1,Original,,,,,,,,
LAMOTIRIGINE,0,,0,,0,,0,,0,,0,,0,,0,,Nc1nnc(-c2cccc(Cl)c2Cl)c(N)n1,nc1nnc(-c2cccc(cl)c2cl)c(n)n1,Nc1nnc(-c2cccc(Cl)c2Cl)c(N)n1,Original,,,,,,,,
LAMOTRIGINE CHEWABLE DISPERSIBLE,1,,1,Most,1,Most,0,,1,Most,0,,0,,0,,Nc1nnc(-c2cccc(Cl)c2Cl)c(N)n1,nc1nnc(-c2cccc(cl)c2cl)c(n)n1,Nc1nnc(-c2cccc(Cl)c2Cl)c(N)n1,Original,,,,,,,,
LAMOTRIGINE ER,1,Most,1,Most,1,Most,0,,1,Most,0,,0,,1,,Nc1nnc(-c2cccc(Cl)c2Cl)c(N)n1,nc1nnc(-c2cccc(cl)c2cl)c(n)n1,Nc1nnc(-c2cccc(Cl)c2Cl)c(N)n1,Original,,,,,,,,
LAMOTRIGINE EXTENDED RELEASE,1,Most,1,Most,1,Most,0,,1,,1,,0,,1,,Nc1nnc(-c2cccc(Cl)c2Cl)c(N)n1,nc1nnc(-c2cccc(cl)c2cl)c(n)n1,Nc1nnc(-c2cccc(Cl)c2Cl)c(N)n1,Original,,,,,,,,
LAMOTRIGINE EXTENDED-RELEASE,1,Most,1,Most,1,Most,0,,1,Most,0,,0,,1,,Nc1nnc(-c2cccc(Cl)c2Cl)c(N)n1,nc1nnc(-c2cccc(cl)c2cl)c(n)n1,Nc1nnc(-c2cccc(Cl)c2Cl)c(N)n1,Original,,,,,,,,
LANADELUMAB-FLYO,0,,1,Most,1,,0,,1,,0,,0,,0,,Not found,not found,,NotFound,LANADELUMAB-FLYO,LANADELUMAB-FLYO,,,not_found | variants_tried=3,,None,"no_hit | variants=['LANADELUMAB FLYO', 'LANADELUMAB']"
LARONIDASE,1,Most,1,Most,1,,0,,0,,0,,1,Most,0,,Not found,not found,,NotFound,LARONIDASE,LARONIDASE,,,not_found | variants_tried=1,,,
LATANOPROST,1,,1,Most,0,,0,,0,,0,,1,,0,,CC(C)OC(=O)CCC/C=C\C[C@@H]1[C@@H](CC[C@@H](O)CCc2ccccc2)[C@H](O)C[C@@H]1O,cc(c)oc(=o)ccc/c=c\c[c@@h]1[c@@h](cc[c@@h](o)ccc2ccccc2)[c@h](o)c[c@@h]1o,CC(C)OC(=O)CCC/C=C\C[C@@H]1[C@@H](CC[C@@H](O)CCc2ccccc2)[C@H](O)C[C@@H]1O,Original,,,,,,,,
LATANOPROST OPHTHALMIC SOLUTION 0.005%,1,,1,Most,0,,0,,0,,0,,1,,0,,CC(C)OC(=O)CCCC=CCC1C(O)CC(O)C1CCC(O)CCc1ccccc1,cc(c)oc(=o)cccc=ccc1c(o)cc(o)c1ccc(o)ccc1ccccc1,CC(C)OC(=O)CCCC=CCC1C(O)CC(O)C1CCC(O)CCc1ccccc1,Original,,,,,,,,
LATANOPROSTENE BUNOD,0,,1,Most,0,,0,,0,,0,,0,,0,,O=C(CCC/C=C\C[C@@H]1[C@@H](CC[C@@H](O)CCc2ccccc2)[C@H](O)C[C@@H]1O)OCCCCO[N+](=O)[O-],o=c(ccc/c=c\c[c@@h]1[c@@h](cc[c@@h](o)ccc2ccccc2)[c@h](o)c[c@@h]1o)occcco[n+](=o)[o-],O=C(CCC/C=C\C[C@@H]1[C@@H](CC[C@@H](O)CCc2ccccc2)[C@H](O)C[C@@H]1O)OCCCCO[N+](=O)[O-],Original,,,,,,,,
LECANEMAB,0,,1,,1,Most,0,,0,,0,,0,,0,,Not found,not found,,NotFound,LECANEMAB,LECANEMAB,,,not_found | variants_tried=1,,,
LEFLUNOMIDE,0,,1,Most,1,Most,0,,1,Most,0,,1,Most,0,,Cc1oncc1C(=O)Nc1ccc(C(F)(F)F)cc1,cc1oncc1c(=o)nc1ccc(c(f)(f)f)cc1,Cc1oncc1C(=O)Nc1ccc(C(F)(F)F)cc1,Original,,,,,,,,
LENACAPAVIR SODIUM,0,,1,Most,0,,0,,0,,0,,0,,0,,CC(C)(C#Cc1ccc(-c2ccc(Cl)c3c(NS(C)(=O)=O)nn(CC(F)(F)F)c23)c([C@H](Cc2cc(F)cc(F)c2)NC(=O)Cn2nc(C(F)(F)F)c3c2C(F)(F)[C@@H]2C[C@H]32)n1)S(C)(=O)=O,cc(c)(c#cc1ccc(-c2ccc(cl)c3c(ns(c)(=o)=o)nn(cc(f)(f)f)c23)c([c@h](cc2cc(f)cc(f)c2)nc(=o)cn2nc(c(f)(f)f)c3c2c(f)(f)[c@@h]2c[c@h]32)n1)s(c)(=o)=o,CC(C)(C#Cc1ccc(-c2ccc(Cl)c3c(NS(C)(=O)=O)nn(CC(F)(F)F)c23)c([C@H](Cc2cc(F)cc(F)c2)NC(=O)Cn2nc(C(F)(F)F)c3c2C(F)(F)[C@@H]2C[C@H]32)n1)S(C)(=O)=O,Original,,,,,,,,
LENIOLISIB,1,Most,1,Most,1,,1,,0,,0,,0,,0,,CCC(=O)N1CC[C@H](Nc2ncnc3c2CN(c2cnc(OC)c(C(F)(F)F)c2)CC3)C1,ccc(=o)n1cc[c@h](nc2ncnc3c2cn(c2cnc(oc)c(c(f)(f)f)c2)cc3)c1,CCC(=O)N1CC[C@H](Nc2ncnc3c2CN(c2cnc(OC)c(C(F)(F)F)c2)CC3)C1,Original,,,,,,,,
LETROZOLE TABLETS,1,Most,1,Most,1,,1,Most,1,Most,0,,0,,0,,N#Cc1ccc(C(c2ccc(C#N)cc2)n2cncn2)cc1,n#cc1ccc(c(c2ccc(c#n)cc2)n2cncn2)cc1,N#Cc1ccc(C(c2ccc(C#N)cc2)n2cncn2)cc1,Original,,,,,,,,
LEUPROLIDE,1,Most,1,Most,1,,1,Most,0,,0,,1,,0,,CCNC(=O)[C@@H]1CCCN1C(=O)[C@H](CCCNC(=N)N)NC(=O)[C@H](CC(C)C)NC(=O)[C@@H](CC(C)C)NC(=O)[C@H](Cc1ccc(O)cc1)NC(=O)[C@H](CO)NC(=O)[C@H](Cc1c[nH]c2ccccc12)NC(=O)[C@H](Cc1c[nH]cn1)NC(=O)[C@@H]1CCC(=O)N1,ccnc(=o)[c@@h]1cccn1c(=o)[c@h](cccnc(=n)n)nc(=o)[c@h](cc(c)c)nc(=o)[c@@h](cc(c)c)nc(=o)[c@h](cc1ccc(o)cc1)nc(=o)[c@h](co)nc(=o)[c@h](cc1c[nh]c2ccccc12)nc(=o)[c@h](cc1c[nh]cn1)nc(=o)[c@@h]1ccc(=o)n1,CCNC(=O)[C@@H]1CCCN1C(=O)[C@H](CCCNC(=N)N)NC(=O)[C@H](CC(C)C)NC(=O)[C@@H](CC(C)C)NC(=O)[C@H](Cc1ccc(O)cc1)NC(=O)[C@H](CO)NC(=O)[C@H](Cc1c[nH]c2ccccc12)NC(=O)[C@H](Cc1c[nH]cn1)NC(=O)[C@@H]1CCC(=O)N1,Original,,,,,,,,
LEVALBUTEROL TARTRATE,1,Most,1,Most,0,,0,,0,,0,,1,Most,1,,CC(C)(C)NC[C@H](O)c1ccc(O)c(CO)c1.CC(C)(C)NC[C@H](O)c1ccc(O)c(CO)c1.O=C(O)C(O)C(O)C(=O)O,cc(c)(c)nc[c@h](o)c1ccc(o)c(co)c1.cc(c)(c)nc[c@h](o)c1ccc(o)c(co)c1.o=c(o)c(o)c(o)c(=o)o,CC(C)(C)NC[C@H](O)c1ccc(O)c(CO)c1.CC(C)(C)NC[C@H](O)c1ccc(O)c(CO)c1.O=C(O)C(O)C(O)C(=O)O,Original,,,,,,,,
LEVERTIRACETAM,0,,1,Most,1,Most,0,,1,,0,,0,,1,,CCC(C(N)=O)N1CCCC1=O,ccc(c(n)=o)n1cccc1=o,CCC(C(N)=O)N1CCCC1=O,Original,,,,,,,,
LEVETIRACETAM ER,0,,1,Most,1,Most,0,,0,,0,,0,,1,Most,CCC(C(N)=O)N1CCCC1=O,ccc(c(n)=o)n1cccc1=o,CCC(C(N)=O)N1CCCC1=O,Original,,,,,,,,
LEVETIRACETAM IN SODIUM CHLORIDE,0,,1,Most,1,Most,0,,1,,0,,0,,1,,CCC(C(N)=O)N1CCCC1=O,ccc(c(n)=o)n1cccc1=o,CCC(C(N)=O)N1CCCC1=O,Original,,,,,,,,
LEVETIRACETAM INJECTION,0,,1,Most,1,Most,0,,0,,0,,0,,1,,CCC(C(N)=O)N1CCCC1=O,ccc(c(n)=o)n1cccc1=o,CCC(C(N)=O)N1CCCC1=O,Original,,,,,,,,
LEVOBUNOLOL HYDROCHLORIDE,1,Most,1,Most,0,,0,,1,,0,,1,Most,0,,CC(C)(C)NC[C@H](O)COc1cccc2c1CCCC2=O,cc(c)(c)nc[c@h](o)coc1cccc2c1cccc2=o,CC(C)(C)NC[C@H](O)COc1cccc2c1CCCC2=O,Original,,,,,,,,
LEVOCARNITINE ORAL,0,,1,Most,0,,0,,0,,0,,0,,0,,C[N+](C)(C)CC(O)CC(=O)[O-],c[n+](c)(c)cc(o)cc(=o)[o-],C[N+](C)(C)CC(O)CC(=O)[O-],Original,,,,,,,,
LEVOCARNITINE ORAL SOLUTION; LEVOCARNITINE ORAL SOLUTION (SUGUAR FREE) 1 G/10 ML,0,,1,Most,0,,0,,0,,0,,0,,0,,Not found,not found,C[N+](C)(C)C[C@H](O)CC(=O)[O-],ChEMBL,,,,,,,,
LEVOFLOXACIN IN 5% DEXTROSE,1,Most,1,Most,1,Most,0,,1,Most,1,,1,Most,1,Most,CC1COc2c(N3CCN(C)CC3)c(F)cc3c(=O)c(C(=O)O)cn1c23,cc1coc2c(n3ccn(c)cc3)c(f)cc3c(=o)c(c(=o)o)cn1c23,CC1COc2c(N3CCN(C)CC3)c(F)cc3c(=O)c(C(=O)O)cn1c23,Original,,,,,,,,
LEVOLEUCOVORIN CALCIUM,0,,1,Most,0,,0,,0,,0,,1,,1,,Nc1nc(=O)c2c([nH]1)NC[C@H](CNc1ccc(C(=O)N[C@@H](CCC(=O)O)C(=O)O)cc1)N2C=O,nc1nc(=o)c2c([nh]1)nc[c@h](cnc1ccc(c(=o)n[c@@h](ccc(=o)o)c(=o)o)cc1)n2c=o,Nc1nc(=O)c2c([nH]1)NC[C@H](CNc1ccc(C(=O)N[C@@H](CCC(=O)O)C(=O)O)cc1)N2C=O,Original,,,,,,,,
LEVOLEUCOVORIN INJECTION,0,,1,Most,1,,0,,0,,0,,1,,0,,Nc1nc2c(c(=O)[nH]1)N(C=O)C(CNc1ccc(C(=O)NC(CCC(=O)O)C(=O)O)cc1)CN2,nc1nc2c(c(=o)[nh]1)n(c=o)c(cnc1ccc(c(=o)nc(ccc(=o)o)c(=o)o)cc1)cn2,Nc1nc2c(c(=O)[nH]1)N(C=O)C(CNc1ccc(C(=O)NC(CCC(=O)O)C(=O)O)cc1)CN2,Original,,,,,,,,
LEVOMILNACIPRAN,1,,1,Most,1,Most,0,,0,,0,,0,,0,,CCN(CC)C(=O)[C@@]1(c2ccccc2)C[C@H]1CN,ccn(cc)c(=o)[c@@]1(c2ccccc2)c[c@h]1cn,CCN(CC)C(=O)[C@@]1(c2ccccc2)C[C@H]1CN,Original,,,,,,,,
LEVOPHED(R) NOREPINEPHRINE BITARTRATE,1,Most,1,Most,1,Most,0,,0,,0,,0,,1,Most,NCC(O)c1ccc(O)c(O)c1.O=C(O)C(O)C(O)C(=O)O,ncc(o)c1ccc(o)c(o)c1.o=c(o)c(o)c(o)c(=o)o,NCC(O)c1ccc(O)c(O)c1.O=C(O)C(O)C(O)C(=O)O,Original,,,,,,,,
LIDOCAINE,1,,1,Most,1,Most,0,,1,,1,,1,Most,0,,CCN(CC)CC(=O)Nc1c(C)cccc1C,ccn(cc)cc(=o)nc1c(c)cccc1c,CCN(CC)CC(=O)Nc1c(C)cccc1C,Original,,,,,,,,
LIDOCAINE HCI,1,Most,0,,0,,0,,0,,0,,0,,1,,CCN(CC)CC(=O)Nc1c(C)cccc1C,ccn(cc)cc(=o)nc1c(c)cccc1c,CCN(CC)CC(=O)Nc1c(C)cccc1C,Original,,,,,,,,
LIDOCAINE HCI AND DEXTROSE,1,Most,1,,1,,0,,1,Most,1,,0,,1,Most,Not found,not found,CCN(CC)CC(=O)Nc1c(C)cccc1C,ChEMBL,,,,,,,,
LIDOCAINE HCI; LIDOCAINE HCL,1,Most,1,,1,Most,0,,0,,0,,1,Most,0,,Not found,not found,CCN(CC)CC(=O)Nc1c(C)cccc1C,ChEMBL,,,,,,,,
LIDOCAINE HCL,1,Most,1,Most,1,Most,0,,0,,0,,1,Most,0,,CCN(CC)CC(=O)Nc1c(C)cccc1C,ccn(cc)cc(=o)nc1c(c)cccc1c,CCN(CC)CC(=O)Nc1c(C)cccc1C,Original,,,,,,,,
LIDOCAINE HYDROCHLORIDE,1,Most,1,Most,1,Most,0,,0,,0,,1,Most,0,,CCN(CC)CC(=O)Nc1c(C)cccc1C,ccn(cc)cc(=o)nc1c(c)cccc1c,CCN(CC)CC(=O)Nc1c(C)cccc1C,Original,,,,,,,,
LIDOCAINE HYDROCHLORIDE ANHYDROUS,0,,0,,0,,0,,0,,0,,0,,0,,CCN(CC)CC(=O)Nc1c(C)cccc1C,ccn(cc)cc(=o)nc1c(c)cccc1c,CCN(CC)CC(=O)Nc1c(C)cccc1C,Original,,,,,,,,
LIFITEGRAST,0,,1,Most,0,,0,,0,,0,,1,,0,,CS(=O)(=O)c1cccc(C[C@H](NC(=O)c2c(Cl)cc3c(c2Cl)CCN(C(=O)c2ccc4ccoc4c2)C3)C(=O)O)c1,cs(=o)(=o)c1cccc(c[c@h](nc(=o)c2c(cl)cc3c(c2cl)ccn(c(=o)c2ccc4ccoc4c2)c3)c(=o)o)c1,CS(=O)(=O)c1cccc(C[C@H](NC(=O)c2c(Cl)cc3c(c2Cl)CCN(C(=O)c2ccc4ccoc4c2)C3)C(=O)O)c1,Original,,,,,,,,
LINCOMYCIN,1,Most,1,Most,1,Most,0,,1,Most,0,,0,,1,Most,CCC[C@@H]1C[C@@H](C(=O)N[C@@H]([C@H]2O[C@H](SC)[C@H](O)[C@@H](O)[C@H]2O)[C@@H](C)O)N(C)C1,ccc[c@@h]1c[c@@h](c(=o)n[c@@h]([c@h]2o[c@h](sc)[c@h](o)[c@@h](o)[c@h]2o)[c@@h](c)o)n(c)c1,CCC[C@@H]1C[C@@H](C(=O)N[C@@H]([C@H]2O[C@H](SC)[C@H](O)[C@@H](O)[C@H]2O)[C@@H](C)O)N(C)C1,Original,,,,,,,,
LISDEXAMFETAMINE,1,Most,1,Most,0,,0,,0,,0,,0,,0,,C[C@@H](Cc1ccccc1)NC(=O)[C@@H](N)CCCCN,c[c@@h](cc1ccccc1)nc(=o)[c@@h](n)ccccn,C[C@@H](Cc1ccccc1)NC(=O)[C@@H](N)CCCCN,Original,,,,,,,,
LISDEXAMFETAMINE DIMESYLATE CAPSULES,1,Most,1,Most,0,,0,,0,,0,,0,,0,,CC(Cc1ccccc1)NC(=O)C(N)CCCCN,cc(cc1ccccc1)nc(=o)c(n)ccccn,CC(Cc1ccccc1)NC(=O)C(N)CCCCN,Original,,,,,,,,
LITHIUM CARBONATE,1,Most,1,Most,1,,0,,0,,1,Most,1,Most,1,Most,O=C(O)O,o=c(o)o,O=C(O)O,Original,,,,,,,,
LODOXAMIDE TROMETHAMINE,0,,1,,0,,0,,0,,0,,0,,0,,N#Cc1cc(NC(=O)C(=O)O)c(Cl)c(NC(=O)C(=O)O)c1.NC(CO)(CO)CO.NC(CO)(CO)CO,n#cc1cc(nc(=o)c(=o)o)c(cl)c(nc(=o)c(=o)o)c1.nc(co)(co)co.nc(co)(co)co,N#Cc1cc(NC(=O)C(=O)O)c(Cl)c(NC(=O)C(=O)O)c1.NC(CO)(CO)CO.NC(CO)(CO)CO,Original,,,,,,,,
LONAPEGSOMATROPIN-TCGD,0,,1,Most,0,,0,,0,,0,,0,,0,,Not found,not found,,NotFound,LONAPEGSOMATROPIN-TCGD,LONAPEGSOMATROPIN-TCGD,,,not_found | variants_tried=3,,None,"no_hit | variants=['LONAPEGSOMATROPIN TCGD', 'LONAPEGSOMATROPIN']"
LONCASTUXIMAB TESIRINE,0,,1,Most,1,Most,1,Most,1,Most,0,,1,Most,1,Most,Not found,not found,,NotFound,LONCASTUXIMAB TESIRINE,LONCASTUXIMAB TESIRINE,,,not_found | variants_tried=2,,None,"no_hit | variants=['LONCASTUXIMAB TESIRINE', 'LONCASTUXIMAB']"
LOSARTAN,1,,1,,1,,1,,1,,0,,0,,1,,CCCCc1nc(Cl)c(CO)n1Cc1ccc(-c2ccccc2-c2nnn[nH]2)cc1,ccccc1nc(cl)c(co)n1cc1ccc(-c2ccccc2-c2nnn[nh]2)cc1,CCCCc1nc(Cl)c(CO)n1Cc1ccc(-c2ccccc2-c2nnn[nH]2)cc1,Original,,,,,,,,
LOSARTAN POTASSIUM TABLET,0,,1,,1,,1,,1,,0,,0,,1,,CCCCc1nc(Cl)c(CO)n1Cc1ccc(-c2ccccc2-c2nnn[nH]2)cc1,ccccc1nc(cl)c(co)n1cc1ccc(-c2ccccc2-c2nnn[nh]2)cc1,CCCCc1nc(Cl)c(CO)n1Cc1ccc(-c2ccccc2-c2nnn[nH]2)cc1,Original,,,,,,,,
LOSARTAN POTATSSIUM,1,,1,Most,1,,1,,1,,0,,0,,1,Most,CCCCc1nc(Cl)c(CO)n1Cc1ccc(-c2ccccc2-c2nnn[nH]2)cc1,ccccc1nc(cl)c(co)n1cc1ccc(-c2ccccc2-c2nnn[nh]2)cc1,CCCCc1nc(Cl)c(CO)n1Cc1ccc(-c2ccccc2-c2nnn[nH]2)cc1,Original,,,,,,,,
LOSATAN POTASSIUM,1,,1,Most,1,,1,,1,,0,,0,,1,,CCCCc1nc(Cl)c(CO)n1Cc1ccc(-c2ccccc2-c2nnn[nH]2)cc1,ccccc1nc(cl)c(co)n1cc1ccc(-c2ccccc2-c2nnn[nh]2)cc1,CCCCc1nc(Cl)c(CO)n1Cc1ccc(-c2ccccc2-c2nnn[nH]2)cc1,Original,,,,,,,,
LOTEPREDNOL ETABONATE,0,,0,,0,,0,,0,,0,,0,,0,,CCOC(=O)O[C@]1(C(=O)OCCl)CC[C@H]2[C@@H]3CCC4=CC(=O)C=C[C@]4(C)[C@H]3[C@@H](O)C[C@@]21C,ccoc(=o)o[c@]1(c(=o)occl)cc[c@h]2[c@@h]3ccc4=cc(=o)c=c[c@]4(c)[c@h]3[c@@h](o)c[c@@]21c,CCOC(=O)O[C@]1(C(=O)OCCl)CC[C@H]2[C@@H]3CCC4=CC(=O)C=C[C@]4(C)[C@H]3[C@@H](O)C[C@@]21C,Original,,,,,,,,
LOTILANER OPHTHALMIC SOLUTION,0,,0,,0,,1,,0,,0,,0,,0,,Cc1cc(C2=NOC(c3cc(Cl)c(Cl)c(Cl)c3)(C(F)(F)F)C2)sc1C(=O)NCC(=O)NCC(F)(F)F,cc1cc(c2=noc(c3cc(cl)c(cl)c(cl)c3)(c(f)(f)f)c2)sc1c(=o)ncc(=o)ncc(f)(f)f,Cc1cc(C2=NOC(c3cc(Cl)c(Cl)c(Cl)c3)(C(F)(F)F)C2)sc1C(=O)NCC(=O)NCC(F)(F)F,Original,,,,,,,,
LOXAPINE SUCCINATE,1,Most,1,Most,1,Most,0,,1,,0,,0,,1,,CN1CCN(C2=Nc3ccccc3Oc3ccc(Cl)cc32)CC1.O=C(O)CCC(=O)O,cn1ccn(c2=nc3ccccc3oc3ccc(cl)cc32)cc1.o=c(o)ccc(=o)o,CN1CCN(C2=Nc3ccccc3Oc3ccc(Cl)cc32)CC1.O=C(O)CCC(=O)O,Original,,,,,,,,
LUSPATERCEPT,1,Most,1,,1,Most,1,Most,1,Most,0,,0,,1,,Not found,not found,,NotFound,LUSPATERCEPT,LUSPATERCEPT,,,not_found | variants_tried=1,,,
LUTETIUM LU 177 VIPIVOTIDE TETRAXETAN,0,,0,,1,Most,1,Most,1,,0,,0,,1,Most,Not found,not found,O=C(O)CC[C@H](NC(=O)N[C@@H](CCCCNC(=O)[C@H](Cc1ccc2ccccc2c1)NC(=O)[C@H]1CC[C@H](CNC(=O)CN2CCN(CC(=O)O)CCN(CC(=O)O)CCN(CC(=O)O)CC2)CC1)C(=O)O)C(=O)O,ChEMBL,LUTETIUM LU 177 VIPIVOTIDE TETRAXETAN,LUTETIUM LU 177 VIPIVOTIDE TETRAXETAN,,,not_found | variants_tried=4,O=C(O)CC[C@H](NC(=O)N[C@@H](CCCCNC(=O)[C@H](Cc1ccc2ccccc2c1)NC(=O)[C@H]1CC[C@H](CNC(=O)CN2CCN(CC(=O)O)CCN(CC(=O)O)CCN(CC(=O)O)CC2)CC1)C(=O)O)C(=O)O,ChEMBL,query='LUTETIUM LU VIPIVOTIDE TETRAXETAN' via chembl | tried=4
LYRICA,1,,1,Most,1,Most,1,Most,0,,0,,1,,0,,CC(C)CC(CN)CC(=O)O,cc(c)cc(cn)cc(=o)o,CC(C)CC(CN)CC(=O)O,Original,,,,,,,,
MAGNESIUM SULFATE HEPTAHYDRATE,1,Most,0,,0,,0,,0,,0,,0,,1,Most,O=S(=O)(O)O,o=s(=o)(o)o,O=S(=O)(O)O,Original,,,,,,,,
MAGNESIUM SULFATE IN DEXTROSE,1,Most,0,,0,,0,,0,,0,,1,Most,1,Most,O=S(=O)(O)O,o=s(=o)(o)o,O=S(=O)(O)O,Original,,,,,,,,
MAGNESIUM SULFATE IN WATER,1,Most,0,,0,,0,,0,,0,,1,Most,1,Most,O=S(=O)(O)O,o=s(=o)(o)o,O=S(=O)(O)O,Original,,,,,,,,
MAGNESIUM SULFATE IN WATER FOR,1,Most,0,,0,,0,,0,,0,,1,Most,1,Most,O=S(=O)(O)O,o=s(=o)(o)o,O=S(=O)(O)O,Original,,,,,,,,
MANNITOL,0,,0,,1,Most,0,,0,,0,,1,Most,0,,OC[C@@H](O)[C@@H](O)[C@H](O)[C@H](O)CO,oc[c@@h](o)[c@@h](o)[c@h](o)[c@h](o)co,OC[C@@H](O)[C@@H](O)[C@H](O)[C@H](O)CO,Original,,,,,,,,
MARGETUXIMAB-CMKB,1,Most,1,Most,1,Most,0,,0,,0,,0,,0,,Not found,not found,,NotFound,MARGETUXIMAB-CMKB,MARGETUXIMAB-CMKB,,,not_found | variants_tried=3,,None,"no_hit | variants=['MARGETUXIMAB CMKB', 'MARGETUXIMAB']"
MECASERMIN,0,,1,Most,1,Most,0,,0,,1,Most,0,,0,,Not found,not found,,NotFound,MECASERMIN,MECASERMIN,,,not_found | variants_tried=1,,None,no_hit | variants=['MECASERMIN']
MECLIZINE,0,,0,,0,,0,,0,,0,,0,,0,,Cc1cccc(CN2CCN(C(c3ccccc3)c3ccc(Cl)cc3)CC2)c1,cc1cccc(cn2ccn(c(c3ccccc3)c3ccc(cl)cc3)cc2)c1,Cc1cccc(CN2CCN(C(c3ccccc3)c3ccc(Cl)cc3)CC2)c1,Original,,,,,,,,
MECLIZINE HCL,0,,0,,0,,0,,0,,0,,0,,0,,Cc1cccc(CN2CCN(C(c3ccccc3)c3ccc(Cl)cc3)CC2)c1,cc1cccc(cn2ccn(c(c3ccccc3)c3ccc(cl)cc3)cc2)c1,Cc1cccc(CN2CCN(C(c3ccccc3)c3ccc(Cl)cc3)CC2)c1,Original,,,,,,,,
MECLIZINE HYDROCHLORIDE; MECLIZINE HYDROCLORIDE,0,,0,,0,,0,,0,,0,,0,,0,,Not found,not found,Cc1cccc(CN2CCN(C(c3ccccc3)c3ccc(Cl)cc3)CC2)c1,ChEMBL,,,,,,,,
MECLIZINE HYDROCLORIDE,0,,1,,0,,0,,0,,0,,0,,0,,Cc1cccc(CN2CCN(C(c3ccccc3)c3ccc(Cl)cc3)CC2)c1,cc1cccc(cn2ccn(c(c3ccccc3)c3ccc(cl)cc3)cc2)c1,Cc1cccc(CN2CCN(C(c3ccccc3)c3ccc(Cl)cc3)CC2)c1,Original,,,,,,,,
MECLIZINE; MECLIZINE HYDROCHLORIDE,0,,1,,0,,0,,0,,0,,0,,0,,Not found,not found,Cc1cccc(CN2CCN(C(c3ccccc3)c3ccc(Cl)cc3)CC2)c1,ChEMBL,,,,,,,,
MEDROXYPROGESTERONE,1,Most,1,Most,1,Most,1,Most,1,Most,0,,1,Most,0,,CC(=O)O[C@]1(C(C)=O)CC[C@H]2[C@@H]3C[C@H](C)C4=CC(=O)CC[C@]4(C)[C@H]3CC[C@@]21C,cc(=o)o[c@]1(c(c)=o)cc[c@h]2[c@@h]3c[c@h](c)c4=cc(=o)cc[c@]4(c)[c@h]3cc[c@@]21c,CC(=O)O[C@]1(C(C)=O)CC[C@H]2[C@@H]3C[C@H](C)C4=CC(=O)CC[C@]4(C)[C@H]3CC[C@@]21C,Original,,,,,,,,
MEGESTEROL ACETATE,0,,1,Most,1,Most,1,Most,0,,0,,1,,0,,CC(=O)OC1(C(C)=O)CCC2C3C=C(C)C4=CC(=O)CCC4(C)C3CCC21C,cc(=o)oc1(c(c)=o)ccc2c3c=c(c)c4=cc(=o)ccc4(c)c3ccc21c,CC(=O)OC1(C(C)=O)CCC2C3C=C(C)C4=CC(=O)CCC4(C)C3CCC21C,Original,,,,,,,,
MELPHALAN,1,,1,Most,1,Most,1,Most,1,Most,0,,1,,1,Most,N[C@@H](Cc1ccc(N(CCCl)CCCl)cc1)C(=O)O,n[c@@h](cc1ccc(n(cccl)cccl)cc1)c(=o)o,N[C@@H](Cc1ccc(N(CCCl)CCCl)cc1)C(=O)O,Original,,,,,,,,
MEMANTINE,1,Most,1,,1,,0,,1,,0,,0,,1,,CC12CC3CC(C)(C1)CC(N)(C3)C2,cc12cc3cc(c)(c1)cc(n)(c3)c2,CC12CC3CC(C)(C1)CC(N)(C3)C2,Original,,,,,,,,
MEMANTINE HCL,1,Most,0,,1,,0,,1,,0,,0,,1,Most,CC12CC3CC(C)(C1)CC(N)(C3)C2,cc12cc3cc(c)(c1)cc(n)(c3)c2,CC12CC3CC(C)(C1)CC(N)(C3)C2,Original,,,,,,,,
MEMANTINE HYDROCHLORIDE ORAL,1,,1,,1,,0,,1,,0,,0,,1,Most,CC12CC3CC(C)(C1)CC(N)(C3)C2,cc12cc3cc(c)(c1)cc(n)(c3)c2,CC12CC3CC(C)(C1)CC(N)(C3)C2,Original,,,,,,,,
MEPOLIZUMAB,0,,1,,1,,0,,0,,0,,0,,0,,Not found,not found,,NotFound,MEPOLIZUMAB,MEPOLIZUMAB,,,not_found | variants_tried=1,,,
MEROPENEM AND SODIUM CHLORIDE,0,,1,Most,1,Most,0,,1,,0,,0,,1,Most,CC(O)C1C(=O)N2C(C(=O)O)=C(SC3CNC(C(=O)N(C)C)C3)C(C)C12,cc(o)c1c(=o)n2c(c(=o)o)=c(sc3cnc(c(=o)n(c)c)c3)c(c)c12,CC(O)C1C(=O)N2C(C(=O)O)=C(SC3CNC(C(=O)N(C)C)C3)C(C)C12,Original,,,,,,,,
MESNA INJECTION,1,,1,Most,1,Most,0,,0,,0,,0,,0,,O=S(=O)(O)CCS,o=s(=o)(o)ccs,O=S(=O)(O)CCS,Original,,,,,,,,
METAXALONE TABLET,0,,1,,1,Most,0,,1,,0,,0,,0,,Cc1cc(C)cc(OCC2CNC(=O)O2)c1,cc1cc(c)cc(occ2cnc(=o)o2)c1,Cc1cc(C)cc(OCC2CNC(=O)O2)c1,Original,,,,,,,,
METFORMIN,1,,0,,1,,0,,1,Most,0,,0,,1,Most,CN(C)C(=N)NC(=N)N,cn(c)c(=n)nc(=n)n,CN(C)C(=N)NC(=N)N,Original,,,,,,,,
METFORMIN ER 500 MG,0,,1,,1,,0,,0,,0,,0,,1,Most,CN(C)C(=N)N=C(N)N,cn(c)c(=n)n=c(n)n,CN(C)C(=N)N=C(N)N,Original,,,,,,,,
METFORMIN ER 500 MG; METFORMIN ER 750 MG,0,,1,,1,,0,,0,,0,,0,,1,Most,Not found,not found,CN(C)C(=N)NC(=N)N,ChEMBL,,,,,,,,
METFORMIN HCL,0,,1,Most,1,,0,,0,,0,,0,,1,Most,CN(C)C(=N)N=C(N)N,cn(c)c(=n)n=c(n)n,CN(C)C(=N)N=C(N)N,Original,,,,,,,,
METFORMIN HYDROCHLORIDE ER,0,,0,,1,,0,,0,,0,,0,,1,Most,CN(C)C(=N)N=C(N)N,cn(c)c(=n)n=c(n)n,CN(C)C(=N)N=C(N)N,Original,,,,,,,,
METFORMIN HYDROCHLORIDE EXTENDED RELEASE,1,Most,0,,1,,0,,0,,0,,0,,1,Most,CN(C)C(=N)N=C(N)N,cn(c)c(=n)n=c(n)n,CN(C)C(=N)N=C(N)N,Original,,,,,,,,
METFORMIN HYDROCHLORIDE EXTENDED-RELEASE,1,Most,0,,1,,0,,1,Most,0,,0,,1,Most,CN(C)C(=N)N=C(N)N,cn(c)c(=n)n=c(n)n,CN(C)C(=N)N=C(N)N,Original,,,,,,,,
METFORMIN HYDROCHLORIDE EXTENDED-RELEASE TABLETS,1,Most,0,,1,,0,,1,Most,0,,0,,1,Most,CN(C)C(=N)N=C(N)N,cn(c)c(=n)n=c(n)n,CN(C)C(=N)N=C(N)N,Original,,,,,,,,
METFORMIN HYDROCHLORIDE TABLET,1,Most,1,,1,,0,,1,Most,0,,0,,1,Most,CN(C)C(=N)N=C(N)N,cn(c)c(=n)n=c(n)n,CN(C)C(=N)N=C(N)N,Original,,,,,,,,
METFORMIN HYDROCHLORIDE TABLET; METFORMIN HYDROCHLORIDE TABLETS,1,Most,0,,1,,0,,1,Most,0,,0,,1,Most,Not found,not found,CN(C)C(=N)NC(=N)N,ChEMBL,,,,,,,,
METFORMIN; METFORMIN HYDROCHLORIDE,1,Most,1,,1,,0,,1,,0,,0,,0,,Not found,not found,CN(C)C(=N)NC(=N)N,ChEMBL,,,,,,,,
METHADONE,1,Most,1,Most,1,,1,Most,0,,1,Most,1,Most,0,,CCC(=O)C(CC(C)N(C)C)(c1ccccc1)c1ccccc1,ccc(=o)c(cc(c)n(c)c)(c1ccccc1)c1ccccc1,CCC(=O)C(CC(C)N(C)C)(c1ccccc1)c1ccccc1,Original,,,,,,,,
METHCARBAMOL,0,,0,,0,,0,,0,,0,,0,,0,,COc1ccccc1OCC(O)COC(N)=O,coc1ccccc1occ(o)coc(n)=o,COc1ccccc1OCC(O)COC(N)=O,Original,,,,,,,,
METHOCARBAMOL TABLETS,1,Most,1,Most,1,,0,,1,,0,,0,,0,,COc1ccccc1OCC(O)COC(N)=O,coc1ccccc1occ(o)coc(n)=o,COc1ccccc1OCC(O)COC(N)=O,Original,,,,,,,,
METHOTREXATE,1,,1,Most,1,Most,1,Most,1,Most,0,,1,Most,1,Most,CN(Cc1cnc2nc(N)nc(N)c2n1)c1ccc(C(=O)N[C@@H](CCC(=O)O)C(=O)O)cc1,cn(cc1cnc2nc(n)nc(n)c2n1)c1ccc(c(=o)n[c@@h](ccc(=o)o)c(=o)o)cc1,CN(Cc1cnc2nc(N)nc(N)c2n1)c1ccc(C(=O)N[C@@H](CCC(=O)O)C(=O)O)cc1,Original,,,,,,,,
METHOXSALEN,0,,1,Most,0,,1,Most,0,,0,,1,,0,,COc1c2occc2cc2ccc(=O)oc12,coc1c2occc2cc2ccc(=o)oc12,COc1c2occc2cc2ccc(=O)oc12,Original,,,,,,,,
METHOXY POLYETHYLENE GLYCOL-EPOETIN BETA,1,Most,1,Most,1,Most,0,,0,,0,,0,,0,,Not found,not found,,NotFound,METHOXY POLYETHYLENE GLYCOL-EPOETIN BETA,METHOXY POLYETHYLENE GLYCOL-EPOETIN BETA,,,not_found | variants_tried=4,,,
METHYLENE BLUE,1,,1,Most,1,Most,1,,1,Most,0,,0,,1,Most,CN(C)c1ccc2nc3ccc(=[N+](C)C)cc-3sc2c1,cn(c)c1ccc2nc3ccc(=[n+](c)c)cc-3sc2c1,CN(C)c1ccc2nc3ccc(=[N+](C)C)cc-3sc2c1,Original,,,,,,,,
METHYLERGONOVINE,1,Most,1,,0,,0,,0,,0,,1,,0,,CC[C@@H](CO)NC(=O)[C@@H]1C=C2c3cccc4[nH]cc(c34)C[C@H]2N(C)C1,cc[c@@h](co)nc(=o)[c@@h]1c=c2c3cccc4[nh]cc(c34)c[c@h]2n(c)c1,CC[C@@H](CO)NC(=O)[C@@H]1C=C2c3cccc4[nH]cc(c34)C[C@H]2N(C)C1,Original,,,,,,,,
METHYLPHENIDATE HCL,1,Most,1,Most,1,,0,,1,,0,,0,,0,,COC(=O)C(c1ccccc1)C1CCCCN1,coc(=o)c(c1ccccc1)c1ccccn1,COC(=O)C(c1ccccc1)C1CCCCN1,Original,,,,,,,,
METHYLPHENIDATE HYDROCHLORIDE EXTENDED RELEASE,1,Most,1,Most,1,Most,0,,1,Most,0,,0,,0,,COC(=O)C(c1ccccc1)C1CCCCN1,coc(=o)c(c1ccccc1)c1ccccn1,COC(=O)C(c1ccccc1)C1CCCCN1,Original,,,,,,,,
METHYLPRED DP; METHYLPREDNISOLONE,1,Most,1,Most,0,,0,,0,,0,,1,,0,,Not found,not found,CCC(=O)O[C@]1(C(=O)COC(C)=O)CC[C@H]2[C@@H]3C[C@H](C)C4=CC(=O)C=C[C@]4(C)[C@H]3[C@@H](O)C[C@@]21C,ChEMBL,,,,,,,,
METHYLPREDNISOLE,1,Most,1,Most,1,,0,,0,,0,,0,,0,,CC1CC2C(C(O)CC3(C)C2CCC3(O)C(=O)CO)C2(C)C=CC(=O)C=C12,cc1cc2c(c(o)cc3(c)c2ccc3(o)c(=o)co)c2(c)c=cc(=o)c=c12,CC1CC2C(C(O)CC3(C)C2CCC3(O)C(=O)CO)C2(C)C=CC(=O)C=C12,Original,,,,,,,,
METHYLPREDNISOLONE ACETATE,1,Most,1,Most,1,Most,1,Most,1,,0,,1,,1,,CC(=O)OCC(=O)[C@@]1(O)CC[C@H]2[C@@H]3C[C@H](C)C4=CC(=O)C=C[C@]4(C)[C@H]3[C@@H](O)C[C@@]21C,cc(=o)occ(=o)[c@@]1(o)cc[c@h]2[c@@h]3c[c@h](c)c4=cc(=o)c=c[c@]4(c)[c@h]3[c@@h](o)c[c@@]21c,CC(=O)OCC(=O)[C@@]1(O)CC[C@H]2[C@@H]3C[C@H](C)C4=CC(=O)C=C[C@]4(C)[C@H]3[C@@H](O)C[C@@]21C,Original,,,,,,,,
METOCLOPRAMIDE,1,Most,1,,1,Most,1,,1,,0,,0,,0,,CCN(CC)CCNC(=O)c1cc(Cl)c(N)cc1OC,ccn(cc)ccnc(=o)c1cc(cl)c(n)cc1oc,CCN(CC)CCNC(=O)c1cc(Cl)c(N)cc1OC,Original,,,,,,,,
METOPROLOL,1,Most,1,,1,,1,,0,,0,,1,Most,0,,COCCc1ccc(OCC(O)CNC(C)C)cc1,coccc1ccc(occ(o)cnc(c)c)cc1,COCCc1ccc(OCC(O)CNC(C)C)cc1,Original,,,,,,,,
METOPROLOL SUCCINATE ER,1,Most,1,,1,,1,,0,,0,,1,,0,,COCCc1ccc(OCC(O)CNC(C)C)cc1.COCCc1ccc(OCC(O)CNC(C)C)cc1.O=C(O)CCC(=O)O,coccc1ccc(occ(o)cnc(c)c)cc1.coccc1ccc(occ(o)cnc(c)c)cc1.o=c(o)ccc(=o)o,COCCc1ccc(OCC(O)CNC(C)C)cc1.COCCc1ccc(OCC(O)CNC(C)C)cc1.O=C(O)CCC(=O)O,Original,,,,,,,,
METOPROLOL SUCCINATE ER TABLETS,1,Most,1,,1,,0,,1,,0,,1,Most,0,,COCCc1ccc(OCC(O)CNC(C)C)cc1.COCCc1ccc(OCC(O)CNC(C)C)cc1.O=C(O)CCC(=O)O,coccc1ccc(occ(o)cnc(c)c)cc1.coccc1ccc(occ(o)cnc(c)c)cc1.o=c(o)ccc(=o)o,COCCc1ccc(OCC(O)CNC(C)C)cc1.COCCc1ccc(OCC(O)CNC(C)C)cc1.O=C(O)CCC(=O)O,Original,,,,,,,,
METOPROLOL SUCCINATE; METOPROLOL SUCCINATE ER,1,Most,1,,1,,0,,1,,0,,1,,0,,Not found,not found,COCCc1ccc(OCC(O)CNC(C)C)cc1.COCCc1ccc(OCC(O)CNC(C)C)cc1.O=C(O)CCC(=O)O,ChEMBL,,,,,,,,
METOPROLOL TARTATE,1,Most,1,,1,,1,,1,,0,,1,,0,,COCCc1ccc(OCC(O)CNC(C)C)cc1.COCCc1ccc(OCC(O)CNC(C)C)cc1.O=C(O)C(O)C(O)C(=O)O,coccc1ccc(occ(o)cnc(c)c)cc1.coccc1ccc(occ(o)cnc(c)c)cc1.o=c(o)c(o)c(o)c(=o)o,COCCc1ccc(OCC(O)CNC(C)C)cc1.COCCc1ccc(OCC(O)CNC(C)C)cc1.O=C(O)C(O)C(O)C(=O)O,Original,,,,,,,,
METOPROLOL TARTRATE,1,Most,1,,1,,1,,1,,0,,1,,0,,COCCc1ccc(OCC(O)CNC(C)C)cc1.COCCc1ccc(OCC(O)CNC(C)C)cc1.O=C(O)C(O)C(O)C(=O)O,coccc1ccc(occ(o)cnc(c)c)cc1.coccc1ccc(occ(o)cnc(c)c)cc1.o=c(o)c(o)c(o)c(=o)o,COCCc1ccc(OCC(O)CNC(C)C)cc1.COCCc1ccc(OCC(O)CNC(C)C)cc1.O=C(O)C(O)C(O)C(=O)O,Original,,,,,,,,
METOPROLOL TARTRATE; METOROPROLOL TARTRATE,1,Most,1,Most,1,,0,,1,,0,,1,,0,,Not found,not found,COCCc1ccc(OCC(O)CNC(C)C)cc1.COCCc1ccc(OCC(O)CNC(C)C)cc1.O=C(O)CCC(=O)O,ChEMBL,,,,,,,,
METOROPROLOL TARTRATE,1,Most,1,Most,0,,1,,1,,0,,1,Most,0,,COCCc1ccc(OCC(O)CNC(C)C)cc1.COCCc1ccc(OCC(O)CNC(C)C)cc1.O=C(O)C(O)C(O)C(=O)O,coccc1ccc(occ(o)cnc(c)c)cc1.coccc1ccc(occ(o)cnc(c)c)cc1.o=c(o)c(o)c(o)c(=o)o,COCCc1ccc(OCC(O)CNC(C)C)cc1.COCCc1ccc(OCC(O)CNC(C)C)cc1.O=C(O)C(O)C(O)C(=O)O,Original,,,,,,,,
METRELEPTIN,0,,1,Most,1,Most,0,,0,,0,,0,,0,,Not found,not found,,NotFound,METRELEPTIN,METRELEPTIN,,,not_found | variants_tried=1,,None,no_hit | variants=['METRELEPTIN']
METRONIDAZOLE ORAL,1,Most,1,Most,1,,1,,1,Most,0,,1,Most,0,,Cc1ncc([N+](=O)[O-])n1CCO,cc1ncc([n+](=o)[o-])n1cco,Cc1ncc([N+](=O)[O-])n1CCO,Original,,,,,,,,
"METRONIDAZOLE VAGINAL GEL, 1.3 %",0,,1,Most,1,,1,,0,,0,,1,Most,0,,Cc1ncc([N+](=O)[O-])n1CCO,cc1ncc([n+](=o)[o-])n1cco,Cc1ncc([N+](=O)[O-])n1CCO,Original,,,,,,,,
METYROSINE,0,,1,,1,,0,,0,,0,,0,,1,,C[C@](N)(Cc1ccc(O)cc1)C(=O)O,c[c@](n)(cc1ccc(o)cc1)c(=o)o,C[C@](N)(Cc1ccc(O)cc1)C(=O)O,Original,,,,,,,,
MICAFUNGIN,1,Most,1,Most,1,Most,0,,1,Most,0,,0,,1,,CCCCCOc1ccc(-c2cc(-c3ccc(C(=O)N[C@H]4C[C@@H](O)[C@@H](O)NC(=O)[C@@H]5[C@@H](O)[C@@H](C)CN5C(=O)[C@H]([C@H](O)CC(N)=O)NC(=O)[C@H]([C@H](O)[C@@H](O)c5ccc(O)c(OS(=O)(=O)O)c5)NC(=O)[C@@H]5C[C@@H](O)CN5C(=O)[C@H]([C@@H](C)O)NC4=O)cc3)no2)cc1,cccccoc1ccc(-c2cc(-c3ccc(c(=o)n[c@h]4c[c@@h](o)[c@@h](o)nc(=o)[c@@h]5[c@@h](o)[c@@h](c)cn5c(=o)[c@h]([c@h](o)cc(n)=o)nc(=o)[c@h]([c@h](o)[c@@h](o)c5ccc(o)c(os(=o)(=o)o)c5)nc(=o)[c@@h]5c[c@@h](o)cn5c(=o)[c@h]([c@@h](c)o)nc4=o)cc3)no2)cc1,CCCCCOc1ccc(-c2cc(-c3ccc(C(=O)N[C@H]4C[C@@H](O)[C@@H](O)NC(=O)[C@@H]5[C@@H](O)[C@@H](C)CN5C(=O)[C@H]([C@H](O)CC(N)=O)NC(=O)[C@H]([C@H](O)[C@@H](O)c5ccc(O)c(OS(=O)(=O)O)c5)NC(=O)[C@@H]5C[C@@H](O)CN5C(=O)[C@H]([C@@H](C)O)NC4=O)cc3)no2)cc1,Original,,,,,,,,
MICAFUNGIN IN SODIUM CHLORIDE,0,,1,Most,1,Most,0,,1,Most,0,,0,,1,Most,CCCCCOc1ccc(-c2cc(-c3ccc(C(=O)NC4CC(O)C(O)NC(=O)C5C(O)C(C)CN5C(=O)C(C(O)CC(N)=O)NC(=O)C(C(O)C(O)c5ccc(O)c(OS(=O)(=O)O)c5)NC(=O)C5CC(O)CN5C(=O)C(C(C)O)NC4=O)cc3)no2)cc1,cccccoc1ccc(-c2cc(-c3ccc(c(=o)nc4cc(o)c(o)nc(=o)c5c(o)c(c)cn5c(=o)c(c(o)cc(n)=o)nc(=o)c(c(o)c(o)c5ccc(o)c(os(=o)(=o)o)c5)nc(=o)c5cc(o)cn5c(=o)c(c(c)o)nc4=o)cc3)no2)cc1,CCCCCOc1ccc(-c2cc(-c3ccc(C(=O)NC4CC(O)C(O)NC(=O)C5C(O)C(C)CN5C(=O)C(C(O)CC(N)=O)NC(=O)C(C(O)C(O)c5ccc(O)c(OS(=O)(=O)O)c5)NC(=O)C5CC(O)CN5C(=O)C(C(C)O)NC4=O)cc3)no2)cc1,Original,,,,,,,,
MICONAZOLE,0,,1,,1,Most,1,,0,,0,,0,,0,,Clc1ccc(COC(Cn2ccnc2)c2ccc(Cl)cc2Cl)c(Cl)c1,clc1ccc(coc(cn2ccnc2)c2ccc(cl)cc2cl)c(cl)c1,Clc1ccc(COC(Cn2ccnc2)c2ccc(Cl)cc2Cl)c(Cl)c1,Original,,,,,,,,
MICONAZOLE NITRATE,0,,1,,0,,0,,0,,0,,0,,0,,Clc1ccc(COC(Cn2ccnc2)c2ccc(Cl)cc2Cl)c(Cl)c1,clc1ccc(coc(cn2ccnc2)c2ccc(cl)cc2cl)c(cl)c1,Clc1ccc(COC(Cn2ccnc2)c2ccc(Cl)cc2Cl)c(Cl)c1,Original,,,,,,,,
MIDAZOALM,1,Most,1,,0,,0,,0,,0,,1,Most,0,,Cc1ncc2n1-c1ccc(Cl)cc1C(c1ccccc1F)=NC2,cc1ncc2n1-c1ccc(cl)cc1c(c1ccccc1f)=nc2,Cc1ncc2n1-c1ccc(Cl)cc1C(c1ccccc1F)=NC2,Original,,,,,,,,
MIDAZOLAM,1,Most,1,,0,,0,,0,,0,,1,Most,0,,Cc1ncc2n1-c1ccc(Cl)cc1C(c1ccccc1F)=NC2,cc1ncc2n1-c1ccc(cl)cc1c(c1ccccc1f)=nc2,Cc1ncc2n1-c1ccc(Cl)cc1C(c1ccccc1F)=NC2,Original,,,,,,,,
MIDAZOLAM IN SODIUM CHLORIDE,1,Most,1,,0,,0,,0,,0,,1,Most,0,,Cc1ncc2n1-c1ccc(Cl)cc1C(c1ccccc1F)=NC2,cc1ncc2n1-c1ccc(cl)cc1c(c1ccccc1f)=nc2,Cc1ncc2n1-c1ccc(Cl)cc1C(c1ccccc1F)=NC2,Original,,,,,,,,
"MIDAZOLAM INJECTION, 10 MG",1,Most,1,,0,,0,,0,,0,,1,Most,0,,Cc1ncc2n1-c1ccc(Cl)cc1C(c1ccccc1F)=NC2,cc1ncc2n1-c1ccc(cl)cc1c(c1ccccc1f)=nc2,Cc1ncc2n1-c1ccc(Cl)cc1C(c1ccccc1F)=NC2,Original,,,,,,,,
MILNACIPRAN HCL,1,Most,1,Most,1,Most,1,,1,Most,0,,0,,1,,CCN(CC)C(=O)C1(c2ccccc2)CC1CN,ccn(cc)c(=o)c1(c2ccccc2)cc1cn,CCN(CC)C(=O)C1(c2ccccc2)CC1CN,Original,,,,,,,,
MILRINONE LACTATE IN 5% DEXTROSE,1,Most,1,,0,,0,,0,,0,,0,,0,,CC(O)C(=O)O.Cc1[nH]c(=O)c(C#N)cc1-c1ccncc1,cc(o)c(=o)o.cc1[nh]c(=o)c(c#n)cc1-c1ccncc1,CC(O)C(=O)O.Cc1[nH]c(=O)c(C#N)cc1-c1ccncc1,Original,,,,,,,,
MILRINONE LACTATE IN DEXTROSE,1,Most,1,,1,,0,,0,,0,,0,,0,,CC(O)C(=O)O.Cc1[nH]c(=O)c(C#N)cc1-c1ccncc1,cc(o)c(=o)o.cc1[nh]c(=o)c(c#n)cc1-c1ccncc1,CC(O)C(=O)O.Cc1[nH]c(=O)c(C#N)cc1-c1ccncc1,Original,,,,,,,,
MINOCYCLINE,1,,1,,0,,1,Most,1,Most,0,,0,,0,,CN(C)c1ccc(O)c2c1C[C@H]1C[C@H]3[C@H](N(C)C)C(O)=C(C(N)=O)C(=O)[C@@]3(O)C(O)=C1C2=O,cn(c)c1ccc(o)c2c1c[c@h]1c[c@h]3[c@h](n(c)c)c(o)=c(c(n)=o)c(=o)[c@@]3(o)c(o)=c1c2=o,CN(C)c1ccc(O)c2c1C[C@H]1C[C@H]3[C@H](N(C)C)C(O)=C(C(N)=O)C(=O)[C@@]3(O)C(O)=C1C2=O,Original,,,,,,,,
MIRIKIZUMAB-MRKZ,0,,1,,0,,0,,1,Most,0,,0,,0,,Not found,not found,,NotFound,MIRIKIZUMAB-MRKZ,MIRIKIZUMAB-MRKZ,,,not_found | variants_tried=3,,None,"no_hit | variants=['MIRIKIZUMAB MRKZ', 'MIRIKIZUMAB']"
MIRVETUXIMAB SORAVTANSINE,0,,1,,1,Most,0,Most,1,,0,,1,Most,0,,COc1cc2cc(c1Cl)N(C)C(=O)CC(OC(=O)C(C)N(C)C(=O)CCC(C)(C)SSCCC(C(N)=O)S(=O)(=O)O)C1(C)OC1C(C)C1CC(O)(NC(=O)O1)C(OC)C=CC=C(C)C2,coc1cc2cc(c1cl)n(c)c(=o)cc(oc(=o)c(c)n(c)c(=o)ccc(c)(c)ssccc(c(n)=o)s(=o)(=o)o)c1(c)oc1c(c)c1cc(o)(nc(=o)o1)c(oc)c=cc=c(c)c2,COc1cc2cc(c1Cl)N(C)C(=O)CC(OC(=O)C(C)N(C)C(=O)CCC(C)(C)SSCCC(C(N)=O)S(=O)(=O)O)C1(C)OC1C(C)C1CC(O)(NC(=O)O1)C(OC)C=CC=C(C)C2,Original,,,,,,,,
MITAPIVAT,0,,0,,1,Most,0,,1,Most,0,,0,,0,,O=C(c1ccc(NS(=O)(=O)c2cccc3cccnc23)cc1)N1CCN(CC2CC2)CC1,o=c(c1ccc(ns(=o)(=o)c2cccc3cccnc23)cc1)n1ccn(cc2cc2)cc1,O=C(c1ccc(NS(=O)(=O)c2cccc3cccnc23)cc1)N1CCN(CC2CC2)CC1,Original,,,,,,,,
MITOMYCIN,0,,1,Most,0,,0,,0,,0,,0,,0,,CO[C@@]12[C@H](COC(N)=O)C3=C(C(=O)C(C)=C(N)C3=O)N1C[C@@H]1N[C@@H]12,co[c@@]12[c@h](coc(n)=o)c3=c(c(=o)c(c)=c(n)c3=o)n1c[c@@h]1n[c@@h]12,CO[C@@]12[C@H](COC(N)=O)C3=C(C(=O)C(C)=C(N)C3=O)N1C[C@@H]1N[C@@H]12,Original,,,,,,,,
MITOXANTRONE HYDROCHLORIDE,1,Most,1,Most,1,Most,1,Most,1,Most,0,,1,Most,1,Most,O=C1c2c(O)ccc(O)c2C(=O)c2c(NCCNCCO)ccc(NCCNCCO)c21,o=c1c2c(o)ccc(o)c2c(=o)c2c(nccncco)ccc(nccncco)c21,O=C1c2c(O)ccc(O)c2C(=O)c2c(NCCNCCO)ccc(NCCNCCO)c21,Original,,,,,,,,
MOGAMULIZUMAB-KPKC,1,,1,Most,1,Most,0,,1,,0,,1,,1,Most,Not found,not found,,NotFound,MOGAMULIZUMAB-KPKC,MOGAMULIZUMAB-KPKC,,,not_found | variants_tried=3,,None,"no_hit | variants=['MOGAMULIZUMAB KPKC', 'MOGAMULIZUMAB']"
MOMELOTINIB,0,,1,,1,Most,1,Most,1,Most,0,,0,,1,Most,N#CCNC(=O)c1ccc(-c2ccnc(Nc3ccc(N4CCOCC4)cc3)n2)cc1,n#ccnc(=o)c1ccc(-c2ccnc(nc3ccc(n4ccocc4)cc3)n2)cc1,N#CCNC(=O)c1ccc(-c2ccnc(Nc3ccc(N4CCOCC4)cc3)n2)cc1,Original,,,,,,,,
MOMETASONE,0,,1,Most,0,,0,,0,,0,,0,,0,,C[C@@H]1C[C@H]2[C@@H]3CCC4=CC(=O)C=C[C@]4(C)[C@@]3(Cl)[C@@H](O)C[C@]2(C)[C@@]1(O)C(=O)CCl,c[c@@h]1c[c@h]2[c@@h]3ccc4=cc(=o)c=c[c@]4(c)[c@@]3(cl)[c@@h](o)c[c@]2(c)[c@@]1(o)c(=o)ccl,C[C@@H]1C[C@H]2[C@@H]3CCC4=CC(=O)C=C[C@]4(C)[C@@]3(Cl)[C@@H](O)C[C@]2(C)[C@@]1(O)C(=O)CCl,Original,,,,,,,,
MOMETASONE FUROATE,0,,1,Most,0,,0,,1,,0,,1,Most,0,,C[C@@H]1C[C@H]2[C@@H]3CCC4=CC(=O)C=C[C@]4(C)[C@@]3(Cl)[C@@H](O)C[C@]2(C)[C@@]1(OC(=O)c1ccco1)C(=O)CCl,c[c@@h]1c[c@h]2[c@@h]3ccc4=cc(=o)c=c[c@]4(c)[c@@]3(cl)[c@@h](o)c[c@]2(c)[c@@]1(oc(=o)c1ccco1)c(=o)ccl,C[C@@H]1C[C@H]2[C@@H]3CCC4=CC(=O)C=C[C@]4(C)[C@@]3(Cl)[C@@H](O)C[C@]2(C)[C@@]1(OC(=O)c1ccco1)C(=O)CCl,Original,,,,,,,,
MOMETASONE FUROATE MONOHYDRATE,0,,1,Most,0,,0,,0,,0,,0,,0,,CC1CC2C3CCC4=CC(=O)C=CC4(C)C3(Cl)C(O)CC2(C)C1(OC(=O)c1ccco1)C(=O)CCl,cc1cc2c3ccc4=cc(=o)c=cc4(c)c3(cl)c(o)cc2(c)c1(oc(=o)c1ccco1)c(=o)ccl,CC1CC2C3CCC4=CC(=O)C=CC4(C)C3(Cl)C(O)CC2(C)C1(OC(=O)c1ccco1)C(=O)CCl,Original,,,,,,,,
MONTELUKAST,0,,1,Most,1,Most,1,,1,Most,0,,1,,0,,CC(C)(O)c1ccccc1CC[C@@H](SCC1(CC(=O)O)CC1)c1cccc(/C=C/c2ccc3ccc(Cl)cc3n2)c1,cc(c)(o)c1ccccc1cc[c@@h](scc1(cc(=o)o)cc1)c1cccc(/c=c/c2ccc3ccc(cl)cc3n2)c1,CC(C)(O)c1ccccc1CC[C@@H](SCC1(CC(=O)O)CC1)c1cccc(/C=C/c2ccc3ccc(Cl)cc3n2)c1,Original,,,,,,,,
MONTELUKAST; MONTELUKAST SODIUM,0,,1,,1,Most,1,,1,,0,,1,,0,,Not found,not found,CC(C)(O)c1ccccc1CC[C@@H](SCC1(CC(=O)[O-])CC1)c1cccc(/C=C/c2ccc3ccc(Cl)cc3n2)c1.[Na+],ChEMBL,,,,,,,,
MOSUNETUZUMAB,0,,1,Most,1,Most,0,,0,,0,,0,,0,,Not found,not found,,NotFound,MOSUNETUZUMAB,MOSUNETUZUMAB,,,not_found | variants_tried=1,,,
MOTIXAFORTIDE,1,Most,1,Most,1,Most,0,,0,,0,,0,,0,,N=C(N)NCCC[C@H](NC(=O)[C@@H]1CSSC[C@H](NC(=O)[C@H](Cc2ccc3ccccc3c2)NC(=O)[C@H](CCCNC(=N)N)NC(=O)[C@H](CCCNC(=N)N)NC(=O)c2ccc(F)cc2)C(=O)N[C@@H](Cc2ccc(O)cc2)C(=O)N[C@H](CCCNC(N)=O)C(=O)N[C@@H](CCCCN)C(=O)N[C@H](CCCCN)C(=O)N2CCC[C@H]2C(=O)N[C@@H](Cc2ccc(O)cc2)C(=O)N[C@@H](CCCNC(=N)N)C(=O)N[C@@H](CCCNC(N)=O)C(=O)N1)C(N)=O,n=c(n)nccc[c@h](nc(=o)[c@@h]1cssc[c@h](nc(=o)[c@h](cc2ccc3ccccc3c2)nc(=o)[c@h](cccnc(=n)n)nc(=o)[c@h](cccnc(=n)n)nc(=o)c2ccc(f)cc2)c(=o)n[c@@h](cc2ccc(o)cc2)c(=o)n[c@h](cccnc(n)=o)c(=o)n[c@@h](ccccn)c(=o)n[c@h](ccccn)c(=o)n2ccc[c@h]2c(=o)n[c@@h](cc2ccc(o)cc2)c(=o)n[c@@h](cccnc(=n)n)c(=o)n[c@@h](cccnc(n)=o)c(=o)n1)c(n)=o,N=C(N)NCCC[C@H](NC(=O)[C@@H]1CSSC[C@H](NC(=O)[C@H](Cc2ccc3ccccc3c2)NC(=O)[C@H](CCCNC(=N)N)NC(=O)[C@H](CCCNC(=N)N)NC(=O)c2ccc(F)cc2)C(=O)N[C@@H](Cc2ccc(O)cc2)C(=O)N[C@H](CCCNC(N)=O)C(=O)N[C@@H](CCCCN)C(=O)N[C@H](CCCCN)C(=O)N2CCC[C@H]2C(=O)N[C@@H](Cc2ccc(O)cc2)C(=O)N[C@@H](CCCNC(=N)N)C(=O)N[C@@H](CCCNC(N)=O)C(=O)N1)C(N)=O,Original,,,,,,,,
MOXIFLOXACIN,1,Most,1,Most,1,Most,0,,1,Most,1,,1,Most,0,,COc1c(N2C[C@@H]3CCCN[C@@H]3C2)c(F)cc2c(=O)c(C(=O)O)cn(C3CC3)c12,coc1c(n2c[c@@h]3cccn[c@@h]3c2)c(f)cc2c(=o)c(c(=o)o)cn(c3cc3)c12,COc1c(N2C[C@@H]3CCCN[C@@H]3C2)c(F)cc2c(=O)c(C(=O)O)cn(C3CC3)c12,Original,,,,,,,,
"MOXIFLOXACIN HYDROCHLORIDE TABLETS, 400 MG",1,Most,1,Most,1,Most,0,,1,Most,1,,1,,1,,COc1c(N2CC3CCCNC3C2)c(F)cc2c(=O)c(C(=O)O)cn(C3CC3)c12,coc1c(n2cc3cccnc3c2)c(f)cc2c(=o)c(c(=o)o)cn(c3cc3)c12,COc1c(N2CC3CCCNC3C2)c(F)cc2c(=O)c(C(=O)O)cn(C3CC3)c12,Original,,,,,,,,
MOXIFLOXACIN OPHTHALMIC,0,,1,,0,,0,,0,,0,,0,,0,,COc1c(N2CC3CCCNC3C2)c(F)cc2c(=O)c(C(=O)O)cn(C3CC3)c12,coc1c(n2cc3cccnc3c2)c(f)cc2c(=o)c(c(=o)o)cn(c3cc3)c12,COc1c(N2CC3CCCNC3C2)c(F)cc2c(=O)c(C(=O)O)cn(C3CC3)c12,Original,,,,,,,,
MOXIFLOXACIN OPHTHALMIC SOLUTION,0,,1,Most,0,,0,,0,,0,,0,,0,,COc1c(N2CC3CCCNC3C2)c(F)cc2c(=O)c(C(=O)O)cn(C3CC3)c12,coc1c(n2cc3cccnc3c2)c(f)cc2c(=o)c(c(=o)o)cn(c3cc3)c12,COc1c(N2CC3CCCNC3C2)c(F)cc2c(=O)c(C(=O)O)cn(C3CC3)c12,Original,,,,,,,,
MYCOPHENOLATE MOFETIL HYDROCHLORIDE,0,,1,Most,1,Most,1,,1,,0,,1,Most,1,,COc1c(C)c2c(c(O)c1C/C=C(\C)CCC(=O)OCCN1CCOCC1)C(=O)OC2,coc1c(c)c2c(c(o)c1c/c=c(\c)ccc(=o)occn1ccocc1)c(=o)oc2,COc1c(C)c2c(c(O)c1C/C=C(\C)CCC(=O)OCCN1CCOCC1)C(=O)OC2,Original,,,,,,,,
NABUMENTONE,1,Most,1,Most,1,Most,0,,1,Most,1,,1,Most,1,Most,Not found,not found,,NotFound,NABUMENTONE,NABUMENTONE,,,not_found | variants_tried=1,,None,no_hit | variants=['NABUMENTONE']
NADOFARAGENE FIRADENOVEC-VNCG,1,,0,,1,,0,,0,,0,,0,,0,,Not found,not found,,NotFound,NADOFARAGENE FIRADENOVEC-VNCG,NADOFARAGENE FIRADENOVEC-VNCG,,,not_found | variants_tried=4,,None,"no_hit | variants=['NADOFARAGENE FIRADENOVEC VNCG', 'NADOFARAGENE', 'NADOFARAGENE FIRADENOVEC']"
NAFARELIN ACETATE,0,,1,Most,1,,0,,1,,0,,0,,0,,CC(C)C[C@H](NC(=O)[C@@H](Cc1cccc2ccccc12)NC(=O)[C@H](Cc1ccc(O)cc1)NC(=O)[C@H](CO)NC(=O)[C@H](Cc1c[nH]c2ccccc12)NC(=O)[C@H](Cc1cnc[nH]1)NC(=O)[C@@H]1CCC(=O)N1)C(=O)N[C@@H](CCCNC(=N)N)C(=O)N1CCC[C@H]1C(=O)NCC(N)=O,cc(c)c[c@h](nc(=o)[c@@h](cc1cccc2ccccc12)nc(=o)[c@h](cc1ccc(o)cc1)nc(=o)[c@h](co)nc(=o)[c@h](cc1c[nh]c2ccccc12)nc(=o)[c@h](cc1cnc[nh]1)nc(=o)[c@@h]1ccc(=o)n1)c(=o)n[c@@h](cccnc(=n)n)c(=o)n1ccc[c@h]1c(=o)ncc(n)=o,CC(C)C[C@H](NC(=O)[C@@H](Cc1cccc2ccccc12)NC(=O)[C@H](Cc1ccc(O)cc1)NC(=O)[C@H](CO)NC(=O)[C@H](Cc1c[nH]c2ccccc12)NC(=O)[C@H](Cc1cnc[nH]1)NC(=O)[C@@H]1CCC(=O)N1)C(=O)N[C@@H](CCCNC(=N)N)C(=O)N1CCC[C@H]1C(=O)NCC(N)=O,Original,,,,,,,,
NAFCILLIN INJECTION,0,,1,Most,1,Most,0,,1,Most,0,,0,,1,Most,CCOc1ccc2ccccc2c1C(=O)NC1C(=O)N2C1SC(C)(C)C2C(=O)O,ccoc1ccc2ccccc2c1c(=o)nc1c(=o)n2c1sc(c)(c)c2c(=o)o,CCOc1ccc2ccccc2c1C(=O)NC1C(=O)N2C1SC(C)(C)C2C(=O)O,Original,,,,,,,,
NAFCILLIN SODIUM,0,,1,Most,1,Most,0,,1,Most,0,,0,,1,,CCOc1ccc2ccccc2c1C(=O)N[C@@H]1C(=O)N2[C@@H]1SC(C)(C)[C@@H]2C(=O)O,ccoc1ccc2ccccc2c1c(=o)n[c@@h]1c(=o)n2[c@@h]1sc(c)(c)[c@@h]2c(=o)o,CCOc1ccc2ccccc2c1C(=O)N[C@@H]1C(=O)N2[C@@H]1SC(C)(C)[C@@H]2C(=O)O,Original,,,,,,,,
NALBUPHINE HCI,1,Most,1,,0,,1,,0,,0,,1,Most,0,,Oc1ccc2c3c1OC1C(O)CCC4(O)C(C2)N(CC2CCC2)CCC314,oc1ccc2c3c1oc1c(o)ccc4(o)c(c2)n(cc2ccc2)ccc314,Oc1ccc2c3c1OC1C(O)CCC4(O)C(C2)N(CC2CCC2)CCC314,Original,,,,,,,,
NALMEFENE HYDROCHLORIDE INJECTION,1,,1,,0,,0,,0,,0,,0,,0,,C=C1CCC2(O)C3Cc4ccc(O)c5c4C2(CCN3CC2CC2)C1O5,c=c1ccc2(o)c3cc4ccc(o)c5c4c2(ccn3cc2cc2)c1o5,C=C1CCC2(O)C3Cc4ccc(O)c5c4C2(CCN3CC2CC2)C1O5,Original,,,,,,,,
NALOXONE HCI,1,Most,1,,0,,0,,0,,0,,1,Most,0,,C=CCN1CCC23c4c5ccc(O)c4OC2C(=O)CCC3(O)C1C5,c=ccn1ccc23c4c5ccc(o)c4oc2c(=o)ccc3(o)c1c5,C=CCN1CCC23c4c5ccc(O)c4OC2C(=O)CCC3(O)C1C5,Original,,,,,,,,
NALOXONE HCL,1,Most,0,,0,,0,,0,,0,,1,Most,0,,C=CCN1CCC23c4c5ccc(O)c4OC2C(=O)CCC3(O)C1C5,c=ccn1ccc23c4c5ccc(o)c4oc2c(=o)ccc3(o)c1c5,C=CCN1CCC23c4c5ccc(O)c4OC2C(=O)CCC3(O)C1C5,Original,,,,,,,,
NALXONE HYDROCHLORIDE,1,Most,1,,0,,0,,0,,0,,1,Most,0,,C=CCN1CCC23c4c5ccc(O)c4OC2C(=O)CCC3(O)C1C5,c=ccn1ccc23c4c5ccc(o)c4oc2c(=o)ccc3(o)c1c5,C=CCN1CCC23c4c5ccc(O)c4OC2C(=O)CCC3(O)C1C5,Original,,,,,,,,
NAPHAZOLINE HYDROCHLORIDE,1,Most,0,,0,,0,,0,,0,,0,,0,,c1ccc2c(CC3=NCCN3)cccc2c1,c1ccc2c(cc3=nccn3)cccc2c1,c1ccc2c(CC3=NCCN3)cccc2c1,Original,,,,,,,,
NAPROXEN DELAYED RELEASE,0,,0,,0,,0,,0,,0,,0,,1,,COc1ccc2cc(C(C)C(=O)O)ccc2c1,coc1ccc2cc(c(c)c(=o)o)ccc2c1,COc1ccc2cc(C(C)C(=O)O)ccc2c1,Original,,,,,,,,
NAPROXEN ORAL,1,Most,1,Most,1,Most,1,Most,1,Most,1,,1,Most,1,Most,COc1ccc2cc(C(C)C(=O)O)ccc2c1,coc1ccc2cc(c(c)c(=o)o)ccc2c1,COc1ccc2cc(C(C)C(=O)O)ccc2c1,Original,,,,,,,,
NARCAN NALOXONE HCI,1,Most,1,,0,,0,,0,,0,,1,Most,0,,C=CCN1CCC23c4c5ccc(O)c4OC2C(=O)CCC3(O)C1C5,c=ccn1ccc23c4c5ccc(o)c4oc2c(=o)ccc3(o)c1c5,C=CCN1CCC23c4c5ccc(O)c4OC2C(=O)CCC3(O)C1C5,Original,,,,,,,,
NATALIZUMAB,0,,1,Most,1,Most,1,,1,Most,0,,0,,0,,Not found,not found,,NotFound,NATALIZUMAB,NATALIZUMAB,,,not_found | variants_tried=1,,,
NATAMYCIN,0,,0,,0,,0,,0,,0,,0,,0,,C[C@@H]1C/C=C/C=C/C=C/C=C/[C@H](O[C@@H]2O[C@H](C)[C@@H](O)[C@H](N)[C@@H]2O)C[C@@H]2O[C@](O)(C[C@@H](O)C[C@H]3O[C@@H]3/C=C/C(=O)O1)C[C@H](O)[C@H]2C(=O)O,c[c@@h]1c/c=c/c=c/c=c/c=c/[c@h](o[c@@h]2o[c@h](c)[c@@h](o)[c@h](n)[c@@h]2o)c[c@@h]2o[c@](o)(c[c@@h](o)c[c@h]3o[c@@h]3/c=c/c(=o)o1)c[c@h](o)[c@h]2c(=o)o,C[C@@H]1C/C=C/C=C/C=C/C=C/[C@H](O[C@@H]2O[C@H](C)[C@@H](O)[C@H](N)[C@@H]2O)C[C@@H]2O[C@](O)(C[C@@H](O)C[C@H]3O[C@@H]3/C=C/C(=O)O1)C[C@H](O)[C@H]2C(=O)O,Original,,,,,,,,
NAXITAMAB,1,Most,1,Most,1,Most,0,,1,,0,,1,,0,,Not found,not found,,NotFound,NAXITAMAB,NAXITAMAB,,,not_found | variants_tried=1,,,
NEBIBOLOL; NEBIVOLOL,1,Most,1,Most,1,,1,Most,1,,0,,1,Most,0,,Not found,not found,OC(CNCC(O)C1CCc2cc(F)ccc2O1)C1CCc2cc(F)ccc2O1,ChEMBL,,,,,,,,
NEBIVOLOL HYDROCHLORIDE,1,Most,1,Most,1,,1,Most,1,Most,0,,1,,1,,OC(CNCC(O)C1CCc2cc(F)ccc2O1)C1CCc2cc(F)ccc2O1,oc(cncc(o)c1ccc2cc(f)ccc2o1)c1ccc2cc(f)ccc2o1,OC(CNCC(O)C1CCc2cc(F)ccc2O1)C1CCc2cc(F)ccc2O1,Original,,,,,,,,
NECITUMUMAB,1,Most,1,Most,0,,0,,0,,0,,1,Most,0,,Not found,not found,,NotFound,NECITUMUMAB,NECITUMUMAB,,,not_found | variants_tried=1,,,
NEDOCROMIL SODIUM,0,,0,,0,,0,,0,,0,,0,,0,,CCCc1c2oc(C(=O)O)cc(=O)c2cc2c(=O)cc(C(=O)O)n(CC)c12,cccc1c2oc(c(=o)o)cc(=o)c2cc2c(=o)cc(c(=o)o)n(cc)c12,CCCc1c2oc(C(=O)O)cc(=O)c2cc2c(=O)cc(C(=O)O)n(CC)c12,Original,,,,,,,,
NEDOSIRAN,0,,1,,0,,0,,0,,0,,0,,0,,Not found,not found,,NotFound,NEDOSIRAN,NEDOSIRAN,,,not_found | variants_tried=1,,,
NELARABINE INJECTION,0,,0,,1,Most,1,Most,1,,0,,1,,1,,COc1nc(N)nc2c1ncn2C1OC(CO)C(O)C1O,coc1nc(n)nc2c1ncn2c1oc(co)c(o)c1o,COc1nc(N)nc2c1ncn2C1OC(CO)C(O)C1O,Original,,,,,,,,
NEOSTIGMINE,1,Most,1,,0,,0,,0,,0,,1,,0,,CN(C)C(=O)Oc1cccc([N+](C)(C)C)c1,cn(c)c(=o)oc1cccc([n+](c)(c)c)c1,CN(C)C(=O)Oc1cccc([N+](C)(C)C)c1,Original,,,,,,,,
NEPAFENAC,0,,0,,1,,0,,0,,0,,0,,0,,NC(=O)Cc1cccc(C(=O)c2ccccc2)c1N,nc(=o)cc1cccc(c(=o)c2ccccc2)c1n,NC(=O)Cc1cccc(C(=O)c2ccccc2)c1N,Original,,,,,,,,
NEXTERONE (AMIODARONE HCI),1,Most,1,Most,1,Most,1,Most,1,Most,0,,1,Most,1,,CCCCc1oc2ccccc2c1C(=O)c1cc(I)c(OCCN(CC)CC)c(I)c1,ccccc1oc2ccccc2c1c(=o)c1cc(i)c(occn(cc)cc)c(i)c1,CCCCc1oc2ccccc2c1C(=O)c1cc(I)c(OCCN(CC)CC)c(I)c1,Original,,,,,,,,
NH3N13,0,,0,,0,,0,,0,,0,,0,,0,,N,n,N,Original,,,,,,,,
NICOTINE,1,,1,Most,1,,1,Most,0,,0,,1,,1,,CN1CCC[C@H]1c1cccnc1,cn1ccc[c@h]1c1cccnc1,CN1CCC[C@H]1c1cccnc1,Original,,,,,,,,
NILUTAMIDE,1,Most,1,Most,1,,0,,1,Most,0,,1,Most,0,,CC1(C)NC(=O)N(c2ccc([N+](=O)[O-])c(C(F)(F)F)c2)C1=O,cc1(c)nc(=o)n(c2ccc([n+](=o)[o-])c(c(f)(f)f)c2)c1=o,CC1(C)NC(=O)N(c2ccc([N+](=O)[O-])c(C(F)(F)F)c2)C1=O,Original,,,,,,,,
NIROGACESTAT,0,,1,Most,0,,1,Most,1,Most,0,,0,,0,,CCC[C@H](N[C@H]1CCc2cc(F)cc(F)c2C1)C(=O)Nc1cn(C(C)(C)CNCC(C)(C)C)cn1,ccc[c@h](n[c@h]1ccc2cc(f)cc(f)c2c1)c(=o)nc1cn(c(c)(c)cncc(c)(c)c)cn1,CCC[C@H](N[C@H]1CCc2cc(F)cc(F)c2C1)C(=O)Nc1cn(C(C)(C)CNCC(C)(C)C)cn1,Original,,,,,,,,
NIRSEVIMAB,0,,1,,0,,0,,0,,0,,0,,0,,Not found,not found,,NotFound,NIRSEVIMAB,NIRSEVIMAB,,,not_found | variants_tried=1,,,
NITROFURANTION,1,,1,Most,1,Most,1,Most,1,Most,0,,1,Most,1,Most,O=C1CN(N=Cc2ccc([N+](=O)[O-])o2)C(=O)N1,o=c1cn(n=cc2ccc([n+](=o)[o-])o2)c(=o)n1,O=C1CN(N=Cc2ccc([N+](=O)[O-])o2)C(=O)N1,Original,,,,,,,,
NITROFURANTION MACROCRYSTALS,0,,1,Most,1,Most,1,Most,1,Most,0,,1,Most,1,Most,O=C1CN(N=Cc2ccc([N+](=O)[O-])o2)C(=O)N1,o=c1cn(n=cc2ccc([n+](=o)[o-])o2)c(=o)n1,O=C1CN(N=Cc2ccc([N+](=O)[O-])o2)C(=O)N1,Original,,,,,,,,
NITROFURANTOIN (MACROCRYSTALS),0,,1,Most,1,Most,1,,1,Most,0,,1,Most,1,Most,O=C1CN(N=Cc2ccc([N+](=O)[O-])o2)C(=O)N1,o=c1cn(n=cc2ccc([n+](=o)[o-])o2)c(=o)n1,O=C1CN(N=Cc2ccc([N+](=O)[O-])o2)C(=O)N1,Original,,,,,,,,
NITROFURANTOIN MACROCRYSTALS,0,,1,Most,1,Most,1,Most,1,Most,0,,1,Most,1,Most,O=C1CN(N=Cc2ccc([N+](=O)[O-])o2)C(=O)N1,o=c1cn(n=cc2ccc([n+](=o)[o-])o2)c(=o)n1,O=C1CN(N=Cc2ccc([N+](=O)[O-])o2)C(=O)N1,Original,,,,,,,,
"NITROGEN, REFRIGERATED",0,,1,Most,0,,0,,0,,0,,0,,0,,N#N,n#n,N#N,Original,,,,,,,,
NITROGLYCERIN LINGUAL,1,Most,1,,1,Most,1,Most,0,,0,,1,,0,,O=[N+]([O-])OCC(CO[N+](=O)[O-])O[N+](=O)[O-],o=[n+]([o-])occ(co[n+](=o)[o-])o[n+](=o)[o-],O=[N+]([O-])OCC(CO[N+](=O)[O-])O[N+](=O)[O-],Original,,,,,,,,
NITROGLYCERIN TRANSDERMAL SYSTEM,1,Most,1,,1,,1,Most,0,Most,0,,0,,0,,O=[N+]([O-])OCC(CO[N+](=O)[O-])O[N+](=O)[O-],o=[n+]([o-])occ(co[n+](=o)[o-])o[n+](=o)[o-],O=[N+]([O-])OCC(CO[N+](=O)[O-])O[N+](=O)[O-],Original,,,,,,,,
"NITROGLYCERIN, DEXTROSE",1,Most,1,,1,Most,1,Most,0,,0,,0,,0,,O=[N+]([O-])OCC(CO[N+](=O)[O-])O[N+](=O)[O-],o=[n+]([o-])occ(co[n+](=o)[o-])o[n+](=o)[o-],O=[N+]([O-])OCC(CO[N+](=O)[O-])O[N+](=O)[O-],Original,,,,,,,,
NIVOLUMAB,1,Most,1,Most,1,Most,0,,1,Most,0,,1,Most,1,Most,Not found,not found,,NotFound,NIVOLUMAB,NIVOLUMAB,,,not_found | variants_tried=1,,,
NOREPINEPHRINE IN SODIUM CHLORIDE,1,Most,1,Most,0,,0,,0,,0,,1,Most,0,,NCC(O)c1ccc(O)c(O)c1.O=C(O)C(O)C(O)C(=O)O,ncc(o)c1ccc(o)c(o)c1.o=c(o)c(o)c(o)c(=o)o,NCC(O)c1ccc(O)c(O)c1.O=C(O)C(O)C(O)C(=O)O,Original,,,,,,,,
NORETHINDRONE ACETATE,1,Most,1,Most,1,Most,0,,1,Most,0,,1,Most,0,,C#C[C@]1(OC(C)=O)CC[C@H]2[C@@H]3CCC4=CC(=O)CC[C@@H]4[C@H]3CC[C@@]21C,c#c[c@]1(oc(c)=o)cc[c@h]2[c@@h]3ccc4=cc(=o)cc[c@@h]4[c@h]3cc[c@@]21c,C#C[C@]1(OC(C)=O)CC[C@H]2[C@@H]3CCC4=CC(=O)CC[C@@H]4[C@H]3CC[C@@]21C,Original,,,,,,,,
NORTRIPTYLINE HCI,1,Most,1,Most,1,Most,0,,1,,0,,0,,0,,CNCCC=C1c2ccccc2CCc2ccccc21,cnccc=c1c2ccccc2ccc2ccccc21,CNCCC=C1c2ccccc2CCc2ccccc21,Original,,,,,,,,
NORTRIPTYLINE HCI; NORTRIPTYLINE HCL,1,Most,1,Most,1,Most,0,,1,,0,,0,,0,,Not found,not found,CNCCC=C1c2ccccc2CCc2ccccc21.Cl,ChEMBL,,,,,,,,
NORTRIPTYLINE HCL,1,Most,1,Most,1,Most,0,,1,,0,,0,,0,,CNCCC=C1c2ccccc2CCc2ccccc21,cnccc=c1c2ccccc2ccc2ccccc21,CNCCC=C1c2ccccc2CCc2ccccc21,Original,,,,,,,,
NORVIR,1,Most,1,Most,1,Most,0,,1,Most,0,,1,,1,,CC(C)c1nc(CN(C)C(=O)NC(C(=O)NC(Cc2ccccc2)CC(O)C(Cc2ccccc2)NC(=O)OCc2cncs2)C(C)C)cs1,cc(c)c1nc(cn(c)c(=o)nc(c(=o)nc(cc2ccccc2)cc(o)c(cc2ccccc2)nc(=o)occ2cncs2)c(c)c)cs1,CC(C)c1nc(CN(C)C(=O)NC(C(=O)NC(Cc2ccccc2)CC(O)C(Cc2ccccc2)NC(=O)OCc2cncs2)C(C)C)cs1,Original,,,,,,,,
NYSTATIN,0,,1,,0,,0,,0,,0,,0,,0,,CC1C=CC=CCCC=CC=CC=CC=CC(OC2OC(C)C(O)C(N)C2O)CC2OC(O)(CC(O)C(O)CCC(O)CC(O)CC(O)CC(=O)OC(C)C(C)C1O)CC(O)C2C(=O)O,cc1c=cc=cccc=cc=cc=cc=cc(oc2oc(c)c(o)c(n)c2o)cc2oc(o)(cc(o)c(o)ccc(o)cc(o)cc(o)cc(=o)oc(c)c(c)c1o)cc(o)c2c(=o)o,CC1C=CC=CCCC=CC=CC=CC=CC(OC2OC(C)C(O)C(N)C2O)CC2OC(O)(CC(O)C(O)CCC(O)CC(O)CC(O)CC(=O)OC(C)C(C)C1O)CC(O)C2C(=O)O,Original,,,,,,,,
NYSTATIN ORAL SUSPENSION,0,,1,,0,,0,,0,,0,,1,,0,,Not found,not found,C[C@@H]1[C@H](O)[C@@H](C)/C=C/C=C/CC/C=C/C=C/C=C/C=C/[C@H](O[C@@H]2O[C@H](C)[C@@H](O)[C@H](N)[C@@H]2O)C[C@@H]2O[C@](O)(C[C@@H](O)[C@H](O)CC[C@@H](O)C[C@@H](O)C[C@@H](O)CC(=O)O[C@H]1C)C[C@H](O)[C@H]2C(=O)O.O,ChEMBL,NYSTATIN ORAL SUSPENSION,NYSTATIN ORAL SUSPENSION,C[C@@H]1[C@H](O)[C@@H](C)/C=C/C=C/CC/C=C/C=C/C=C/C=C/[C@H](O[C@@H]2O[C@H](C)[C@@H](O)[C@H](N)[C@@H]2O)C[C@@H]2O[C@](O)(C[C@@H](O)[C@H](O)CC[C@@H](O)C[C@@H](O)C[C@@H](O)CC(=O)O[C@H]1C)C[C@H](O)[C@H]2C(=O)O.O,ChEMBL,found_chembl | variants_tried=2,,,
OBILTOXAXIMAB,0,,1,Most,1,,0,,0,,0,,0,,0,,Not found,not found,,NotFound,OBILTOXAXIMAB,OBILTOXAXIMAB,,,not_found | variants_tried=1,,,
OBINUTUZUMAB,1,Most,1,Most,1,Most,0,,1,Most,0,,1,Most,1,Most,Not found,not found,,NotFound,OBINUTUZUMAB,OBINUTUZUMAB,,,not_found | variants_tried=1,,,
OCRELIZUMAB,0,,1,Most,1,Most,0,,1,Most,0,,0,,1,Most,Not found,not found,,NotFound,OCRELIZUMAB,OCRELIZUMAB,,,not_found | variants_tried=1,,,
OFATUMUMAB,0,,1,Most,1,Most,0,,1,Most,0,,0,,0,,Not found,not found,,NotFound,OFATUMUMAB,OFATUMUMAB,,,not_found | variants_tried=1,,,
OFIRMEV (ACETAMINOPHEN),0,,1,Most,1,,1,Most,1,Most,0,,0,,1,,CC(=O)Nc1ccc(O)cc1,cc(=o)nc1ccc(o)cc1,CC(=O)Nc1ccc(O)cc1,Original,,,,,,,,
OFLOXACIN,0,,1,Most,0,,0,,0,,0,,0,,0,,CC1COc2c(N3CCN(C)CC3)c(F)cc3c(=O)c(C(=O)O)cn1c23,cc1coc2c(n3ccn(c)cc3)c(f)cc3c(=o)c(c(=o)o)cn1c23,CC1COc2c(N3CCN(C)CC3)c(F)cc3c(=O)c(C(=O)O)cn1c23,Original,,,,,,,,
OFLOXACIN OPHTH SOLN,0,,1,Most,0,,0,,0,,0,,0,,0,,CC1COc2c(N3CCN(C)CC3)c(F)cc3c(=O)c(C(=O)O)cn1c23,cc1coc2c(n3ccn(c)cc3)c(f)cc3c(=o)c(c(=o)o)cn1c23,CC1COc2c(N3CCN(C)CC3)c(F)cc3c(=O)c(C(=O)O)cn1c23,Original,,,,,,,,
"OFLOXACIN OPHTHALMIC SOLUTION USP, 0.3%",0,,1,Most,0,,0,,0,,0,,0,,0,,CC1COc2c(N3CCN(C)CC3)c(F)cc3c(=O)c(C(=O)O)cn1c23,cc1coc2c(n3ccn(c)cc3)c(f)cc3c(=o)c(c(=o)o)cn1c23,CC1COc2c(N3CCN(C)CC3)c(F)cc3c(=O)c(C(=O)O)cn1c23,Original,,,,,,,,
OFLOXACIN OTIC,0,,1,,0,,0,,0,,0,,0,,0,,CC1COc2c(N3CCN(C)CC3)c(F)cc3c(=O)c(C(=O)O)cn1c23,cc1coc2c(n3ccn(c)cc3)c(f)cc3c(=o)c(c(=o)o)cn1c23,CC1COc2c(N3CCN(C)CC3)c(F)cc3c(=O)c(C(=O)O)cn1c23,Original,,,,,,,,
OFLOXACIN OTIC; OFLOXACIN OTIC SOLUTION,0,,1,Most,0,,0,,0,,0,,0,,0,,Not found,not found,CC1COc2c(N3CCN(C)CC3)c(F)cc3c(=O)c(C(=O)O)cn1c23,ChEMBL,,,,,,,,
OFLOXAXIN,0,,1,Most,0,,0,,0,,0,,0,,0,,CC1COc2c(N3CCN(C)CC3)c(F)cc3c(=O)c(C(=O)O)cn1c23,cc1coc2c(n3ccn(c)cc3)c(f)cc3c(=o)c(c(=o)o)cn1c23,CC1COc2c(N3CCN(C)CC3)c(F)cc3c(=O)c(C(=O)O)cn1c23,Original,,,,,,,,
OLFOXACIN OTIC SOLN,1,,1,,0,,0,,0,,0,,0,,0,,CC1COc2c(N3CCN(C)CC3)c(F)cc3c(=O)c(C(=O)O)cn1c23,cc1coc2c(n3ccn(c)cc3)c(f)cc3c(=o)c(c(=o)o)cn1c23,CC1COc2c(N3CCN(C)CC3)c(F)cc3c(=O)c(C(=O)O)cn1c23,Original,,,,,,,,
OLIPUDASE ALFA-RPCP,0,,1,Most,1,,0,,1,Most,0,,0,,0,,Not found,not found,,NotFound,OLIPUDASE ALFA-RPCP,OLIPUDASE ALFA-RPCP,,,not_found | variants_tried=4,,None,"no_hit | variants=['OLIPUDASE ALFA RPCP', 'OLIPUDASE RPCP', 'OLIPUDASE', 'OLIPUDASE ALFA']"
OLOPATADINE HYDROCHLORIDE,0,,1,Most,0,,1,,0,,0,,0,,0,,CN(C)CC/C=C1/c2ccccc2COc2ccc(CC(=O)O)cc21,cn(c)cc/c=c1/c2ccccc2coc2ccc(cc(=o)o)cc21,CN(C)CC/C=C1/c2ccccc2COc2ccc(CC(=O)O)cc21,Original,,,,,,,,
OLOPATADINE HYDROCHLORIDE NASAL,0,,1,Most,0,,1,,0,,0,,0,,0,,CN(C)CCC=C1c2ccccc2COc2ccc(CC(=O)O)cc21,cn(c)ccc=c1c2ccccc2coc2ccc(cc(=o)o)cc21,CN(C)CCC=C1c2ccccc2COc2ccc(CC(=O)O)cc21,Original,,,,,,,,
OLUTASIDENIB,1,,1,Most,1,Most,0,,1,Most,0,,1,Most,0,,C[C@H](Nc1ccc(C#N)n(C)c1=O)c1cc2cc(Cl)ccc2[nH]c1=O,c[c@h](nc1ccc(c#n)n(c)c1=o)c1cc2cc(cl)ccc2[nh]c1=o,C[C@H](Nc1ccc(C#N)n(C)c1=O)c1cc2cc(Cl)ccc2[nH]c1=O,Original,,,,,,,,
OMALIZUMAB,1,,1,Most,1,Most,0,,0,,0,,1,Most,0,,Not found,not found,,NotFound,OMALIZUMAB,OMALIZUMAB,,,not_found | variants_tried=1,,,
OMAVELOXOLONE,1,Most,1,Most,0,,1,,1,Most,0,,0,,0,,CC1(C)CC[C@]2(NC(=O)C(C)(F)F)CC[C@]3(C)[C@H](C(=O)C=C4[C@@]5(C)C=C(C#N)C(=O)C(C)(C)[C@@H]5CC[C@]43C)[C@@H]2C1,cc1(c)cc[c@]2(nc(=o)c(c)(f)f)cc[c@]3(c)[c@h](c(=o)c=c4[c@@]5(c)c=c(c#n)c(=o)c(c)(c)[c@@h]5cc[c@]43c)[c@@h]2c1,CC1(C)CC[C@]2(NC(=O)C(C)(F)F)CC[C@]3(C)[C@H](C(=O)C=C4[C@@]5(C)C=C(C#N)C(=O)C(C)(C)[C@@H]5CC[C@]43C)[C@@H]2C1,Original,,,,,,,,
OMEGA-3-ACID ETHYL ESTERS CAPSULES,1,Most,1,,1,,0,,1,,0,,0,,0,,Not found,not found,CC/C=C\C/C=C\C/C=C\C/C=C\C/C=C\C/C=C\CCC(=O)OCC.CC/C=C\C/C=C\C/C=C\C/C=C\C/C=C\CCCC(=O)OCC,ChEMBL,,,,,,,,
OMEPRAZOLE DR,1,Most,1,Most,1,Most,0,,1,Most,1,,1,,1,,Not found,not found,COc1ccc2[nH]c([S+]([O-])Cc3ncc(C)c(OC)c3C)nc2c1,ChEMBL,,,,,,,,
OMEPRAZOLE; OMEPRAZOLE DR,1,Most,1,Most,1,Most,0,,1,Most,0,,1,,1,Most,Not found,not found,COc1ccc2[nH]c([S+]([O-])Cc3ncc(C)c(OC)c3C)nc2c1,ChEMBL,,,,,,,,
OMIDENEPAG ISOPROPYL,0,,1,Most,0,,0,,0,,0,,0,,1,Most,CC(C)OC(=O)CNc1cccc(CN(Cc2ccc(-n3cccn3)cc2)S(=O)(=O)c2cccnc2)n1,cc(c)oc(=o)cnc1cccc(cn(cc2ccc(-n3cccn3)cc2)s(=o)(=o)c2cccnc2)n1,CC(C)OC(=O)CNc1cccc(CN(Cc2ccc(-n3cccn3)cc2)S(=O)(=O)c2cccnc2)n1,Original,,,,,,,,
ONABOTULINUMTOXINA,1,Most,1,Most,0,,1,,0,,1,,1,Most,0,,Not found,not found,,NotFound,ONABOTULINUMTOXINA,ONABOTULINUMTOXINA,,,not_found | variants_tried=1,,None,no_hit | variants=['ONABOTULINUMTOXINA']
ONDANSETRON HCL,1,Most,1,Most,0,,0,,1,,0,,0,,0,,Cc1nccn1CC1CCc2c(c3ccccc3n2C)C1=O,cc1nccn1cc1ccc2c(c3ccccc3n2c)c1=o,Cc1nccn1CC1CCc2c(c3ccccc3n2C)C1=O,Original,,,,,,,,
ONDANSETRON HYDROCHLORIDE,1,Most,1,Most,0,,0,,1,,0,,1,Most,0,,Cc1nccn1CC1CCc2c(c3ccccc3n2C)C1=O,cc1nccn1cc1ccc2c(c3ccccc3n2c)c1=o,Cc1nccn1CC1CCc2c(c3ccccc3n2C)C1=O,Original,,,,,,,,
ONDANSETRON HYDROCHLORIDE AND DEXTROSE,1,Most,1,,0,,0,,1,,0,,0,,0,,Cc1nccn1CC1CCc2c(c3ccccc3n2C)C1=O,cc1nccn1cc1ccc2c(c3ccccc3n2c)c1=o,Cc1nccn1CC1CCc2c(c3ccccc3n2C)C1=O,Original,,,,,,,,
ONDANSETRON TABLETS,1,Most,1,Most,0,,0,,1,,0,,0,,0,,Cc1nccn1CC1CCc2c(c3ccccc3n2C)C1=O,cc1nccn1cc1ccc2c(c3ccccc3n2c)c1=o,Cc1nccn1CC1CCc2c(c3ccccc3n2C)C1=O,Original,,,,,,,,
ONTRUZANT; TRASTUZUMAB,1,Most,1,Most,1,Most,0,,0,,0,,1,Most,1,Most,Not found,not found,,NotFound,ONTRUZANT; TRASTUZUMAB,ONTRUZANT; TRASTUZUMAB,,,not_found | variants_tried=3,,,
ORAL SEMAGLUTIDE,0,,1,Most,0,,0,,0,,0,,0,,1,Most,CCC(C)C(NC(=O)C(Cc1ccccc1)NC(=O)C(CCC(=O)O)NC(=O)C(CCCCNC(=O)COCCOCCNC(=O)COCCOCCNC(=O)CCC(NC(=O)CCCCCCCCCCCCCCCCC(=O)O)C(=O)O)NC(=O)C(C)NC(=O)C(C)NC(=O)C(CCC(N)=O)NC(=O)CNC(=O)C(CCC(=O)O)NC(=O)C(CC(C)C)NC(=O)C(Cc1ccc(O)cc1)NC(=O)C(CO)NC(=O)C(CO)NC(=O)C(NC(=O)C(CC(=O)O)NC(=O)C(CO)NC(=O)C(NC(=O)C(Cc1ccccc1)NC(=O)C(NC(=O)CNC(=O)C(CCC(=O)O)NC(=O)C(C)(C)NC(=O)C(N)Cc1cnc[nH]1)C(C)O)C(C)O)C(C)C)C(=O)NC(C)C(=O)NC(Cc1c[nH]c2ccccc12)C(=O)NC(CC(C)C)C(=O)NC(C(=O)NC(CCCNC(=N)N)C(=O)NCC(=O)NC(CCCNC(=N)N)C(=O)NCC(=O)O)C(C)C,ccc(c)c(nc(=o)c(cc1ccccc1)nc(=o)c(ccc(=o)o)nc(=o)c(ccccnc(=o)coccoccnc(=o)coccoccnc(=o)ccc(nc(=o)ccccccccccccccccc(=o)o)c(=o)o)nc(=o)c(c)nc(=o)c(c)nc(=o)c(ccc(n)=o)nc(=o)cnc(=o)c(ccc(=o)o)nc(=o)c(cc(c)c)nc(=o)c(cc1ccc(o)cc1)nc(=o)c(co)nc(=o)c(co)nc(=o)c(nc(=o)c(cc(=o)o)nc(=o)c(co)nc(=o)c(nc(=o)c(cc1ccccc1)nc(=o)c(nc(=o)cnc(=o)c(ccc(=o)o)nc(=o)c(c)(c)nc(=o)c(n)cc1cnc[nh]1)c(c)o)c(c)o)c(c)c)c(=o)nc(c)c(=o)nc(cc1c[nh]c2ccccc12)c(=o)nc(cc(c)c)c(=o)nc(c(=o)nc(cccnc(=n)n)c(=o)ncc(=o)nc(cccnc(=n)n)c(=o)ncc(=o)o)c(c)c,CCC(C)C(NC(=O)C(Cc1ccccc1)NC(=O)C(CCC(=O)O)NC(=O)C(CCCCNC(=O)COCCOCCNC(=O)COCCOCCNC(=O)CCC(NC(=O)CCCCCCCCCCCCCCCCC(=O)O)C(=O)O)NC(=O)C(C)NC(=O)C(C)NC(=O)C(CCC(N)=O)NC(=O)CNC(=O)C(CCC(=O)O)NC(=O)C(CC(C)C)NC(=O)C(Cc1ccc(O)cc1)NC(=O)C(CO)NC(=O)C(CO)NC(=O)C(NC(=O)C(CC(=O)O)NC(=O)C(CO)NC(=O)C(NC(=O)C(Cc1ccccc1)NC(=O)C(NC(=O)CNC(=O)C(CCC(=O)O)NC(=O)C(C)(C)NC(=O)C(N)Cc1cnc[nH]1)C(C)O)C(C)O)C(C)C)C(=O)NC(C)C(=O)NC(Cc1c[nH]c2ccccc12)C(=O)NC(CC(C)C)C(=O)NC(C(=O)NC(CCCNC(=N)N)C(=O)NCC(=O)NC(CCCNC(=N)N)C(=O)NCC(=O)O)C(C)C,Original,,,,,,,,
OSELTAMAVIR PHOSPHATE,0,,1,Most,0,,0,,1,,0,,0,,0,,Not found,not found,C[C@]12CC[C@@H]3c4ccc(OC(=O)N(CCCl)CCCl)cc4CC[C@H]3[C@@H]1CC[C@@H]2OP(=O)(O)O,ChEMBL,OSELTAMAVIR PHOSPHATE,OSELTAMAVIR PHOSPHATE,C[C@]12CC[C@@H]3c4ccc(OC(=O)N(CCCl)CCCl)cc4CC[C@H]3[C@@H]1CC[C@@H]2OP(=O)(O)O,ChEMBL,found_chembl | variants_tried=2,,,
OSELTAMIVIR,0,,1,Most,0,,0,,0,,0,,0,,0,,CCOC(=O)C1=C[C@@H](OC(CC)CC)[C@H](NC(C)=O)[C@@H](N)C1,ccoc(=o)c1=c[c@@h](oc(cc)cc)[c@h](nc(c)=o)[c@@h](n)c1,CCOC(=O)C1=C[C@@H](OC(CC)CC)[C@H](NC(C)=O)[C@@H](N)C1,Original,,,,,,,,
OSELTAMIVIR ACID,0,,0,,0,,0,,0,,0,,0,,0,,CCC(CC)OC1C=C(C(=O)O)CC(N)C1NC(C)=O,ccc(cc)oc1c=c(c(=o)o)cc(n)c1nc(c)=o,CCC(CC)OC1C=C(C(=O)O)CC(N)C1NC(C)=O,Original,,,,,,,,
OTESECONAZOLE,0,,1,,0,,1,Most,0,,0,,0,,0,,O[C@@](Cn1cnnn1)(c1ccc(F)cc1F)C(F)(F)c1ccc(-c2ccc(OCC(F)(F)F)cc2)cn1,o[c@@](cn1cnnn1)(c1ccc(f)cc1f)c(f)(f)c1ccc(-c2ccc(occ(f)(f)f)cc2)cn1,O[C@@](Cn1cnnn1)(c1ccc(F)cc1F)C(F)(F)c1ccc(-c2ccc(OCC(F)(F)F)cc2)cn1,Original,,,,,,,,
OXACILLIN SODIUM,0,,1,Most,1,Most,0,,1,Most,0,,0,,1,Most,Cc1onc(-c2ccccc2)c1C(=O)N[C@@H]1C(=O)N2[C@@H]1SC(C)(C)[C@@H]2C(=O)O,cc1onc(-c2ccccc2)c1c(=o)n[c@@h]1c(=o)n2[c@@h]1sc(c)(c)[c@@h]2c(=o)o,Cc1onc(-c2ccccc2)c1C(=O)N[C@@H]1C(=O)N2[C@@H]1SC(C)(C)[C@@H]2C(=O)O,Original,,,,,,,,
OXYBUTYNIN,1,,1,Most,0,,0,,0,,0,,0,,0,,CCN(CC)CC#CCOC(=O)C(O)(c1ccccc1)C1CCCCC1,ccn(cc)cc#ccoc(=o)c(o)(c1ccccc1)c1ccccc1,CCN(CC)CC#CCOC(=O)C(O)(c1ccccc1)C1CCCCC1,Original,,,,,,,,
OXYCODONE HCL,1,Most,1,,1,,0,,0,,0,,1,Most,1,Most,COc1ccc2c3c1OC1C(=O)CCC4(O)C(C2)N(C)CCC314,coc1ccc2c3c1oc1c(=o)ccc4(o)c(c2)n(c)ccc314,COc1ccc2c3c1OC1C(=O)CCC4(O)C(C2)N(C)CCC314,Original,,,,,,,,
OXYCODONE HCL CONTROLLED-RELEASE,1,Most,1,Most,1,,0,,0,,0,,1,Most,0,,COc1ccc2c3c1OC1C(=O)CCC4(O)C(C2)N(C)CCC314,coc1ccc2c3c1oc1c(=o)ccc4(o)c(c2)n(c)ccc314,COc1ccc2c3c1OC1C(=O)CCC4(O)C(C2)N(C)CCC314,Original,,,,,,,,
OXYCODONE HYDCHLORIDE,1,Most,1,Most,1,,0,,0,,0,,1,Most,0,,COc1ccc2c3c1OC1C(=O)CCC4(O)C(C2)N(C)CCC314,coc1ccc2c3c1oc1c(=o)ccc4(o)c(c2)n(c)ccc314,COc1ccc2c3c1OC1C(=O)CCC4(O)C(C2)N(C)CCC314,Original,,,,,,,,
OXYCODONE HYDROCHLORIDE ORAL SOLUTION,1,Most,1,,1,,1,Most,0,,0,,1,Most,0,,COc1ccc2c3c1OC1C(=O)CCC4(O)C(C2)N(C)CCC314,coc1ccc2c3c1oc1c(=o)ccc4(o)c(c2)n(c)ccc314,COc1ccc2c3c1OC1C(=O)CCC4(O)C(C2)N(C)CCC314,Original,,,,,,,,
OXYGEN,0,,1,Most,1,,0,,0,,0,,1,Most,0,,O=O,o=o,O=O,Original,,,,,,,,
OXYMETAZOLINE HYDROCHLORIDE OPHTHALMIC,1,Most,0,,0,,1,,0,,0,,0,,0,,Cc1cc(C(C)(C)C)c(O)c(C)c1CC1=NCCN1,cc1cc(c(c)(c)c)c(o)c(c)c1cc1=nccn1,Cc1cc(C(C)(C)C)c(O)c(C)c1CC1=NCCN1,Original,,,,,,,,
PACRITINIB,1,,1,,1,Most,1,Most,0,,0,,0,,0,,C1=N/C2=N/c3ccc(OCCN4CCCC4)c(c3)COC/C=C/COCc3cccc(c3)C(=C1)N2,c1=n/c2=n/c3ccc(occn4cccc4)c(c3)coc/c=c/cocc3cccc(c3)c(=c1)n2,C1=N/C2=N/c3ccc(OCCN4CCCC4)c(c3)COC/C=C/COCc3cccc(c3)C(=C1)N2,Original,,,,,,,,
PALIFERMIN,0,,1,Most,0,,1,Most,0,,0,,0,,0,,Not found,not found,,NotFound,PALIFERMIN,PALIFERMIN,,,not_found | variants_tried=1,,None,no_hit | variants=['PALIFERMIN']
PALIVIZUMAB,0,,1,Most,1,Most,0,,0,,0,,0,,0,,Not found,not found,,NotFound,PALIVIZUMAB,PALIVIZUMAB,,,not_found | variants_tried=1,,,
PALONOSETRON,0,,1,,0,,0,,1,,0,,0,,0,,O=C1c2cccc3c2[C@H](CCC3)CN1[C@@H]1CN2CCC1CC2,o=c1c2cccc3c2[c@h](ccc3)cn1[c@@h]1cn2ccc1cc2,O=C1c2cccc3c2[C@H](CCC3)CN1[C@@H]1CN2CCC1CC2,Original,,,,,,,,
PALONOSETRON HYDROCHLORIDE,1,,1,,1,,0,,0,,0,,0,,0,,O=C1c2cccc3c2[C@H](CCC3)CN1[C@@H]1CN2CCC1CC2,o=c1c2cccc3c2[c@h](ccc3)cn1[c@@h]1cn2ccc1cc2,O=C1c2cccc3c2[C@H](CCC3)CN1[C@@H]1CN2CCC1CC2,Original,,,,,,,,
PALONSETRON HYDROCHLORIDE,1,,1,,0,,0,,0,,0,,0,,0,,O=C1c2cccc3c2C(CCC3)CN1C1CN2CCC1CC2,o=c1c2cccc3c2c(ccc3)cn1c1cn2ccc1cc2,O=C1c2cccc3c2C(CCC3)CN1C1CN2CCC1CC2,Original,,,,,,,,
PALOVAROTENE,0,,1,Most,0,,1,,1,,0,,0,,0,,CC1(C)CCC(C)(C)c2cc(Cn3cccn3)c(/C=C/c3ccc(C(=O)O)cc3)cc21,cc1(c)ccc(c)(c)c2cc(cn3cccn3)c(/c=c/c3ccc(c(=o)o)cc3)cc21,CC1(C)CCC(C)(C)c2cc(Cn3cccn3)c(/C=C/c3ccc(C(=O)O)cc3)cc21,Original,,,,,,,,
PANITUMUMAB,0,,1,Most,0,,1,,0,,0,,1,Most,1,Most,Not found,not found,,NotFound,PANITUMUMAB,PANITUMUMAB,,,not_found | variants_tried=1,,,
PANTOPRAZOEL SODIUM,0,,1,Most,1,,0,,1,Most,0,,0,,1,,COc1ccnc(C[S+]([O-])c2nc3cc(OC(F)F)ccc3[nH]2)c1OC,coc1ccnc(c[s+]([o-])c2nc3cc(oc(f)f)ccc3[nh]2)c1oc,COc1ccnc(C[S+]([O-])c2nc3cc(OC(F)F)ccc3[nH]2)c1OC,Original,,,,,,,,
PANTOPRAZOLE SODIUM,0,,1,Most,1,Most,0,,1,Most,0,,0,,1,Most,COc1ccnc(C[S+]([O-])c2nc3cc(OC(F)F)ccc3[nH]2)c1OC,coc1ccnc(c[s+]([o-])c2nc3cc(oc(f)f)ccc3[nh]2)c1oc,COc1ccnc(C[S+]([O-])c2nc3cc(OC(F)F)ccc3[nH]2)c1OC,Original,,,,,,,,
PANTOPRAZOLE SODIUM D/R,1,,1,Most,1,Most,0,,1,Most,0,,0,,1,Most,COc1ccnc(C[S+]([O-])c2nc3cc(OC(F)F)ccc3[nH]2)c1OC,coc1ccnc(c[s+]([o-])c2nc3cc(oc(f)f)ccc3[nh]2)c1oc,COc1ccnc(C[S+]([O-])c2nc3cc(OC(F)F)ccc3[nH]2)c1OC,Original,,,,,,,,
PANTOPRAZOLE SODIUM DELAYED RELEASE,0,,0,,0,,0,,0,,0,,0,,0,,COc1ccnc(C[S+]([O-])c2nc3cc(OC(F)F)ccc3[nH]2)c1OC,coc1ccnc(c[s+]([o-])c2nc3cc(oc(f)f)ccc3[nh]2)c1oc,COc1ccnc(C[S+]([O-])c2nc3cc(OC(F)F)ccc3[nH]2)c1OC,Original,,,,,,,,
PANTOPRAZOLE SODIUM DELAYED-RELEASE,1,,1,Most,1,Most,0,,1,Most,0,,0,,1,Most,COc1ccnc(C[S+]([O-])c2nc3cc(OC(F)F)ccc3[nH]2)c1OC,coc1ccnc(c[s+]([o-])c2nc3cc(oc(f)f)ccc3[nh]2)c1oc,COc1ccnc(C[S+]([O-])c2nc3cc(OC(F)F)ccc3[nH]2)c1OC,Original,,,,,,,,
PANTOPRAZOLE SODIUM DR,0,,1,Most,1,Most,0,,1,Most,0,,0,,1,Most,COc1ccnc(C[S+]([O-])c2nc3cc(OC(F)F)ccc3[nH]2)c1OC,coc1ccnc(c[s+]([o-])c2nc3cc(oc(f)f)ccc3[nh]2)c1oc,COc1ccnc(C[S+]([O-])c2nc3cc(OC(F)F)ccc3[nH]2)c1OC,Original,,,,,,,,
PANTOPRAZOLE SODIUM IN 0.9% SODIUM CHLORIDE,0,,1,Most,1,Most,0,,1,Most,0,,0,,1,Most,COc1ccnc(C[S+]([O-])c2nc3cc(OC(F)F)ccc3[nH]2)c1OC,coc1ccnc(c[s+]([o-])c2nc3cc(oc(f)f)ccc3[nh]2)c1oc,COc1ccnc(C[S+]([O-])c2nc3cc(OC(F)F)ccc3[nH]2)c1OC,Original,,,,,,,,
PARATHYROID HORMONE,1,Most,1,Most,0,,0,,0,,0,,0,,0,,Not found,not found,CC(=O)N[C@@H](Cc1ccc2ccccc2c1)C(=O)N[C@@H](Cc1ccc(Cl)cc1)C(=O)N[C@@H](Cc1cccnc1)C(=O)N[C@@H](CO)C(=O)N[C@@H](CCCCNC(=O)c1cccnc1N)C(=O)N[C@@H](CCCCNC(=O)c1cccnc1N)C(=O)N[C@@H](CC(C)C)C(=O)N[C@@H](CCCCNC(C)C)C(=O)N1CCC[C@@H]1C(=O)N[C@@H](C)C(=O)O,ChEMBL,PARATHYROID HORMONE,PARATHYROID HORMONE,CC(=O)N[C@@H](Cc1ccc2ccccc2c1)C(=O)N[C@@H](Cc1ccc(Cl)cc1)C(=O)N[C@@H](Cc1cccnc1)C(=O)N[C@@H](CO)C(=O)N[C@@H](CCCCNC(=O)c1cccnc1N)C(=O)N[C@@H](CCCCNC(=O)c1cccnc1N)C(=O)N[C@@H](CC(C)C)C(=O)N[C@@H](CCCCNC(C)C)C(=O)N1CCC[C@@H]1C(=O)N[C@@H](C)C(=O)O,ChEMBL,found_chembl | variants_tried=2,,,
PAROXETINE HYDROCHLORIDE ANHYDROUS,1,Most,1,Most,1,Most,1,Most,1,Most,0,,1,,1,,Fc1ccc(C2CCNCC2COc2ccc3c(c2)OCO3)cc1,fc1ccc(c2ccncc2coc2ccc3c(c2)oco3)cc1,Fc1ccc(C2CCNCC2COc2ccc3c(c2)OCO3)cc1,Original,,,,,,,,
PAROXETINE HYDROCHLORIDE HEMIHYDRATE,1,Most,1,Most,1,Most,1,Most,1,Most,0,,0,,0,,Fc1ccc([C@@H]2CCNC[C@H]2COc2ccc3c(c2)OCO3)cc1,fc1ccc([c@@h]2ccnc[c@h]2coc2ccc3c(c2)oco3)cc1,Fc1ccc([C@@H]2CCNC[C@H]2COc2ccc3c(c2)OCO3)cc1,Original,,,,,,,,
PAROXETINE; PAROXETINE HYDROCHLORIDE HEMIHYDRATE,1,,1,Most,1,Most,1,Most,1,Most,1,,1,,0,,Not found,not found,Cl.Fc1ccc([C@@H]2CCNC[C@H]2COc2ccc3c(c2)OCO3)cc1.O,ChEMBL,,,,,,,,
PAZOPANIB,1,Most,1,Most,1,Most,1,Most,1,Most,0,,1,Most,1,Most,Cc1ccc(Nc2nccc(N(C)c3ccc4c(C)n(C)nc4c3)n2)cc1S(N)(=O)=O,cc1ccc(nc2nccc(n(c)c3ccc4c(c)n(c)nc4c3)n2)cc1s(n)(=o)=o,Cc1ccc(Nc2nccc(N(C)c3ccc4c(C)n(C)nc4c3)n2)cc1S(N)(=O)=O,Original,,,,,,,,
PAZOPANIB HYDROCHLORIDE,1,Most,1,Most,1,Most,1,Most,1,Most,0,,1,Most,1,Most,Cc1ccc(Nc2nccc(N(C)c3ccc4c(C)n(C)nc4c3)n2)cc1S(N)(=O)=O,cc1ccc(nc2nccc(n(c)c3ccc4c(c)n(c)nc4c3)n2)cc1s(n)(=o)=o,Cc1ccc(Nc2nccc(N(C)c3ccc4c(C)n(C)nc4c3)n2)cc1S(N)(=O)=O,Original,,,,,,,,
PEANUT,0,,1,Most,0,,0,,0,,0,,1,Most,0,,Not found,not found,Oc1cc(O)c2c(c1)O[C@H](c1ccc(O)c(O)c1)[C@H](O)[C@H]2c1c(O)cc2c(c1O)[C@@H]1c3c(cc(O)c4c3O[C@H](c3ccc(O)c(O)c3)[C@@H](O)C4)O[C@](c3ccc(O)c(O)c3)(O2)[C@@H]1O,ChEMBL,PEANUT,PEANUT,Oc1cc(O)c2c(c1)O[C@H](c1ccc(O)c(O)c1)[C@H](O)[C@H]2c1c(O)cc2c(c1O)[C@@H]1c3c(cc(O)c4c3O[C@H](c3ccc(O)c(O)c3)[C@@H](O)C4)O[C@](c3ccc(O)c(O)c3)(O2)[C@@H]1O,ChEMBL,found_chembl | variants_tried=1,,,
PEGASPARGASE,0,,1,Most,1,Most,0,,1,Most,0,,0,,0,,Not found,not found,,NotFound,PEGASPARGASE,PEGASPARGASE,,,not_found | variants_tried=1,,,
PEGFILGRASTIM,0,,1,Most,1,Most,0,,0,,0,,1,Most,1,Most,COCCOC(=O)NCC(=O)NC1C(O)CC(OCC2OC(OC(C)C(N)C(=O)O)C(NC(C)=O)C(O)C2O)(C(=O)O)OC1C(O)C(O)CO,coccoc(=o)ncc(=o)nc1c(o)cc(occ2oc(oc(c)c(n)c(=o)o)c(nc(c)=o)c(o)c2o)(c(=o)o)oc1c(o)c(o)co,COCCOC(=O)NCC(=O)NC1C(O)CC(OCC2OC(OC(C)C(N)C(=O)O)C(NC(C)=O)C(O)C2O)(C(=O)O)OC1C(O)C(O)CO,Original,,,,,,,,
PEGFILGRASTIM-APGF,0,,1,Most,1,Most,0,,0,,0,,1,Most,1,Most,Not found,not found,,NotFound,PEGFILGRASTIM-APGF,PEGFILGRASTIM-APGF,,,not_found | variants_tried=3,,None,"no_hit | variants=['PEGFILGRASTIM APGF', 'PEGFILGRASTIM']"
PEGFILGRASTIM-BMEZ,0,,1,Most,1,Most,0,,0,,0,,1,Most,1,Most,Not found,not found,,NotFound,PEGFILGRASTIM-BMEZ,PEGFILGRASTIM-BMEZ,,,not_found | variants_tried=3,,None,"no_hit | variants=['PEGFILGRASTIM BMEZ', 'PEGFILGRASTIM']"
PEGFILGRASTIM-CBQV,0,,1,,1,Most,0,,0,,0,,1,Most,1,Most,Not found,not found,,NotFound,PEGFILGRASTIM-CBQV,PEGFILGRASTIM-CBQV,,,not_found | variants_tried=3,,None,"no_hit | variants=['PEGFILGRASTIM CBQV', 'PEGFILGRASTIM']"
PEGFILGRASTIM-JMDB,0,,1,Most,1,Most,0,,0,,0,,1,Most,1,Most,Not found,not found,,NotFound,PEGFILGRASTIM-JMDB,PEGFILGRASTIM-JMDB,,,not_found | variants_tried=3,,None,"no_hit | variants=['PEGFILGRASTIM JMDB', 'PEGFILGRASTIM']"
PEGFLILGRASTIM-FPGK,0,,1,Most,1,Most,0,,0,,0,,1,Most,1,Most,Not found,not found,,NotFound,PEGFLILGRASTIM-FPGK,PEGFLILGRASTIM-FPGK,,,not_found | variants_tried=3,,None,"no_hit | variants=['PEGFLILGRASTIM FPGK', 'PEGFLILGRASTIM']"
PEGINTERFERON ALFA-2A,1,Most,1,Most,1,Most,1,Most,1,Most,1,,1,Most,1,Most,Not found,not found,,NotFound,PEGINTERFERON ALFA-2A,PEGINTERFERON ALFA-2A,,,not_found | variants_tried=4,,None,"no_hit | variants=['PEGINTERFERON ALFA A', 'PEGINTERFERON A', 'PEGINTERFERON', 'PEGINTERFERON ALFA']"
PEGINTERFERON BETA-1A,1,,1,Most,1,Most,1,,1,Most,0,,1,Most,1,,Not found,not found,C[C@@H]1C[C@@H]2OC(=O)[C@@H](C)[C@H]2C[C@]2(C)[C@@H](O[C@@H]3O[C@H](CO)[C@@H](O)[C@H](O)[C@H]3O)CC[C@@H]12,ChEMBL,PEGINTERFERON BETA-1A,PEGINTERFERON BETA-1A,C[C@@H]1C[C@@H]2OC(=O)[C@@H](C)[C@H]2C[C@]2(C)[C@@H](O[C@@H]3O[C@H](CO)[C@@H](O)[C@H](O)[C@H]3O)CC[C@@H]12,ChEMBL,found_chembl | variants_tried=4,,,
PEGLOTICASE,1,Most,1,Most,1,Most,0,,0,,0,,0,,0,,Not found,not found,,NotFound,PEGLOTICASE,PEGLOTICASE,,,not_found | variants_tried=1,,,
PEGULICIANINE,0,,1,Most,0,,0,,0,,0,,0,,0,,CCCCNC(=O)CCCCCN1C(=O)CC(SCC(NC(=O)COCCOCCNC(=O)C(CCCCNC(=O)CCCCC[N+]2=C(C=CC=CC=C3C(CC)c4ccc(S(=O)(=O)[O-])cc4C3(C)C)C(C)(C)c3cc(S(=O)(=O)[O-])ccc32)NC(=O)C(CCCNC(=N)N)NC(=O)CNC(=O)CNC(=O)CCCCCNC(=O)C2CCC(S(=O)(=O)c3ccccc3-c3c4ccc(N5CCc6ccccc65)cc4[o+]c4cc(N5CCc6ccccc65)ccc34)CC2)C(N)=O)C1=O,ccccnc(=o)cccccn1c(=o)cc(scc(nc(=o)coccoccnc(=o)c(ccccnc(=o)ccccc[n+]2=c(c=cc=cc=c3c(cc)c4ccc(s(=o)(=o)[o-])cc4c3(c)c)c(c)(c)c3cc(s(=o)(=o)[o-])ccc32)nc(=o)c(cccnc(=n)n)nc(=o)cnc(=o)cnc(=o)cccccnc(=o)c2ccc(s(=o)(=o)c3ccccc3-c3c4ccc(n5ccc6ccccc65)cc4[o+]c4cc(n5ccc6ccccc65)ccc34)cc2)c(n)=o)c1=o,CCCCNC(=O)CCCCCN1C(=O)CC(SCC(NC(=O)COCCOCCNC(=O)C(CCCCNC(=O)CCCCC[N+]2=C(C=CC=CC=C3C(CC)c4ccc(S(=O)(=O)[O-])cc4C3(C)C)C(C)(C)c3cc(S(=O)(=O)[O-])ccc32)NC(=O)C(CCCNC(=N)N)NC(=O)CNC(=O)CNC(=O)CCCCCNC(=O)C2CCC(S(=O)(=O)c3ccccc3-c3c4ccc(N5CCc6ccccc65)cc4[o+]c4cc(N5CCc6ccccc65)ccc34)CC2)C(N)=O)C1=O,Original,,,,,,,,
PEGUNIGALSIDASE ALFA,1,,1,Most,0,,0,,0,,0,,0,,1,Most,NC(CCCCNC(=O)CCC(=O)NCCOCCNC(=O)CCC(=O)NCCCCC(N)C(=O)O)C(=O)O,nc(ccccnc(=o)ccc(=o)nccoccnc(=o)ccc(=o)nccccc(n)c(=o)o)c(=o)o,NC(CCCCNC(=O)CCC(=O)NCCOCCNC(=O)CCC(=O)NCCCCC(N)C(=O)O)C(=O)O,Original,,,,,,,,
PEGVALIASE-PQPZ,0,,1,Most,1,Most,1,Most,0,,0,,0,,0,,COCCOCCCCCC(=O)NCCCCC(N)C(=O)O,coccocccccc(=o)nccccc(n)c(=o)o,COCCOCCCCCC(=O)NCCCCC(N)C(=O)O,Original,,,,,,,,
PEGVISOMANT,0,,1,Most,0,,0,,1,Most,0,,0,,0,,Not found,not found,,NotFound,PEGVISOMANT,PEGVISOMANT,,,not_found | variants_tried=1,,None,no_hit | variants=['PEGVISOMANT']
PEMBROLIZUMAB,1,Most,1,Most,1,Most,0,,1,Most,0,,1,Most,1,Most,Not found,not found,,NotFound,PEMBROLIZUMAB,PEMBROLIZUMAB,,,not_found | variants_tried=1,,,
PENICILLIN G,0,,1,Most,1,Most,0,,0,,0,,0,,1,Most,CC1(C)S[C@@H]2[C@H](NC(=O)Cc3ccccc3)C(=O)N2[C@H]1C(=O)O,cc1(c)s[c@@h]2[c@h](nc(=o)cc3ccccc3)c(=o)n2[c@h]1c(=o)o,CC1(C)S[C@@H]2[C@H](NC(=O)Cc3ccccc3)C(=O)N2[C@H]1C(=O)O,Original,,,,,,,,
PENICILLIN V POTASIUM,0,,1,Most,1,,0,,0,,0,,0,,0,,CC1(C)SC2C(NC(=O)COc3ccccc3)C(=O)N2C1C(=O)O,cc1(c)sc2c(nc(=o)coc3ccccc3)c(=o)n2c1c(=o)o,CC1(C)SC2C(NC(=O)COc3ccccc3)C(=O)N2C1C(=O)O,Original,,,,,,,,
PERFLUOROHEXYLOCTANE,0,,0,,0,,0,,0,,0,,0,,0,,CCCCCCCCC(F)(F)C(F)(F)C(F)(F)C(F)(F)C(F)(F)C(F)(F)F,ccccccccc(f)(f)c(f)(f)c(f)(f)c(f)(f)c(f)(f)c(f)(f)f,CCCCCCCCC(F)(F)C(F)(F)C(F)(F)C(F)(F)C(F)(F)C(F)(F)F,Original,,,,,,,,
PERTUZUMAB,1,Most,1,Most,1,Most,0,,0,,0,,0,,0,,Not found,not found,Cc1ccc(OCC(O)C(C)NC(C)C)c2c1CCC2,ChEMBL,PERTUZUMAB,PERTUZUMAB,Cc1ccc(OCC(O)C(C)NC(C)C)c2c1CCC2,ChEMBL,found_chembl | variants_tried=1,,,
PEXIDARTINIB HYDROCHLORIDE,0,,1,Most,1,Most,1,Most,1,Most,0,,0,,0,,FC(F)(F)c1ccc(CNc2ccc(Cc3c[nH]c4ncc(Cl)cc34)cn2)cn1,fc(f)(f)c1ccc(cnc2ccc(cc3c[nh]c4ncc(cl)cc34)cn2)cn1,FC(F)(F)c1ccc(CNc2ccc(Cc3c[nH]c4ncc(Cl)cc34)cn2)cn1,Original,,,,,,,,
PHENDIMETRAZINE,1,Most,1,,0,,0,,0,,0,,1,Most,0,,C[C@H]1[C@H](c2ccccc2)OCCN1C,c[c@h]1[c@h](c2ccccc2)occn1c,C[C@H]1[C@H](c2ccccc2)OCCN1C,Original,,,,,,,,
PHENOBARBITAL SODIUM,1,Most,1,Most,1,Most,1,Most,1,,0,,1,Most,1,,CCC1(c2ccccc2)C(=O)N=C(O)NC1=O,ccc1(c2ccccc2)c(=o)n=c(o)nc1=o,CCC1(c2ccccc2)C(=O)N=C(O)NC1=O,Original,,,,,,,,
PHENTERMINE HCL,1,Most,1,Most,0,,0,,0,,0,,1,Most,1,Most,CC(C)(N)Cc1ccccc1,cc(c)(n)cc1ccccc1,CC(C)(N)Cc1ccccc1,Original,,,,,,,,
PHENTERMINE HCL C-IV,1,Most,1,,0,,0,,0,,0,,1,Most,0,,CC(C)(N)Cc1ccccc1,cc(c)(n)cc1ccccc1,CC(C)(N)Cc1ccccc1,Original,,,,,,,,
PHENTERMINE HCL C-IV; PHENTERMINE HYDROCHLORIDE,1,Most,1,,0,,0,,0,,0,,1,Most,1,Most,Not found,not found,CC(C)(N)Cc1ccccc1.Cl,ChEMBL,PHENTERMINE HCL C-IV; PHENTERMINE HYDROCHLORIDE,PHENTERMINE HCL C-IV; PHENTERMINE HYDROCHLORIDE,CC(C)(N)Cc1ccccc1.Cl,ChEMBL,found_chembl | variants_tried=4,,,
PHENYLEPHRINE HCI,1,Most,1,Most,0,,0,,0,,0,,1,Most,1,Most,CNCC(O)c1cccc(O)c1,cncc(o)c1cccc(o)c1,CNCC(O)c1cccc(O)c1,Original,,,,,,,,
PHENYLEPHRINE HYDROCHLORIDE,1,Most,1,Most,0,,0,,0,,0,,1,Most,1,Most,CNC[C@H](O)c1cccc(O)c1,cnc[c@h](o)c1cccc(o)c1,CNC[C@H](O)c1cccc(O)c1,Original,,,,,,,,
PHENYTOIN SODIUM,1,Most,1,Most,1,Most,0,,1,Most,0,,0,,1,,O=C1N=C(O)NC1(c1ccccc1)c1ccccc1,o=c1n=c(o)nc1(c1ccccc1)c1ccccc1,O=C1N=C(O)NC1(c1ccccc1)c1ccccc1,Original,,,,,,,,
PILOCARPINE HYDRCHLORIDE,1,Most,1,Most,1,,1,Most,1,Most,0,,1,Most,0,,CCC1C(=O)OCC1Cc1cncn1C,ccc1c(=o)occ1cc1cncn1c,CCC1C(=O)OCC1Cc1cncn1C,Original,,,,,,,,
PILOCARPINE HYDROCHLORIDE,0,,0,,0,,1,Most,0,,0,,0,,0,,CC[C@@H]1C(=O)OC[C@@H]1Cc1cncn1C,cc[c@@h]1c(=o)oc[c@@h]1cc1cncn1c,CC[C@@H]1C(=O)OC[C@@H]1Cc1cncn1C,Original,,,,,,,,
PILOCARPINE HYDROCHLORIDE OPHTHALMIC SOLUTION,0,,0,,0,,0,,0,,0,,0,,0,,CCC1C(=O)OCC1Cc1cncn1C,ccc1c(=o)occ1cc1cncn1c,CCC1C(=O)OCC1Cc1cncn1C,Original,,,,,,,,
PIOGLITAZONE HYDROCHLORIDE,1,Most,0,,1,,1,,0,,0,,0,,0,,CCc1ccc(CCOc2ccc(CC3SC(=O)NC3=O)cc2)nc1,ccc1ccc(ccoc2ccc(cc3sc(=o)nc3=o)cc2)nc1,CCc1ccc(CCOc2ccc(CC3SC(=O)NC3=O)cc2)nc1,Original,,,,,,,,
PIOGLITAZONEHYDROCHLORIDE,1,Most,0,,1,,0,,1,Most,0,,0,,0,,CCc1ccc(CCOc2ccc(CC3SC(=O)NC3=O)cc2)nc1,ccc1ccc(ccoc2ccc(cc3sc(=o)nc3=o)cc2)nc1,CCc1ccc(CCOc2ccc(CC3SC(=O)NC3=O)cc2)nc1,Original,,,,,,,,
PIRTOBRUTINIB,1,Most,1,Most,1,Most,0,,0,,0,,1,Most,0,,COc1ccc(F)cc1C(=O)NCc1ccc(-c2nn([C@@H](C)C(F)(F)F)c(N)c2C(N)=O)cc1,coc1ccc(f)cc1c(=o)ncc1ccc(-c2nn([c@@h](c)c(f)(f)f)c(n)c2c(n)=o)cc1,COc1ccc(F)cc1C(=O)NCc1ccc(-c2nn([C@@H](C)C(F)(F)F)c(N)c2C(N)=O)cc1,Original,,,,,,,,
PITAVASTATIN,0,,1,Most,0,,1,Most,1,Most,0,,1,,1,Most,O=C(O)C[C@H](O)C[C@H](O)/C=C/c1c(C2CC2)nc2ccccc2c1-c1ccc(F)cc1,o=c(o)c[c@h](o)c[c@h](o)/c=c/c1c(c2cc2)nc2ccccc2c1-c1ccc(f)cc1,O=C(O)C[C@H](O)C[C@H](O)/C=C/c1c(C2CC2)nc2ccccc2c1-c1ccc(F)cc1,Original,,,,,,,,
POLATUZUMAB VEDOTIN,0,,1,,1,Most,1,Most,1,Most,0,,1,Most,0,,Oc1ccc(Cl)cc1C=NN=C(NN=Cc1cc(Cl)ccc1O)NN=Cc1cc(Cl)ccc1O,oc1ccc(cl)cc1c=nn=c(nn=cc1cc(cl)ccc1o)nn=cc1cc(cl)ccc1o,Oc1ccc(Cl)cc1C=NN=C(NN=Cc1cc(Cl)ccc1O)NN=Cc1cc(Cl)ccc1O,Original,,,,,,,,
POLOCAINE (MEPIVACAINE HCL),1,Most,1,Most,1,Most,0,,0,,0,,1,Most,1,Most,Cc1cccc(C)c1NC(=O)C1CCCCN1C,cc1cccc(c)c1nc(=o)c1ccccn1c,Cc1cccc(C)c1NC(=O)C1CCCCN1C,Original,,,,,,,,
POLOCAINE(R) -MPF (MEPIVACAINE HCI),1,Most,1,Most,1,Most,0,,0,,0,,1,Most,0,,Not found,not found,Cc1cccc(C)c1NC(=O)C1CCCCN1C,ChEMBL,,,,,,,,
POLYETHYLENE GLYCOL 3350,0,,1,,0,,0,,0,,0,,0,,0,,Not found,not found,CC(O)CO,ChEMBL,POLYETHYLENE GLYCOL 3350,POLYETHYLENE GLYCOL 3350,,,not_found | variants_tried=3,CC(O)CO,ChEMBL,query='POLYETHYLENE GLYCOL' via chembl | tried=2
POLYMYXIN B SULFATE,0,,1,,0,,0,,0,,0,,0,,1,Most,Not found,not found,CC[C@H](C)CCCCC(=O)N[C@@H](CCN)C(=O)N[C@H](C(=O)N[C@@H](CCN)C(=O)N[C@H]1CCNC(=O)[C@H]([C@@H](C)O)NC(=O)[C@H](CCN)NC(=O)[C@H](CCN)NC(=O)[C@H](CC(C)C)NC(=O)[C@@H](Cc2ccccc2)NC(=O)[C@H](CCN)NC1=O)[C@@H](C)O.O=S(=O)(O)O,ChEMBL,POLYMYXIN B SULFATE,POLYMYXIN B SULFATE,CC[C@H](C)CCCCC(=O)N[C@@H](CCN)C(=O)N[C@H](C(=O)N[C@@H](CCN)C(=O)N[C@H]1CCNC(=O)[C@H]([C@@H](C)O)NC(=O)[C@H](CCN)NC(=O)[C@H](CCN)NC(=O)[C@H](CC(C)C)NC(=O)[C@@H](Cc2ccccc2)NC(=O)[C@H](CCN)NC1=O)[C@@H](C)O.O=S(=O)(O)O,ChEMBL,found_chembl | variants_tried=3,,,
PORACTANT ALFA,1,Most,0,,0,,0,,0,,0,,1,,0,,Not found,not found,,NotFound,PORACTANT ALFA,PORACTANT ALFA,,,not_found | variants_tried=2,,,
POSACONAZOLE DELAYED-RELEASE,1,Most,1,,1,,0,,1,Most,0,,0,,1,,CCC(C(C)O)n1ncn(-c2ccc(N3CCN(c4ccc(OCC5COC(Cn6cncn6)(c6ccc(F)cc6F)C5)cc4)CC3)cc2)c1=O,ccc(c(c)o)n1ncn(-c2ccc(n3ccn(c4ccc(occ5coc(cn6cncn6)(c6ccc(f)cc6f)c5)cc4)cc3)cc2)c1=o,CCC(C(C)O)n1ncn(-c2ccc(N3CCN(c4ccc(OCC5COC(Cn6cncn6)(c6ccc(F)cc6F)C5)cc4)CC3)cc2)c1=O,Original,,,,,,,,
POTASSIUM CHLORIDE E-R,1,Most,1,,0,,0,,0,,0,,0,,1,Most,Not found,not found,[Cl-].[K+],ChEMBL,POTASSIUM CHLORIDE E-R,POTASSIUM CHLORIDE E-R,[Cl-].[K+],ChEMBL,found_chembl | variants_tried=4,,,
POTASSIUM CHLORIDE ER,1,Most,1,,0,,0,,0,,0,,0,,1,Most,[K+],[k+],[K+],Original,,,,,,,,
POTASSIUM CHLORIDE EXTENDED-RELEASE,1,Most,0,,0,,0,,0,,0,,0,,1,Most,[K+],[k+],[K+],Original,,,,,,,,
POTASSIUM CHLORIDE FOR ORAL SOLUTION,1,,0,,0,,0,,0,,0,,0,,1,Most,[K+],[k+],[K+],Original,,,,,,,,
POTASSIUM CHLORIDE; POTASSIUM CHLORIDE ORAL,1,Most,0,,0,,0,,0,,0,,0,,1,Most,Not found,not found,[Cl-].[K+],ChEMBL,,,,,,,,
POTASSIUM-CIT,1,Most,0,,1,,0,,0,,0,,0,,1,Most,O=C(O)CC(O)(CC(=O)O)C(=O)O,o=c(o)cc(o)(cc(=o)o)c(=o)o,O=C(O)CC(O)(CC(=O)O)C(=O)O,Original,,,,,,,,
POVIDONE-IODINE,0,,1,,0,,0,,0,,0,,0,,0,,C=CN1CCCC1=O.II,c=cn1cccc1=o.ii,C=CN1CCCC1=O.II,Original,,,,,,,,
POZELIMAB,0,,1,Most,0,,0,,0,,0,,0,,0,,Not found,not found,,NotFound,POZELIMAB,POZELIMAB,,,not_found | variants_tried=1,,,
PRABOTULINUM TOXIN TYPE A,1,Most,1,Most,1,,0,,0,,0,,1,Most,0,,Not found,not found,CC(=O)O[C@H]1[C@H]2O[C@H]2C2=CC(=O)[C@]3(C[C@]2(C)[C@H]1C)O[C@]3(C)C=O,ChEMBL,PRABOTULINUM TOXIN TYPE A,PRABOTULINUM TOXIN TYPE A,CC(=O)O[C@H]1[C@H]2O[C@H]2C2=CC(=O)[C@]3(C[C@]2(C)[C@H]1C)O[C@]3(C)C=O,ChEMBL,found_chembl | variants_tried=3,,,
PRAMIPEXOLE,1,Most,1,,0,,1,Most,0,,0,,1,,0,,CCCN[C@H]1CCc2nc(N)sc2C1,cccn[c@h]1ccc2nc(n)sc2c1,CCCN[C@H]1CCc2nc(N)sc2C1,Original,,,,,,,,
PRASTERONE,0,,0,,0,,0,,0,,0,,0,,0,,C[C@]12CC[C@H](O)CC1=CC[C@@H]1[C@@H]2CC[C@]2(C)C(=O)CC[C@@H]12,c[c@]12cc[c@h](o)cc1=cc[c@@h]1[c@@h]2cc[c@]2(c)c(=o)cc[c@@h]12,C[C@]12CC[C@H](O)CC1=CC[C@@H]1[C@@H]2CC[C@]2(C)C(=O)CC[C@@H]12,Original,,,,,,,,
PRASUGREL HYDROCHLORIDE,0,,1,Most,1,Most,0,,0,,0,,0,,0,,CC(=O)Oc1cc2c(s1)CCN(C(C(=O)C1CC1)c1ccccc1F)C2,cc(=o)oc1cc2c(s1)ccn(c(c(=o)c1cc1)c1ccccc1f)c2,CC(=O)Oc1cc2c(s1)CCN(C(C(=O)C1CC1)c1ccccc1F)C2,Original,,,,,,,,
PRAVASTATIN SODIUM; PRAVATATIN,1,,1,Most,1,Most,1,,1,,0,,1,,0,,Not found,not found,CC[C@H](C)C(=O)O[C@H]1C[C@H](O)C=C2C=C[C@H](C)[C@H](CC[C@@H](O)C[C@@H](O)CC(=O)O)[C@H]21,ChEMBL,,,,,,,,
PRAZOSIN,1,Most,1,,0,,0,,0,,0,,0,,0,,COc1cc2nc(N3CCN(C(=O)c4ccco4)CC3)nc(N)c2cc1OC,coc1cc2nc(n3ccn(c(=o)c4ccco4)cc3)nc(n)c2cc1oc,COc1cc2nc(N3CCN(C(=O)c4ccco4)CC3)nc(N)c2cc1OC,Original,,,,,,,,
PRAZOSIN HCL,1,Most,1,,0,,0,,0,,0,,0,,0,,COc1cc2nc(N3CCN(C(=O)c4ccco4)CC3)nc(N)c2cc1OC,coc1cc2nc(n3ccn(c(=o)c4ccco4)cc3)nc(n)c2cc1oc,COc1cc2nc(N3CCN(C(=O)c4ccco4)CC3)nc(N)c2cc1OC,Original,,,,,,,,
PREDNISOLONE ACETATE,0,,1,,0,,0,,0,,0,,0,,0,,CC(=O)OCC(=O)[C@@]1(O)CC[C@H]2[C@@H]3CCC4=CC(=O)C=C[C@]4(C)[C@H]3[C@@H](O)C[C@@]21C,cc(=o)occ(=o)[c@@]1(o)cc[c@h]2[c@@h]3ccc4=cc(=o)c=c[c@]4(c)[c@h]3[c@@h](o)c[c@@]21c,CC(=O)OCC(=O)[C@@]1(O)CC[C@H]2[C@@H]3CCC4=CC(=O)C=C[C@]4(C)[C@H]3[C@@H](O)C[C@@]21C,Original,,,,,,,,
PREDNISOLONE ORAL,0,,1,Most,0,,0,,0,,0,,0,,0,,CC12C=CC(=O)C=C1CCC1C2C(O)CC2(C)C1CCC2(O)C(=O)CO,cc12c=cc(=o)c=c1ccc1c2c(o)cc2(c)c1ccc2(o)c(=o)co,CC12C=CC(=O)C=C1CCC1C2C(O)CC2(C)C1CCC2(O)C(=O)CO,Original,,,,,,,,
PREDNISONE; PREDNISONE INTENSOL,0,,1,Most,1,Most,0,,0,,0,,0,,0,,Not found,not found,CC12C=CC(=O)C=C1CCC1C2C(=O)CC2(C)C1CC[C@]2(O)C(=O)CO,ChEMBL,,,,,,,,
"PREGABALIN CAPSULES, CV",1,,1,Most,1,Most,1,Most,0,,0,,1,Most,0,,CC(C)CC(CN)CC(=O)O,cc(c)cc(cn)cc(=o)o,CC(C)CC(CN)CC(=O)O,Original,,,,,,,,
PREXXARTAN,1,,1,,1,,0,,1,,0,,0,,1,Most,CCCCC(=O)N(Cc1ccc(-c2ccccc2-c2nn[nH]n2)cc1)C(C(=O)O)C(C)C,ccccc(=o)n(cc1ccc(-c2ccccc2-c2nn[nh]n2)cc1)c(c(=o)o)c(c)c,CCCCC(=O)N(Cc1ccc(-c2ccccc2-c2nn[nH]n2)cc1)C(C(=O)O)C(C)C,Original,,,,,,,,
PROCAINAMIDE HCI,1,Most,1,Most,1,Most,0,,1,Most,0,,0,,0,,CCN(CC)CCNC(=O)c1ccc(N)cc1,ccn(cc)ccnc(=o)c1ccc(n)cc1,CCN(CC)CCNC(=O)c1ccc(N)cc1,Original,,,,,,,,
PROMETHAZINE,1,Most,1,Most,1,Most,0,,1,,0,,1,Most,0,,CC(CN1c2ccccc2Sc2ccccc21)N(C)C,cc(cn1c2ccccc2sc2ccccc21)n(c)c,CC(CN1c2ccccc2Sc2ccccc21)N(C)C,Original,,,,,,,,
PROMETHAZINE HCI,1,Most,1,Most,1,Most,0,,1,,0,,1,Most,0,,CC(CN1c2ccccc2Sc2ccccc21)N(C)C,cc(cn1c2ccccc2sc2ccccc21)n(c)c,CC(CN1c2ccccc2Sc2ccccc21)N(C)C,Original,,,,,,,,
PROMETHAZINE HCL,1,Most,1,Most,1,Most,0,,1,,0,,1,Most,0,,CC(CN1c2ccccc2Sc2ccccc21)N(C)C,cc(cn1c2ccccc2sc2ccccc21)n(c)c,CC(CN1c2ccccc2Sc2ccccc21)N(C)C,Original,,,,,,,,
PROMETHAZINE HYDROCHLORIDE TABLET,1,Most,1,Most,1,Most,0,,1,,0,,1,Most,0,,CC(CN1c2ccccc2Sc2ccccc21)N(C)C,cc(cn1c2ccccc2sc2ccccc21)n(c)c,CC(CN1c2ccccc2Sc2ccccc21)N(C)C,Original,,,,,,,,
PROPAFENONE,1,Most,1,Most,1,Most,1,,1,,0,,1,Most,1,,CCCNCC(O)COc1ccccc1C(=O)CCc1ccccc1,cccncc(o)coc1ccccc1c(=o)ccc1ccccc1,CCCNCC(O)COc1ccccc1C(=O)CCc1ccccc1,Original,,,,,,,,
PROPARACAINE HYDROCHLORIDE,0,,1,Most,0,,0,,0,,0,,0,,0,,CCCOc1ccc(C(=O)OCCN(CC)CC)cc1N,cccoc1ccc(c(=o)occn(cc)cc)cc1n,CCCOc1ccc(C(=O)OCCN(CC)CC)cc1N,Original,,,,,,,,
PROPOFOL INJECTABLE EMULSION,1,Most,1,Most,1,Most,0,,0,,0,,1,Most,0,,CC(C)c1cccc(C(C)C)c1O,cc(c)c1cccc(c(c)c)c1o,CC(C)c1cccc(C(C)C)c1O,Original,,,,,,,,
PROPRANOLOL,1,Most,1,Most,1,Most,0,,1,,0,,1,Most,0,,CC(C)NCC(O)COc1cccc2ccccc12,cc(c)ncc(o)coc1cccc2ccccc12,CC(C)NCC(O)COc1cccc2ccccc12,Original,,,,,,,,
PURIXAN,0,,1,Most,1,Most,1,Most,1,Most,0,,1,,0,,S=c1nc[nH]c2nc[nH]c12,s=c1nc[nh]c2nc[nh]c12,S=c1nc[nH]c2nc[nH]c12,Original,,,,,,,,
PYRAZINAMIDE TABLET,0,,1,,1,,0,,1,Most,0,,0,,1,,NC(=O)c1cnccn1,nc(=o)c1cnccn1,NC(=O)c1cnccn1,Original,,,,,,,,
PYRIDOSTIGMINE BROMIDE ORAL,0,,1,,0,,0,,0,,0,,1,Most,0,,CN(C)C(=O)Oc1ccc[n+](C)c1,cn(c)c(=o)oc1ccc[n+](c)c1,CN(C)C(=O)Oc1ccc[n+](C)c1,Original,,,,,,,,
PYRIDOXINE HYDROCHLORIDE,0,,0,,0,,0,,0,,0,,0,,1,Most,Cc1ncc(CO)c(CO)c1O,cc1ncc(co)c(co)c1o,Cc1ncc(CO)c(CO)c1O,Original,,,,,,,,
QUETIAPINE,1,Most,1,Most,1,Most,1,Most,1,Most,0,,0,,0,,OCCOCCN1CCN(C2=Nc3ccccc3Sc3ccccc32)CC1,occoccn1ccn(c2=nc3ccccc3sc3ccccc32)cc1,OCCOCCN1CCN(C2=Nc3ccccc3Sc3ccccc32)CC1,Original,,,,,,,,
QUETIAPINE EXTENDED-RELEASE,1,Most,1,Most,1,Most,1,Most,1,Most,0,,0,,0,,O=C(O)C=CC(=O)O.OCCOCCN1CCN(C2=Nc3ccccc3Sc3ccccc32)CC1.OCCOCCN1CCN(C2=Nc3ccccc3Sc3ccccc32)CC1,o=c(o)c=cc(=o)o.occoccn1ccn(c2=nc3ccccc3sc3ccccc32)cc1.occoccn1ccn(c2=nc3ccccc3sc3ccccc32)cc1,O=C(O)C=CC(=O)O.OCCOCCN1CCN(C2=Nc3ccccc3Sc3ccccc32)CC1.OCCOCCN1CCN(C2=Nc3ccccc3Sc3ccccc32)CC1,Original,,,,,,,,
QUETIAPINE FUMARATE ER,1,Most,1,Most,1,Most,1,Most,1,Most,0,,0,,0,,O=C(O)C=CC(=O)O.OCCOCCN1CCN(C2=Nc3ccccc3Sc3ccccc32)CC1.OCCOCCN1CCN(C2=Nc3ccccc3Sc3ccccc32)CC1,o=c(o)c=cc(=o)o.occoccn1ccn(c2=nc3ccccc3sc3ccccc32)cc1.occoccn1ccn(c2=nc3ccccc3sc3ccccc32)cc1,O=C(O)C=CC(=O)O.OCCOCCN1CCN(C2=Nc3ccccc3Sc3ccccc32)CC1.OCCOCCN1CCN(C2=Nc3ccccc3Sc3ccccc32)CC1,Original,,,,,,,,
QUINAPRIL HYDROCHLORIDE,1,,1,Most,1,Most,0,,1,Most,0,,1,,1,Most,CCOC(=O)[C@H](CCc1ccccc1)N[C@@H](C)C(=O)N1Cc2ccccc2C[C@H]1C(=O)O,ccoc(=o)[c@h](ccc1ccccc1)n[c@@h](c)c(=o)n1cc2ccccc2c[c@h]1c(=o)o,CCOC(=O)[C@H](CCc1ccccc1)N[C@@H](C)C(=O)N1Cc2ccccc2C[C@H]1C(=O)O,Original,,,,,,,,
QUINAPRIL; QUINAPRIL HYDROCHLORIDE,1,,1,Most,1,Most,0,,1,Most,0,,1,Most,1,Most,Not found,not found,CCCC[PH](CCCC)(CCCC)Cc1ccc(NC(=O)C2Cc3ccccc3CN2C(=O)[C@H](CCc2ccccc2)N/C(=N/C2CCCCC2)NC2CCCCC2)cc1.Cl.Cl,ChEMBL,,,,,,,,
QUINIDINE GLUONATE,1,Most,1,Most,1,Most,0,,1,Most,1,Most,1,,0,,C=CC1CN2CCC1CC2C(O)c1ccnc2ccc(OC)cc12.O=C(O)C(O)C(O)C(O)C(O)CO,c=cc1cn2ccc1cc2c(o)c1ccnc2ccc(oc)cc12.o=c(o)c(o)c(o)c(o)c(o)co,C=CC1CN2CCC1CC2C(O)c1ccnc2ccc(OC)cc12.O=C(O)C(O)C(O)C(O)C(O)CO,Original,,,,,,,,
QUINIDINE SULFATE,1,Most,1,Most,1,Most,0,,1,,1,Most,1,Most,0,,C=C[C@H]1CN2CC[C@H]1C[C@@H]2[C@@H](O)c1ccnc2ccc(OC)cc12.C=C[C@H]1CN2CC[C@H]1C[C@@H]2[C@@H](O)c1ccnc2ccc(OC)cc12,c=c[c@h]1cn2cc[c@h]1c[c@@h]2[c@@h](o)c1ccnc2ccc(oc)cc12.c=c[c@h]1cn2cc[c@h]1c[c@@h]2[c@@h](o)c1ccnc2ccc(oc)cc12,C=C[C@H]1CN2CC[C@H]1C[C@@H]2[C@@H](O)c1ccnc2ccc(OC)cc12.C=C[C@H]1CN2CC[C@H]1C[C@@H]2[C@@H](O)c1ccnc2ccc(OC)cc12,Original,,,,,,,,
QUININE,1,Most,1,Most,1,Most,1,Most,1,Most,1,Most,1,Most,1,Most,C=C[C@H]1CN2CC[C@H]1C[C@H]2[C@H](O)c1ccnc2ccc(OC)cc12,c=c[c@h]1cn2cc[c@h]1c[c@h]2[c@h](o)c1ccnc2ccc(oc)cc12,C=C[C@H]1CN2CC[C@H]1C[C@H]2[C@H](O)c1ccnc2ccc(OC)cc12,Original,,,,,,,,
QUIZARTINIB,1,Most,1,,1,Most,1,Most,1,,0,,0,,0,,CC(C)(C)c1cc(NC(=O)Nc2ccc(-c3cn4c(n3)sc3cc(OCCN5CCOCC5)ccc34)cc2)no1,cc(c)(c)c1cc(nc(=o)nc2ccc(-c3cn4c(n3)sc3cc(occn5ccocc5)ccc34)cc2)no1,CC(C)(C)c1cc(NC(=O)Nc2ccc(-c3cn4c(n3)sc3cc(OCCN5CCOCC5)ccc34)cc2)no1,Original,,,,,,,,
RABEPRAZOLE,0,,1,Most,1,Most,0,,1,,0,,1,,1,Most,COCCCOc1ccnc(C[S+]([O-])c2nc3ccccc3[nH]2)c1C,cocccoc1ccnc(c[s+]([o-])c2nc3ccccc3[nh]2)c1c,COCCCOc1ccnc(C[S+]([O-])c2nc3ccccc3[nH]2)c1C,Original,,,,,,,,
RABERPRAZOLE SODIUM D/R,1,Most,1,Most,1,Most,0,,1,,0,,1,,1,Most,COCCCOc1ccnc(C[S+]([O-])c2nc3ccccc3[nH]2)c1C,cocccoc1ccnc(c[s+]([o-])c2nc3ccccc3[nh]2)c1c,COCCCOc1ccnc(C[S+]([O-])c2nc3ccccc3[nH]2)c1C,Original,,,,,,,,
RALOXIFENE,1,Most,1,Most,1,Most,1,Most,0,,0,,1,Most,0,,O=C(c1ccc(OCCN2CCCCC2)cc1)c1c(-c2ccc(O)cc2)sc2cc(O)ccc12,o=c(c1ccc(occn2ccccc2)cc1)c1c(-c2ccc(o)cc2)sc2cc(o)ccc12,O=C(c1ccc(OCCN2CCCCC2)cc1)c1c(-c2ccc(O)cc2)sc2cc(O)ccc12,Original,,,,,,,,
RALTEGRAVIR,0,,1,Most,1,,0,,1,Most,0,,0,,1,,Cc1nnc(C(=O)NC(C)(C)c2nc(C(=O)NCc3ccc(F)cc3)c(O)c(=O)n2C)o1,cc1nnc(c(=o)nc(c)(c)c2nc(c(=o)ncc3ccc(f)cc3)c(o)c(=o)n2c)o1,Cc1nnc(C(=O)NC(C)(C)c2nc(C(=O)NCc3ccc(F)cc3)c(O)c(=O)n2C)o1,Original,,,,,,,,
RAMUCIRUMAB,1,Most,1,Most,1,Most,1,Most,1,Most,0,,1,Most,1,Most,Not found,not found,,NotFound,RAMUCIRUMAB,RAMUCIRUMAB,,,not_found | variants_tried=1,,,
RANIBIZUMAB,1,Most,0,,1,,0,,0,,0,,0,,0,,Not found,not found,,NotFound,RANIBIZUMAB,RANIBIZUMAB,,,not_found | variants_tried=1,,,
RANIBIZUMAB-EQRN,1,Most,0,,1,,0,,0,,0,,0,,0,,Not found,not found,,NotFound,RANIBIZUMAB-EQRN,RANIBIZUMAB-EQRN,,,not_found | variants_tried=3,,None,"no_hit | variants=['RANIBIZUMAB EQRN', 'RANIBIZUMAB']"
RANIBIZUMAB-NUNA,1,Most,0,,1,,0,Most,0,,0,,0,,0,,Not found,not found,,NotFound,RANIBIZUMAB-NUNA,RANIBIZUMAB-NUNA,,,not_found | variants_tried=3,,None,"no_hit | variants=['RANIBIZUMAB NUNA', 'RANIBIZUMAB']"
RANITIDINE HYDROCHLORIDE,1,,1,,1,Most,0,,1,Most,0,,0,,1,Most,CNC(=C[N+](=O)[O-])NCCSCc1ccc(CN(C)C)o1,cnc(=c[n+](=o)[o-])nccscc1ccc(cn(c)c)o1,CNC(=C[N+](=O)[O-])NCCSCc1ccc(CN(C)C)o1,Original,,,,,,,,
RASAGILINE MESYLATE,1,Most,1,,0,,0,,1,,0,,0,,0,,C#CCN[C@@H]1CCc2ccccc21,c#ccn[c@@h]1ccc2ccccc21,C#CCN[C@@H]1CCc2ccccc21,Original,,,,,,,,
RASBURICASE,1,,1,Most,1,Most,0,,1,,0,,1,Most,0,,Not found,not found,,NotFound,RASBURICASE,RASBURICASE,,,not_found | variants_tried=1,,,
RAXIBACUMAB,0,,1,Most,1,,0,,0,,0,,0,,0,,Not found,not found,,NotFound,RAXIBACUMAB,RAXIBACUMAB,,,not_found | variants_tried=1,,,
REGADENOSON,1,Most,1,,0,,0,,0,,0,,1,Most,0,,CNC(=O)c1cnn(-c2nc(N)c3ncn([C@@H]4O[C@H](CO)[C@@H](O)[C@H]4O)c3n2)c1,cnc(=o)c1cnn(-c2nc(n)c3ncn([c@@h]4o[c@h](co)[c@@h](o)[c@h]4o)c3n2)c1,CNC(=O)c1cnn(-c2nc(N)c3ncn([C@@H]4O[C@H](CO)[C@@H](O)[C@H]4O)c3n2)c1,Original,,,,,,,,
REMDESIVIR,1,,1,,1,Most,1,,1,Most,0,,0,,1,,CCC(CC)COC(=O)[C@H](C)N[P@](=O)(OC[C@H]1O[C@@](C#N)(c2ccc3c(N)ncnn23)[C@H](O)[C@@H]1O)Oc1ccccc1,ccc(cc)coc(=o)[c@h](c)n[p@](=o)(oc[c@h]1o[c@@](c#n)(c2ccc3c(n)ncnn23)[c@h](o)[c@@h]1o)oc1ccccc1,CCC(CC)COC(=O)[C@H](C)N[P@](=O)(OC[C@H]1O[C@@](C#N)(c2ccc3c(N)ncnn23)[C@H](O)[C@@H]1O)Oc1ccccc1,Original,,,,,,,,
RENAGEL,0,,1,,0,,0,,0,,0,,0,,0,,Not found,not found,[H+].[Cl-].NCC=C.ClCC1CO1,NCI/Cactus,,,,,,,,
REPOTRECTINIB,0,,0,,1,Most,0,,1,Most,0,,1,Most,0,,C[C@H]1CNC(=O)c2cnn3ccc(nc23)N[C@H](C)c2cc(F)ccc2O1,c[c@h]1cnc(=o)c2cnn3ccc(nc23)n[c@h](c)c2cc(f)ccc2o1,C[C@H]1CNC(=O)c2cnn3ccc(nc23)N[C@H](C)c2cc(F)ccc2O1,Original,,,,,,,,
RESLIZUMAB,0,,1,Most,1,Most,0,,0,,0,,0,,0,,Not found,not found,,NotFound,RESLIZUMAB,RESLIZUMAB,,,not_found | variants_tried=1,,,
RESMETIROM,0,,1,Most,0,,0,,1,Most,0,,0,,0,,CC(C)c1cc(Oc2c(Cl)cc(-n3nc(C#N)c(=O)[nH]c3=O)cc2Cl)n[nH]c1=O,cc(c)c1cc(oc2c(cl)cc(-n3nc(c#n)c(=o)[nh]c3=o)cc2cl)n[nh]c1=o,CC(C)c1cc(Oc2c(Cl)cc(-n3nc(C#N)c(=O)[nH]c3=O)cc2Cl)n[nH]c1=O,Original,,,,,,,,
RETEPLASE,0,,1,,1,Most,0,,0,,0,,0,,0,,Not found,not found,,NotFound,RETEPLASE,RETEPLASE,,,not_found | variants_tried=1,,,
RETIFANLIMAB-DLWR,1,Most,1,Most,1,Most,0,,1,Most,0,,1,Most,1,Most,Not found,not found,,NotFound,RETIFANLIMAB-DLWR,RETIFANLIMAB-DLWR,,,not_found | variants_tried=3,,None,"no_hit | variants=['RETIFANLIMAB DLWR', 'RETIFANLIMAB']"
REYATAZ,1,,1,Most,1,Most,0,,1,Most,0,,0,,1,Most,COC(=O)NC(C(=O)NC(Cc1ccccc1)C(O)CN(Cc1ccc(-c2ccccn2)cc1)NC(=O)C(NC(=O)OC)C(C)(C)C)C(C)(C)C,coc(=o)nc(c(=o)nc(cc1ccccc1)c(o)cn(cc1ccc(-c2ccccn2)cc1)nc(=o)c(nc(=o)oc)c(c)(c)c)c(c)(c)c,COC(=O)NC(C(=O)NC(Cc1ccccc1)C(O)CN(Cc1ccc(-c2ccccn2)cc1)NC(=O)C(NC(=O)OC)C(C)(C)C)C(C)(C)C,Original,,,,,,,,
REZAFUNGIN,0,,1,,1,,1,Most,1,,0,,0,,0,,CCCCCOc1ccc(-c2ccc(-c3ccc(C(=O)N[C@H]4C[C@@H](O)[C@@H](OCC[N+](C)(C)C)NC(=O)[C@@H]5[C@@H](O)[C@@H](C)CN5C(=O)[C@H]([C@@H](C)O)NC(=O)[C@H]([C@H](O)[C@@H](O)c5ccc(O)cc5)NC(=O)[C@@H]5C[C@@H](O)CN5C(=O)[C@H]([C@@H](C)O)NC4=O)cc3)cc2)cc1,cccccoc1ccc(-c2ccc(-c3ccc(c(=o)n[c@h]4c[c@@h](o)[c@@h](occ[n+](c)(c)c)nc(=o)[c@@h]5[c@@h](o)[c@@h](c)cn5c(=o)[c@h]([c@@h](c)o)nc(=o)[c@h]([c@h](o)[c@@h](o)c5ccc(o)cc5)nc(=o)[c@@h]5c[c@@h](o)cn5c(=o)[c@h]([c@@h](c)o)nc4=o)cc3)cc2)cc1,CCCCCOc1ccc(-c2ccc(-c3ccc(C(=O)N[C@H]4C[C@@H](O)[C@@H](OCC[N+](C)(C)C)NC(=O)[C@@H]5[C@@H](O)[C@@H](C)CN5C(=O)[C@H]([C@@H](C)O)NC(=O)[C@H]([C@H](O)[C@@H](O)c5ccc(O)cc5)NC(=O)[C@@H]5C[C@@H](O)CN5C(=O)[C@H]([C@@H](C)O)NC4=O)cc3)cc2)cc1,Original,,,,,,,,
RHO (D) IMMUNE GLOBULIN,0,,1,Most,1,Most,0,,0,,0,,1,Most,1,Most,Not found,not found,C=CC/C=C\C/C=C\CCCCCCCC1=C(O)C(=O)C=C(OCC)C1=O,ChEMBL,RHO,RHO (D) IMMUNE GLOBULIN,C=CC/C=C\C/C=C\CCCCCCCC1=C(O)C(=O)C=C(OCC)C1=O,ChEMBL,found_chembl | variants_tried=4,,,
RIBOFLAVIN 5-PHOSPHATE IN 20% DEXTRAN OPHTHALMIC; RIBOFLAVIN 5-PHOSPHATE OPHTHALMIC,0,,0,,0,,0,,0,,0,,0,,0,,Not found,not found,Cc1cc2nc3c(=O)[nH]c(=O)nc-3n(C[C@H](O)[C@H](O)[C@H](O)COP(=O)([O-])O)c2cc1C.O.O.[Na+],ChEMBL,RIBOFLAVIN 5-PHOSPHATE IN 20% DEXTRAN OPHTHALMIC; RIBOFLAVIN 5-PHOSPHATE OPHTHALMIC,RIBOFLAVIN 5-PHOSPHATE IN 20% DEXTRAN OPHTHALMIC; RIBOFLAVIN 5-PHOSPHATE OPHTHALMIC,Cc1cc2nc3c(=O)[nH]c(=O)nc-3n(C[C@H](O)[C@H](O)[C@H](O)COP(=O)([O-])O)c2cc1C.O.O.[Na+],ChEMBL,found_chembl | variants_tried=4,,,
RILONACEPT,0,,1,Most,1,,0,,0,,0,,0,,0,,Not found,not found,,NotFound,RILONACEPT,RILONACEPT,,,not_found | variants_tried=1,,,
RIMABOTULINUMTOXINB,0,,1,Most,0,,1,,0,,0,,1,Most,0,,Not found,not found,,NotFound,RIMABOTULINUMTOXINB,RIMABOTULINUMTOXINB,,,not_found | variants_tried=1,,None,no_hit | variants=['RIMABOTULINUMTOXINB']
RISEDRONATE SODIUM HEMI-PENTAHYDRATE,0,,1,Most,0,,1,Most,0,,0,,1,,0,,O=P(O)(O)C(O)(Cc1cccnc1)P(=O)(O)O.O=P(O)(O)C(O)(Cc1cccnc1)P(=O)(O)O,o=p(o)(o)c(o)(cc1cccnc1)p(=o)(o)o.o=p(o)(o)c(o)(cc1cccnc1)p(=o)(o)o,O=P(O)(O)C(O)(Cc1cccnc1)P(=O)(O)O.O=P(O)(O)C(O)(Cc1cccnc1)P(=O)(O)O,Original,,,,,,,,
RITLECITINIB,1,,1,Most,1,Most,1,,1,Most,1,,1,Most,0,,C=CC(=O)N1C[C@H](Nc2ncnc3[nH]ccc23)CC[C@@H]1C,c=cc(=o)n1c[c@h](nc2ncnc3[nh]ccc23)cc[c@@h]1c,C=CC(=O)N1C[C@H](Nc2ncnc3[nH]ccc23)CC[C@@H]1C,Original,,,,,,,,
RITONAVIR 100 MG,1,Most,1,Most,1,Most,0,,1,Most,0,,0,,1,Most,CC(C)c1nc(CN(C)C(=O)NC(C(=O)NC(Cc2ccccc2)CC(O)C(Cc2ccccc2)NC(=O)OCc2cncs2)C(C)C)cs1,cc(c)c1nc(cn(c)c(=o)nc(c(=o)nc(cc2ccccc2)cc(o)c(cc2ccccc2)nc(=o)occ2cncs2)c(c)c)cs1,CC(C)c1nc(CN(C)C(=O)NC(C(=O)NC(Cc2ccccc2)CC(O)C(Cc2ccccc2)NC(=O)OCc2cncs2)C(C)C)cs1,Original,,,,,,,,
RITUXIMAB,1,Most,1,Most,1,Most,0,,1,Most,0,,1,Most,1,Most,Not found,not found,,NotFound,RITUXIMAB,RITUXIMAB,,,not_found | variants_tried=1,,,
RITUXIMAB-ABBS,1,Most,1,Most,1,Most,0,,1,Most,0,,1,Most,1,Most,Not found,not found,CCCC(=O)C1=C(O)C(C)(C)C(O)=C(Cc2c(O)c(CC3=C(O)C(C)(C)C(O)=C(C(C)=O)C3=O)c(O)c(C(=O)CCC)c2O)C1=O,ChEMBL,RITUXIMAB-ABBS,RITUXIMAB-ABBS,CCCC(=O)C1=C(O)C(C)(C)C(O)=C(Cc2c(O)c(CC3=C(O)C(C)(C)C(O)=C(C(C)=O)C3=O)c(O)c(C(=O)CCC)c2O)C1=O,ChEMBL,found_chembl | variants_tried=3,,,
RITUXIMAB-ARRX,1,Most,1,Most,1,Most,0,,1,Most,0,,1,Most,1,Most,Not found,not found,,NotFound,RITUXIMAB-ARRX,RITUXIMAB-ARRX,,,not_found | variants_tried=3,,None,"no_hit | variants=['RITUXIMAB ARRX', 'RITUXIMAB']"
RITUXIMAB-PVVR,1,Most,1,Most,1,Most,0,,1,Most,0,,1,Most,1,Most,Not found,not found,,NotFound,RITUXIMAB-PVVR,RITUXIMAB-PVVR,,,not_found | variants_tried=3,,None,"no_hit | variants=['RITUXIMAB PVVR', 'RITUXIMAB']"
RIVASTIGMINE,1,Most,1,Most,0,,0,,1,,0,,1,,0,,CCN(C)C(=O)Oc1cccc([C@H](C)N(C)C)c1,ccn(c)c(=o)oc1cccc([c@h](c)n(c)c)c1,CCN(C)C(=O)Oc1cccc([C@H](C)N(C)C)c1,Original,,,,,,,,
RIVASTIGMINE TRANSDERMAL SYSTEM,1,,1,Most,0,,0,,1,,0,,0,,0,,CCN(C)C(=O)Oc1cccc(C(C)N(C)C)c1,ccn(c)c(=o)oc1cccc(c(c)n(c)c)c1,CCN(C)C(=O)Oc1cccc(C(C)N(C)C)c1,Original,,,,,,,,
RIZATRIPTAN,1,Most,1,,0,,0,,0,,0,,0,,0,,CN(C)CCc1c[nH]c2ccc(Cn3cncn3)cc12,cn(c)ccc1c[nh]c2ccc(cn3cncn3)cc12,CN(C)CCc1c[nH]c2ccc(Cn3cncn3)cc12,Original,,,,,,,,
RIZATRIPTAN BENZOATE ODT,1,Most,1,,0,,0,,0,,0,,0,,0,,CN(C)CCc1c[nH]c2ccc(Cn3cncn3)cc12.O=C(O)c1ccccc1,cn(c)ccc1c[nh]c2ccc(cn3cncn3)cc12.o=c(o)c1ccccc1,CN(C)CCc1c[nH]c2ccc(Cn3cncn3)cc12.O=C(O)c1ccccc1,Original,,,,,,,,
ROBINUL,1,Most,1,Most,1,,1,Most,0,,0,,0,,1,Most,C[N+]1(C)CCC(OC(=O)C(O)(c2ccccc2)C2CCCC2)C1,c[n+]1(c)ccc(oc(=o)c(o)(c2ccccc2)c2cccc2)c1,C[N+]1(C)CCC(OC(=O)C(O)(c2ccccc2)C2CCCC2)C1,Original,,,,,,,,
ROCURONIUM BROMIDE,1,Most,1,,0,,0,,0,,0,,1,,0,,C=CC[N+]1([C@H]2C[C@H]3[C@@H]4CC[C@H]5C[C@H](O)[C@@H](N6CCOCC6)C[C@]5(C)[C@H]4CC[C@]3(C)[C@H]2OC(C)=O)CCCC1,c=cc[n+]1([c@h]2c[c@h]3[c@@h]4cc[c@h]5c[c@h](o)[c@@h](n6ccocc6)c[c@]5(c)[c@h]4cc[c@]3(c)[c@h]2oc(c)=o)cccc1,C=CC[N+]1([C@H]2C[C@H]3[C@@H]4CC[C@H]5C[C@H](O)[C@@H](N6CCOCC6)C[C@]5(C)[C@H]4CC[C@]3(C)[C@H]2OC(C)=O)CCCC1,Original,,,,,,,,
ROMIPLOSTIM,0,,1,Most,1,Most,0,,1,,0,,0,,0,,Not found,not found,,NotFound,ROMIPLOSTIM,ROMIPLOSTIM,,,not_found | variants_tried=1,,None,no_hit | variants=['ROMIPLOSTIM']
ROMOSOZUMAB-AQQG,1,Most,1,Most,0,,0,,0,,0,,0,,0,,Not found,not found,,NotFound,ROMOSOZUMAB-AQQG,ROMOSOZUMAB-AQQG,,,not_found | variants_tried=3,,None,"no_hit | variants=['ROMOSOZUMAB AQQG', 'ROMOSOZUMAB']"
ROPEGINTERFERON ALFA-2B,1,Most,1,Most,1,Most,1,Most,1,Most,0,,1,Most,1,,COCCOC(=O)NCCCCC(CCN1CCCC1C(=O)O)NC(=O)OCCOC,coccoc(=o)nccccc(ccn1cccc1c(=o)o)nc(=o)occoc,COCCOC(=O)NCCCCC(CCN1CCCC1C(=O)O)NC(=O)OCCOC,Original,,,,,,,,
ROPINIROLE,1,Most,1,,1,,1,,0,,0,,1,,0,,CCCN(CCC)CCc1cccc2c1CC(=O)N2,cccn(ccc)ccc1cccc2c1cc(=o)n2,CCCN(CCC)CCc1cccc2c1CC(=O)N2,Original,,,,,,,,
ROPIVACAINE HYDROCHLORIDE,1,,1,,1,Most,0,,1,,0,,1,Most,0,,CCCN1CCCC[C@H]1C(=O)Nc1c(C)cccc1C,cccn1cccc[c@h]1c(=o)nc1c(c)cccc1c,CCCN1CCCC[C@H]1C(=O)Nc1c(C)cccc1C,Original,,,,,,,,
ROSUVASTATIN CALCIUM; ROSUVASTATIN CALCIUN,0,,1,,1,,0,,1,Most,0,,1,,1,Most,Not found,not found,CC(C)c1nc(N(C)S(C)(=O)=O)nc(-c2ccc(F)cc2)c1/C=C/[C@@H](O)C[C@@H](O)CC(=O)[O-].CC(C)c1nc(N(C)S(C)(=O)=O)nc(-c2ccc(F)cc2)c1/C=C/[C@@H](O)C[C@@H](O)CC(=O)[O-].[Ca+2],ChEMBL,,,,,,,,
ROSUVASTATIN; ROSUVASTATIN CALCIUM,0,,1,,1,,1,,1,Most,0,,1,,1,Most,Not found,not found,CC(C)c1nc(N(C)S(C)(=O)=O)nc(-c2ccc(F)cc2)c1/C=C/[C@@H](O)C[C@@H](O)CC(=O)[O-].CC(C)c1nc(N(C)S(C)(=O)=O)nc(-c2ccc(F)cc2)c1/C=C/[C@@H](O)C[C@@H](O)CC(=O)[O-].[Ca+2],ChEMBL,,,,,,,,
ROTIGOTINE,1,,1,Most,1,Most,1,Most,0,,0,,0,,0,,CCCN(CCc1cccs1)[C@H]1CCc2c(O)cccc2C1,cccn(ccc1cccs1)[c@h]1ccc2c(o)cccc2c1,CCCN(CCc1cccs1)[C@H]1CCc2c(O)cccc2C1,Original,,,,,,,,
ROZANOLIXIZUMAB,0,,1,,0,,0,,0,,0,,0,,0,,Not found,not found,,NotFound,ROZANOLIXIZUMAB,ROZANOLIXIZUMAB,,,not_found | variants_tried=1,,,
RUBIDIUM RB 82,0,,0,,1,Most,0,,0,,0,,0,,0,,[Rb+],[rb+],[Rb+],Original,,,,,,,,
SACITUZUMAB GOVITECAN,1,Most,1,Most,1,Most,1,Most,0,,0,,1,,1,Most,CCc1c2c(nc3ccc(O)cc13)-c1cc3c(c(=O)n1C2)COC(=O)C3(CC)OC(=O)OCc1ccc(NC(=O)C(CCCCN)NC(=O)COCC(=O)NCCOCCOCCOCCOCCOCCOCCOCCOCCn2cc(CNC(=O)C3CCC(CN4C(=O)CC(SCC(N)C(=O)O)C4=O)CC3)nn2)cc1,ccc1c2c(nc3ccc(o)cc13)-c1cc3c(c(=o)n1c2)coc(=o)c3(cc)oc(=o)occ1ccc(nc(=o)c(ccccn)nc(=o)cocc(=o)nccoccoccoccoccoccoccoccoccn2cc(cnc(=o)c3ccc(cn4c(=o)cc(scc(n)c(=o)o)c4=o)cc3)nn2)cc1,CCc1c2c(nc3ccc(O)cc13)-c1cc3c(c(=O)n1C2)COC(=O)C3(CC)OC(=O)OCc1ccc(NC(=O)C(CCCCN)NC(=O)COCC(=O)NCCOCCOCCOCCOCCOCCOCCOCCOCCn2cc(CNC(=O)C3CCC(CN4C(=O)CC(SCC(N)C(=O)O)C4=O)CC3)nn2)cc1,Original,,,,,,,,
SACROSIDASE,0,,1,,0,,0,,0,,0,,1,Most,0,,Not found,not found,,NotFound,SACROSIDASE,SACROSIDASE,,,not_found | variants_tried=1,,,
SARGRAMOSTIM,1,Most,1,Most,1,Most,0,,1,Most,0,,1,Most,0,,Not found,not found,,NotFound,SARGRAMOSTIM,SARGRAMOSTIM,,,not_found | variants_tried=1,,None,no_hit | variants=['SARGRAMOSTIM']
SARILUMAB,0,,1,,1,Most,0,,1,,0,,0,,0,,Not found,not found,,NotFound,SARILUMAB,SARILUMAB,,,not_found | variants_tried=1,,,
SATRALIZUMAB,0,,1,Most,1,Most,0,,1,Most,0,,0,,0,,Not found,not found,,NotFound,SATRALIZUMAB,SATRALIZUMAB,,,not_found | variants_tried=1,,,
SCOLOPAMINE TRANSDERMAL SYSTEM,0,,1,Most,0,,0,,0,,0,,0,,0,,Not found,not found,CC(C)(C)NC(=O)[C@@H]1CN(Cc2cccnc2)CCN1C[C@@H](O)C[C@@H](Cc1ccccc1)C(=O)N[C@H]1c2ccccc2C[C@H]1O.O,ChEMBL,SCOLOPAMINE TRANSDERMAL SYSTEM,SCOLOPAMINE TRANSDERMAL SYSTEM,CC(C)(C)NC(=O)[C@@H]1CN(Cc2cccnc2)CCN1C[C@@H](O)C[C@@H](Cc1ccccc1)C(=O)N[C@H]1c2ccccc2C[C@H]1O.O,ChEMBL,found_chembl | variants_tried=3,,,
SCOPOLAMINE,1,,1,Most,0,,0,,0,,0,,0,,0,,CN1[C@@H]2C[C@@H](OC(=O)[C@H](CO)c3ccccc3)C[C@H]1[C@@H]1O[C@@H]12,cn1[c@@h]2c[c@@h](oc(=o)[c@h](co)c3ccccc3)c[c@h]1[c@@h]1o[c@@h]12,CN1[C@@H]2C[C@@H](OC(=O)[C@H](CO)c3ccccc3)C[C@H]1[C@@H]1O[C@@H]12,Original,,,,,,,,
SEBELIPASE ALFA,0,,1,Most,1,,0,,0,,0,,0,,0,,Not found,not found,,NotFound,SEBELIPASE ALFA,SEBELIPASE ALFA,,,not_found | variants_tried=2,,,
SECUKINUMAB,0,,1,Most,1,,0,,0,,0,,0,,0,,Not found,not found,,NotFound,SECUKINUMAB,SECUKINUMAB,,,not_found | variants_tried=1,,,
SELEGILINE,1,Most,1,Most,0,,0,,0,,0,,0,,0,,C#CCN(C)[C@H](C)Cc1ccccc1,c#ccn(c)[c@h](c)cc1ccccc1,C#CCN(C)[C@H](C)Cc1ccccc1,Original,,,,,,,,
SERTRALINE HCL,1,Most,1,Most,1,Most,1,,1,Most,0,,1,Most,0,,CNC1CCC(c2ccc(Cl)c(Cl)c2)c2ccccc21,cnc1ccc(c2ccc(cl)c(cl)c2)c2ccccc21,CNC1CCC(c2ccc(Cl)c(Cl)c2)c2ccccc21,Original,,,,,,,,
SERTRALINE HYDROCHLORIDE,1,Most,1,Most,1,Most,1,,1,Most,1,,1,Most,0,,CN[C@H]1CC[C@@H](c2ccc(Cl)c(Cl)c2)c2ccccc21,cn[c@h]1cc[c@@h](c2ccc(cl)c(cl)c2)c2ccccc21,CN[C@H]1CC[C@@H](c2ccc(Cl)c(Cl)c2)c2ccccc21,Original,,,,,,,,
SEVELAMER CARBONATE FOR ORAL SUSPENSION,0,,1,,1,,0,,0,,0,,0,,0,,Not found,not found,O=C([O-])[O-].[Na+].[Na+],ChEMBL,SEVELAMER CARBONATE FOR ORAL SUSPENSION,SEVELAMER CARBONATE FOR ORAL SUSPENSION,O=C([O-])[O-].[Na+].[Na+],ChEMBL,found_chembl | variants_tried=4,,,
SILDENAFIL CITRATE,1,,1,,1,Most,0,,0,,1,Most,1,Most,0,,CCCc1nn(C)c2c(=O)[nH]c(-c3cc(S(=O)(=O)N4CCN(C)CC4)ccc3OCC)nc12.O=C(O)CC(O)(CC(=O)O)C(=O)O,cccc1nn(c)c2c(=o)[nh]c(-c3cc(s(=o)(=o)n4ccn(c)cc4)ccc3occ)nc12.o=c(o)cc(o)(cc(=o)o)c(=o)o,CCCc1nn(C)c2c(=O)[nH]c(-c3cc(S(=O)(=O)N4CCN(C)CC4)ccc3OCC)nc12.O=C(O)CC(O)(CC(=O)O)C(=O)O,Original,,,,,,,,
"SILDENAFIL POWDER,",1,Most,0,,1,Most,0,,0,,1,Most,1,,0,,CCCc1nn(C)c2c(=O)[nH]c(-c3cc(S(=O)(=O)N4CCN(C)CC4)ccc3OCC)nc12.O=C(O)CC(O)(CC(=O)O)C(=O)O,cccc1nn(c)c2c(=o)[nh]c(-c3cc(s(=o)(=o)n4ccn(c)cc4)ccc3occ)nc12.o=c(o)cc(o)(cc(=o)o)c(=o)o,CCCc1nn(C)c2c(=O)[nH]c(-c3cc(S(=O)(=O)N4CCN(C)CC4)ccc3OCC)nc12.O=C(O)CC(O)(CC(=O)O)C(=O)O,Original,,,,,,,,
SILDINAFIL,1,Most,1,Most,1,Most,0,,0,,1,,1,,0,,Not found,not found,CCCc1nn(C)c2c(=O)[nH]c(-c3cc(S(=O)(=O)N4CCN(C)CC4)ccc3OCC)nc12.O=C(O)CC(O)(CC(=O)O)C(=O)O,ChEMBL,sildenafil,sildenafil,CCCc1nn(C)c2c(=O)[nH]c(-c3cc(S(=O)(=O)N4CCN(C)CC4)ccc3OCC)nc12.O=C(O)CC(O)(CC(=O)O)C(=O)O,ChEMBL,found_chembl | variants_tried=1,,,
SILTUXIMAB,0,,1,Most,1,Most,0,,0,,0,,0,,0,,Not found,not found,,NotFound,SILTUXIMAB,SILTUXIMAB,,,not_found | variants_tried=1,,,
SODIUM BICARBONATE,1,Most,1,Most,0,,0,,0,,0,,1,,0,,O=C(O)O,o=c(o)o,O=C(O)O,Original,,,,,,,,
"SODIUM BICARBONATE INJECTION,",0,,1,Most,0,,0,,0,,0,,0,,0,,O=C(O)O,o=c(o)o,O=C(O)O,Original,,,,,,,,
SODIUM CHLORIDE FOR IRRIGATION,0,,0,,0,,0,,0,,0,,1,Most,1,Most,[Na+],[na+],[Na+],Original,,,,,,,,
SODIUM CITRATE,0,,0,,0,,0,,0,,0,,0,,0,,O=C(O)CC(O)(CC(=O)O)C(=O)O,o=c(o)cc(o)(cc(=o)o)c(=o)o,O=C(O)CC(O)(CC(=O)O)C(=O)O,Original,,,,,,,,
SODIUM FERRIC GLUCONATE COMPLEX IN SUCROSE,1,Most,1,Most,1,Most,0,,0,,1,,0,,0,,Not found,not found,O=C([O-])[C@H]1O[C@H](O)[C@H](O)[C@@H](O)[C@@H]1O.[Na+],ChEMBL,SODIUM FERRIC GLUCONATE COMPLEX IN SUCROSE,SODIUM FERRIC GLUCONATE COMPLEX IN SUCROSE,O=C([O-])[C@H]1O[C@H](O)[C@H](O)[C@@H](O)[C@@H]1O.[Na+],ChEMBL,found_chembl | variants_tried=4,,,
SODIUM FLUORIDE F-18,0,,0,,0,,0,,0,,0,,0,,0,,[Na+],[na+],[Na+],Original,,,,,,,,
SODIUM FLUORIDE F18,0,,0,,0,,0,,0,,0,,0,,0,,[Na+],[na+],[Na+],Original,,,,,,,,
SODIUM IODIDE I 131,1,Most,1,,1,Most,1,Most,0,,0,,1,Most,0,,[Na+],[na+],[Na+],Original,,,,,,,,
SODIUM NITROPRUSSIDE IN 0.9% SODIUM CHLORIDE,1,Most,1,,1,Most,0,,0,,0,,0,,1,Most,C#N.C#N.N#[O+].[C-]#N.[C-]#N.[C-]#N.[Fe+2],c#n.c#n.n#[o+].[c-]#n.[c-]#n.[c-]#n.[fe+2],C#N.C#N.N#[O+].[C-]#N.[C-]#N.[C-]#N.[Fe+2],Original,,,,,,,,
SODIUM NITROPRUSSIDE INJECTION,1,Most,1,,1,Most,0,,0,,0,,0,,0,,C#N.C#N.N#[O+].[C-]#N.[C-]#N.[C-]#N.[Fe+2],c#n.c#n.n#[o+].[c-]#n.[c-]#n.[c-]#n.[fe+2],C#N.C#N.N#[O+].[C-]#N.[C-]#N.[C-]#N.[Fe+2],Original,,,,,,,,
"SODIUM PHENYLBUTYRATE TABLETS, 500 MG",1,Most,1,,1,Most,1,,1,,0,,0,,1,,O=C(O)CCCc1ccccc1,o=c(o)cccc1ccccc1,O=C(O)CCCc1ccccc1,Original,,,,,,,,
SOLIFENACIN,1,Most,1,Most,0,,0,,1,Most,0,,0,,1,Most,O=C(O[C@H]1CN2CCC1CC2)N1CCc2ccccc2[C@@H]1c1ccccc1,o=c(o[c@h]1cn2ccc1cc2)n1ccc2ccccc2[c@@h]1c1ccccc1,O=C(O[C@H]1CN2CCC1CC2)N1CCc2ccccc2[C@@H]1c1ccccc1,Original,,,,,,,,
SOLIFENACIN SUCCIATE,1,Most,1,Most,0,,0,,1,,0,,0,,1,Most,O=C(O)CCC(=O)O.O=C(OC1CN2CCC1CC2)N1CCc2ccccc2C1c1ccccc1,o=c(o)ccc(=o)o.o=c(oc1cn2ccc1cc2)n1ccc2ccccc2c1c1ccccc1,O=C(O)CCC(=O)O.O=C(OC1CN2CCC1CC2)N1CCc2ccccc2C1c1ccccc1,Original,,,,,,,,
SOLIFENACIN SUCCINATE,1,Most,1,Most,0,,0,,1,Most,0,,0,,1,Most,O=C(O)CCC(=O)O.O=C(O[C@H]1CN2CCC1CC2)N1CCc2ccccc2[C@@H]1c1ccccc1,o=c(o)ccc(=o)o.o=c(o[c@h]1cn2ccc1cc2)n1ccc2ccccc2[c@@h]1c1ccccc1,O=C(O)CCC(=O)O.O=C(O[C@H]1CN2CCC1CC2)N1CCc2ccccc2[C@@H]1c1ccccc1,Original,,,,,,,,
SOLIFENACINE SUCCINATE,1,Most,1,Most,0,,0,,1,Most,0,,0,,1,Most,O=C(O)CCC(=O)O.O=C(OC1CN2CCC1CC2)N1CCc2ccccc2C1c1ccccc1,o=c(o)ccc(=o)o.o=c(oc1cn2ccc1cc2)n1ccc2ccccc2c1c1ccccc1,O=C(O)CCC(=O)O.O=C(OC1CN2CCC1CC2)N1CCc2ccccc2C1c1ccccc1,Original,,,,,,,,
SOLU-CORTEF,1,Most,1,Most,1,Most,1,Most,1,,0,,1,,1,,CC12CCC(=O)C=C1CCC1C2C(O)CC2(C)C1CCC2(O)C(=O)COC(=O)CCC(=O)O,cc12ccc(=o)c=c1ccc1c2c(o)cc2(c)c1ccc2(o)c(=o)coc(=o)ccc(=o)o,CC12CCC(=O)C=C1CCC1C2C(O)CC2(C)C1CCC2(O)C(=O)COC(=O)CCC(=O)O,Original,,,,,,,,
SOLU-MEDROL,1,Most,1,Most,1,Most,1,Most,1,Most,0,,1,,1,Most,CC1CC2C(C(O)CC3(C)C2CCC3(O)C(=O)COC(=O)CCC(=O)O)C2(C)C=CC(=O)C=C12,cc1cc2c(c(o)cc3(c)c2ccc3(o)c(=o)coc(=o)ccc(=o)o)c2(c)c=cc(=o)c=c12,CC1CC2C(C(O)CC3(C)C2CCC3(O)C(=O)COC(=O)CCC(=O)O)C2(C)C=CC(=O)C=C12,Original,,,,,,,,
SOLU-MEDROL(R) METHYLPREDNISOLONE SODIUM SUCCINAT,1,Most,1,Most,1,,1,Most,1,Most,0,,1,,0,,CC1CC2C(C(O)CC3(C)C2CCC3(O)C(=O)COC(=O)CCC(=O)O)C2(C)C=CC(=O)C=C12,cc1cc2c(c(o)cc3(c)c2ccc3(o)c(=o)coc(=o)ccc(=o)o)c2(c)c=cc(=o)c=c12,CC1CC2C(C(O)CC3(C)C2CCC3(O)C(=O)COC(=O)CCC(=O)O)C2(C)C=CC(=O)C=C12,Original,,,,,,,,
SOMAPACITAN-BECO,0,,1,Most,1,,0,,0,,0,,0,,0,,NC(=O)C(CCCCNC(=O)CSCC(N)C(=O)O)NC(=O)COCCOCCNC(=O)CCC(NC(=O)CCC(NC(=O)COCCOCCNC(=O)CCCS(=O)(=O)NC(=O)CCCCCCCCCCCCCCCc1nn[nH]n1)C(=O)O)C(=O)O,nc(=o)c(ccccnc(=o)cscc(n)c(=o)o)nc(=o)coccoccnc(=o)ccc(nc(=o)ccc(nc(=o)coccoccnc(=o)cccs(=o)(=o)nc(=o)cccccccccccccccc1nn[nh]n1)c(=o)o)c(=o)o,NC(=O)C(CCCCNC(=O)CSCC(N)C(=O)O)NC(=O)COCCOCCNC(=O)CCC(NC(=O)CCC(NC(=O)COCCOCCNC(=O)CCCS(=O)(=O)NC(=O)CCCCCCCCCCCCCCCc1nn[nH]n1)C(=O)O)C(=O)O,Original,,,,,,,,
SOMATROGON-GHLA,0,,1,Most,1,Most,0,,0,,0,,0,,0,,Not found,not found,,NotFound,SOMATROGON-GHLA,SOMATROGON-GHLA,,,not_found | variants_tried=3,,None,"no_hit | variants=['SOMATROGON GHLA', 'SOMATROGON']"
SOMATROPIN,0,,1,Most,0,,0,,0,,1,Most,1,Most,0,,Not found,not found,C=C(CCCCCCCCCCCCCCCc1nnn[nH]1)NS(=O)(=O)CCCC(=O)NCCOCCOCC(=O)N[C@@H](CCC(=O)N[C@@H](CCC(=O)NCCOCCOCC(=O)N[C@@H](CCCCNC(=O)CSC[C@H](N)C(=O)O)C(N)=O)C(=O)O)C(=O)O,ChEMBL,SOMATROPIN,SOMATROPIN,C=C(CCCCCCCCCCCCCCCc1nnn[nH]1)NS(=O)(=O)CCCC(=O)NCCOCCOCC(=O)N[C@@H](CCC(=O)N[C@@H](CCC(=O)NCCOCCOCC(=O)N[C@@H](CCCCNC(=O)CSC[C@H](N)C(=O)O)C(N)=O)C(=O)O)C(=O)O,ChEMBL,found_chembl | variants_tried=1,,,
SORBITOL,1,Most,1,,0,,0,,0,,0,,1,Most,1,,OC[C@@H](O)[C@@H](O)[C@H](O)[C@@H](O)CO,oc[c@@h](o)[c@@h](o)[c@h](o)[c@@h](o)co,OC[C@@H](O)[C@@H](O)[C@H](O)[C@@H](O)CO,Original,,,,,,,,
SOTAGLIFLOZIN,0,,1,Most,0,,0,,0,Most,0,,0,,1,Most,CCOc1ccc(Cc2cc([C@@H]3O[C@H](SC)[C@@H](O)[C@H](O)[C@H]3O)ccc2Cl)cc1,ccoc1ccc(cc2cc([c@@h]3o[c@h](sc)[c@@h](o)[c@h](o)[c@h]3o)ccc2cl)cc1,CCOc1ccc(Cc2cc([C@@H]3O[C@H](SC)[C@@H](O)[C@H](O)[C@H]3O)ccc2Cl)cc1,Original,,,,,,,,
SOTALOL HYDROCHLORIDE TABLES AF; SOTALOL HYDROCHLORIDE TABLETS AF,1,Most,1,,1,,0,,0,,0,,1,Most,1,Most,Not found,not found,CC(C)NCC(O)c1ccc(NS(C)(=O)=O)cc1.Cl,ChEMBL,SOTALOL HYDROCHLORIDE TABLES AF; SOTALOL HYDROCHLORIDE TABLETS AF,SOTALOL HYDROCHLORIDE TABLES AF; SOTALOL HYDROCHLORIDE TABLETS AF,CC(C)NCC(O)c1ccc(NS(C)(=O)=O)cc1.Cl,ChEMBL,found_chembl | variants_tried=4,,,
SPARSENTAN,1,,0,,1,Most,0,,1,Most,0,,0,,1,Most,CCCCC1=NC2(CCCC2)C(=O)N1Cc1ccc(-c2ccccc2S(=O)(=O)Nc2noc(C)c2C)c(COCC)c1,ccccc1=nc2(cccc2)c(=o)n1cc1ccc(-c2ccccc2s(=o)(=o)nc2noc(c)c2c)c(cocc)c1,CCCCC1=NC2(CCCC2)C(=O)N1Cc1ccc(-c2ccccc2S(=O)(=O)Nc2noc(C)c2C)c(COCC)c1,Original,,,,,,,,
SPESOLIMAB-SBZO,0,,1,Most,1,,0,,0,,0,,0,,0,,Not found,not found,,NotFound,SPESOLIMAB-SBZO,SPESOLIMAB-SBZO,,,not_found | variants_tried=3,,None,"no_hit | variants=['SPESOLIMAB SBZO', 'SPESOLIMAB']"
STERILE WATER,0,,0,,1,Most,0,,0,,0,,0,,0,,O,o,O,Original,,,,,,,,
SUCCINYLCHOLINE,1,Most,1,Most,0,,0,,0,,0,,0,Most,0,,C[N+](C)(C)CCOC(=O)CCC(=O)OCC[N+](C)(C)C,c[n+](c)(c)ccoc(=o)ccc(=o)occ[n+](c)(c)c,C[N+](C)(C)CCOC(=O)CCC(=O)OCC[N+](C)(C)C,Original,,,,,,,,
SUCRALFATE ORAL,0,,1,,0,,0,,0,,0,,1,Most,1,Most,Not found,not found,O=S(=O)(OC[C@H]1O[C@@H](O[C@]2(COS(=O)(=O)O[Al](O)O)O[C@H](OS(=O)(=O)O[Al](O)O)[C@@H](OS(=O)(=O)O[Al](O)O)[C@@H]2OS(=O)(=O)O[Al](O)O)[C@H](OS(=O)(=O)O[Al](O)O)[C@@H](OS(=O)(=O)O[Al](O)O)[C@@H]1OS(=O)(=O)O[Al](O)O)O[Al](O)O.O[Al](O)O.O[Al](O)O.O[Al](O)O.O[Al](O)O.O[Al](O)O.O[Al](O)O.O[Al](O)O.O[Al](O)O,ChEMBL,SUCRALFATE ORAL,SUCRALFATE ORAL,O=S(=O)(OC[C@H]1O[C@@H](O[C@]2(COS(=O)(=O)O[Al](O)O)O[C@H](OS(=O)(=O)O[Al](O)O)[C@@H](OS(=O)(=O)O[Al](O)O)[C@@H]2OS(=O)(=O)O[Al](O)O)[C@H](OS(=O)(=O)O[Al](O)O)[C@@H](OS(=O)(=O)O[Al](O)O)[C@@H]1OS(=O)(=O)O[Al](O)O)O[Al](O)O.O[Al](O)O.O[Al](O)O.O[Al](O)O.O[Al](O)O.O[Al](O)O.O[Al](O)O.O[Al](O)O.O[Al](O)O,ChEMBL,found_chembl | variants_tried=2,,,
SUFENTANIL CITRATE,1,Most,1,Most,0,,1,Most,0,,0,,1,Most,0,,CCC(=O)N(c1ccccc1)C1(COC)CCN(CCc2cccs2)CC1.O=C(O)CC(O)(CC(=O)O)C(=O)O,ccc(=o)n(c1ccccc1)c1(coc)ccn(ccc2cccs2)cc1.o=c(o)cc(o)(cc(=o)o)c(=o)o,CCC(=O)N(c1ccccc1)C1(COC)CCN(CCc2cccs2)CC1.O=C(O)CC(O)(CC(=O)O)C(=O)O,Original,,,,,,,,
SULFACETAMIDE SODIUM,0,,1,Most,1,Most,0,,1,,0,,0,,0,,CC(=O)NS(=O)(=O)c1ccc(N)cc1,cc(=o)ns(=o)(=o)c1ccc(n)cc1,CC(=O)NS(=O)(=O)c1ccc(N)cc1,Original,,,,,,,,
SUMATRIPTAN,1,Most,1,Most,0,,1,,1,Most,0,,0,,0,,CNS(=O)(=O)Cc1ccc2[nH]cc(CCN(C)C)c2c1,cns(=o)(=o)cc1ccc2[nh]cc(ccn(c)c)c2c1,CNS(=O)(=O)Cc1ccc2[nH]cc(CCN(C)C)c2c1,Original,,,,,,,,
SUMATRIPTAN SUCCINATE TABLET,1,Most,1,Most,0,,1,Most,1,Most,0,,0,,0,,CNS(=O)(=O)Cc1ccc2[nH]cc(CCN(C)C)c2c1.O=C(O)CCC(=O)O,cns(=o)(=o)cc1ccc2[nh]cc(ccn(c)c)c2c1.o=c(o)ccc(=o)o,CNS(=O)(=O)Cc1ccc2[nH]cc(CCN(C)C)c2c1.O=C(O)CCC(=O)O,Original,,,,,,,,
SUMATRIPTAN SUCCINATE U-D,1,Most,1,Most,0,,1,Most,1,Most,0,,0,,0,,Not found,not found,CNS(=O)(=O)Cc1ccc2[nH]cc(CCN(C)C)c2c1.O=C(O)CCC(=O)O,ChEMBL,SUMATRIPTAN SUCCINATE U-D,SUMATRIPTAN SUCCINATE U-D,CNS(=O)(=O)Cc1ccc2[nH]cc(CCN(C)C)c2c1.O=C(O)CCC(=O)O,ChEMBL,found_chembl | variants_tried=4,,,
SUTIMLIMAB-JOME,0,,1,Most,1,Most,0,,0,,0,,0,,0,,Not found,not found,,NotFound,SUTIMLIMAB-JOME,SUTIMLIMAB-JOME,,,not_found | variants_tried=3,,None,"no_hit | variants=['SUTIMLIMAB JOME', 'SUTIMLIMAB']"
TACROLIMUS EXTENDED-RELEASE CAPSULES,1,Most,1,Most,1,Most,1,Most,1,Most,1,,1,Most,1,Most,C=CCC1C=C(C)CC(C)CC(OC)C2OC(O)(C(=O)C(=O)N3CCCCC3C(=O)OC(C(C)=CC3CCC(O)C(OC)C3)C(C)C(O)CC1=O)C(C)CC2OC,c=ccc1c=c(c)cc(c)cc(oc)c2oc(o)(c(=o)c(=o)n3ccccc3c(=o)oc(c(c)=cc3ccc(o)c(oc)c3)c(c)c(o)cc1=o)c(c)cc2oc,C=CCC1C=C(C)CC(C)CC(OC)C2OC(O)(C(=O)C(=O)N3CCCCC3C(=O)OC(C(C)=CC3CCC(O)C(OC)C3)C(C)C(O)CC1=O)C(C)CC2OC,Original,,,,,,,,
TAFASITAMAB-CXIX,0,,1,Most,1,Most,0,,0,,0,,1,,0,,Not found,not found,N#Cc1ccc(S(=O)(=O)NCCN2CC3CN(Cc4ccc(C#N)cc4F)CC(C2)O3)cc1,ChEMBL,TAFASITAMAB-CXIX,TAFASITAMAB-CXIX,N#Cc1ccc(S(=O)(=O)NCCN2CC3CN(Cc4ccc(C#N)cc4F)CC(C2)O3)cc1,ChEMBL,found_chembl | variants_tried=3,,,
TAFLUPROST,0,,1,Most,0,,0,,0,,0,,1,,0,,CC(C)OC(=O)CCC/C=C\C[C@@H]1[C@@H](/C=C/C(F)(F)COc2ccccc2)[C@H](O)C[C@@H]1O,cc(c)oc(=o)ccc/c=c\c[c@@h]1[c@@h](/c=c/c(f)(f)coc2ccccc2)[c@h](o)c[c@@h]1o,CC(C)OC(=O)CCC/C=C\C[C@@H]1[C@@H](/C=C/C(F)(F)COc2ccccc2)[C@H](O)C[C@@H]1O,Original,,,,,,,,
TAFLUPROST OPTHALMIC,0,,1,Most,0,,0,,0,,0,,1,Most,0,,CC(C)OC(=O)CCCC=CCC1C(O)CC(O)C1C=CC(F)(F)COc1ccccc1,cc(c)oc(=o)cccc=ccc1c(o)cc(o)c1c=cc(f)(f)coc1ccccc1,CC(C)OC(=O)CCCC=CCC1C(O)CC(O)C1C=CC(F)(F)COc1ccccc1,Original,,,,,,,,
TAGRAXOFUSP,1,Most,1,Most,1,Most,0,,1,Most,0,,0,,1,Most,Not found,not found,,NotFound,TAGRAXOFUSP,TAGRAXOFUSP,,,not_found | variants_tried=1,,None,no_hit | variants=['TAGRAXOFUSP']
TALIGLUCERASE ALFA,0,,1,Most,0,,0,,0,,0,,0,,0,,Not found,not found,,NotFound,TALIGLUCERASE ALFA,TALIGLUCERASE ALFA,,,not_found | variants_tried=2,,,
TALIMOGENE LAHERPAREPVEC,0,,1,Most,0,,0,,0,,0,,1,Most,0,,Not found,not found,,NotFound,TALIMOGENE LAHERPAREPVEC,TALIMOGENE LAHERPAREPVEC,,,not_found | variants_tried=2,,None,"no_hit | variants=['TALIMOGENE LAHERPAREPVEC', 'TALIMOGENE']"
TALQUETAMAB,0,,1,Most,1,Most,0,,1,Most,0,,1,,0,,Not found,not found,,NotFound,TALQUETAMAB,TALQUETAMAB,,,not_found | variants_tried=1,,,
TAZAROTENE,0,,1,Most,0,,0,,0,,0,,0,,0,,CCOC(=O)c1ccc(C#Cc2ccc3c(c2)C(C)(C)CCS3)nc1,ccoc(=o)c1ccc(c#cc2ccc3c(c2)c(c)(c)ccs3)nc1,CCOC(=O)c1ccc(C#Cc2ccc3c(c2)C(C)(C)CCS3)nc1,Original,,,,,,,,
TBO-FILGRASTIM,0,,1,Most,1,Most,0,,0,,0,,1,Most,1,Most,Not found,not found,Cc1cc2nc3cc(C)c(=[N+](C)C)cc-3sc2cc1N.[Cl-],ChEMBL,TBO-FILGRASTIM,TBO-FILGRASTIM,Cc1cc2nc3cc(C)c(=[N+](C)C)cc-3sc2cc1N.[Cl-],ChEMBL,found_chembl | variants_tried=3,,,
TC 99M MEDRONATE,0,,1,,0,,0,,0,,0,,0,,0,,O=P([O-])([O-])CP(=O)([O-])[O-].[Tc+4],o=p([o-])([o-])cp(=o)([o-])[o-].[tc+4],O=P([O-])([O-])CP(=O)([O-])[O-].[Tc+4],Original,,,,,,,,
TEBENTAFUSP,0,,1,Most,1,Most,0,,1,Most,0,,0,,0,,Not found,not found,,NotFound,TEBENTAFUSP,TEBENTAFUSP,,,not_found | variants_tried=1,,None,no_hit | variants=['TEBENTAFUSP']
TECHNESCAN TC 99M MERTIATIDE,0,,1,,0,,0,,0,,0,,0,,0,,O=C(O)CNC(=O)CNC(=O)CNC(=O)CSC(=O)c1ccccc1,o=c(o)cnc(=o)cnc(=o)cnc(=o)csc(=o)c1ccccc1,O=C(O)CNC(=O)CNC(=O)CNC(=O)CSC(=O)c1ccccc1,Original,,,,,,,,
TECHNETIUM TC 99M MERTIATIDE,0,,1,,0,,0,,0,,0,,0,,0,,O=C(O)CNC(=O)CNC(=O)CNC(=O)CS.[Tc+5],o=c(o)cnc(=o)cnc(=o)cnc(=o)cs.[tc+5],O=C(O)CNC(=O)CNC(=O)CNC(=O)CS.[Tc+5],Original,,,,,,,,
TECHNETIUM TC 99M SULFUR COLLOID KIT,1,Most,1,Most,0,,0,,0,,0,,1,,0,,S1SSSSSSS1.[Tc],s1sssssss1.[tc],S1SSSSSSS1.[Tc],Original,,,,,,,,
TECHNETIUM TC-99M,0,,1,,0,,0,,0,,0,,0,,0,,[Tc],[tc],[Tc],Original,,,,,,,,
TECHNETIUM TC-99M EXAMETAZIME,0,,1,,0,,0,,0,,0,,0,,0,,CC(=NO)C(C)NCC(C)(C)CNC(C)C(C)=NO.[Tc+5],cc(=no)c(c)ncc(c)(c)cnc(c)c(c)=no.[tc+5],CC(=NO)C(C)NCC(C)(C)CNC(C)C(C)=NO.[Tc+5],Original,,,,,,,,
TECHNETIUM TC-99M SESTAMIBI,1,Most,1,,0,,1,Most,0,,0,,0,,0,,[C-]#[N+]CC(C)(C)OC.[C-]#[N+]CC(C)(C)OC.[C-]#[N+]CC(C)(C)OC.[C-]#[N+]CC(C)(C)OC.[C-]#[N+]CC(C)(C)OC.[C-]#[N+]CC(C)(C)OC.[Tc],[c-]#[n+]cc(c)(c)oc.[c-]#[n+]cc(c)(c)oc.[c-]#[n+]cc(c)(c)oc.[c-]#[n+]cc(c)(c)oc.[c-]#[n+]cc(c)(c)oc.[c-]#[n+]cc(c)(c)oc.[tc],[C-]#[N+]CC(C)(C)OC.[C-]#[N+]CC(C)(C)OC.[C-]#[N+]CC(C)(C)OC.[C-]#[N+]CC(C)(C)OC.[C-]#[N+]CC(C)(C)OC.[C-]#[N+]CC(C)(C)OC.[Tc],Original,,,,,,,,
TECHNETIUM TC99M GENERATOR,0,,1,,0,,0,,0,,0,,0,,0,,Not found,not found,,NotFound,TECHNETIUM TC99M GENERATOR,TECHNETIUM TC99M GENERATOR,,,not_found | variants_tried=4,,None,"no_hit | variants=['TECHNETIUM TC M GENERATOR', 'TECHNETIUM', 'TECHNETIUM TC', 'TECHNETIUM TC M']"
TECLISTAMAB,1,,1,Most,1,Most,0,,1,Most,0,,0,,1,Most,Not found,not found,,NotFound,TECLISTAMAB,TECLISTAMAB,,,not_found | variants_tried=1,,,
TEMAZEPAM CIV,0,,1,,0,,0,,0,,0,,1,Most,0,,CN1C(=O)C(O)N=C(c2ccccc2)c2cc(Cl)ccc21,cn1c(=o)c(o)n=c(c2ccccc2)c2cc(cl)ccc21,CN1C(=O)C(O)N=C(c2ccccc2)c2cc(Cl)ccc21,Original,,,,,,,,
TEMSIROLIMUS INJECTION,0,,1,Most,1,Most,1,Most,1,Most,0,,1,Most,1,Most,COC1CC2CCC(C)C(O)(O2)C(=O)C(=O)N2CCCCC2C(=O)OC(C(C)CC2CCC(OC(=O)C(C)(CO)CO)C(OC)C2)CC(=O)C(C)C=C(C)C(O)C(OC)C(=O)C(C)CC(C)C=CC=CC=C1C,coc1cc2ccc(c)c(o)(o2)c(=o)c(=o)n2ccccc2c(=o)oc(c(c)cc2ccc(oc(=o)c(c)(co)co)c(oc)c2)cc(=o)c(c)c=c(c)c(o)c(oc)c(=o)c(c)cc(c)c=cc=cc=c1c,COC1CC2CCC(C)C(O)(O2)C(=O)C(=O)N2CCCCC2C(=O)OC(C(C)CC2CCC(OC(=O)C(C)(CO)CO)C(OC)C2)CC(=O)C(C)C=C(C)C(O)C(OC)C(=O)C(C)CC(C)C=CC=CC=C1C,Original,,,,,,,,
TENAPANOR,0,,0,,0,,0,,0,,0,,0,,0,,CN1Cc2c(Cl)cc(Cl)cc2[C@H](c2cccc(S(=O)(=O)NCCOCCOCCNC(=O)NCCCCNC(=O)NCCOCCOCCNS(=O)(=O)c3cccc([C@@H]4CN(C)Cc5c(Cl)cc(Cl)cc54)c3)c2)C1,cn1cc2c(cl)cc(cl)cc2[c@h](c2cccc(s(=o)(=o)nccoccoccnc(=o)nccccnc(=o)nccoccoccns(=o)(=o)c3cccc([c@@h]4cn(c)cc5c(cl)cc(cl)cc54)c3)c2)c1,CN1Cc2c(Cl)cc(Cl)cc2[C@H](c2cccc(S(=O)(=O)NCCOCCOCCNC(=O)NCCCCNC(=O)NCCOCCOCCNS(=O)(=O)c3cccc([C@@H]4CN(C)Cc5c(Cl)cc(Cl)cc54)c3)c2)C1,Original,,,,,,,,
TENECTEPLASE,1,Most,1,,1,Most,0,,0,,0,,0,,0,,Not found,not found,,NotFound,TENECTEPLASE,TENECTEPLASE,,,not_found | variants_tried=1,,,
TENOFOVIR DISOPROXIL FUMARATE TABLETS,0,,1,Most,0,,0,,1,Most,0,,0,,1,Most,CC(C)OC(=O)OCOP(=O)(COC(C)Cn1cnc2c(N)ncnc21)OCOC(=O)OC(C)C.O=C(O)C=CC(=O)O,cc(c)oc(=o)ocop(=o)(coc(c)cn1cnc2c(n)ncnc21)ococ(=o)oc(c)c.o=c(o)c=cc(=o)o,CC(C)OC(=O)OCOP(=O)(COC(C)Cn1cnc2c(N)ncnc21)OCOC(=O)OC(C)C.O=C(O)C=CC(=O)O,Original,,,,,,,,
TENOFOVIR DISPROXIL FUMARATE,0,,1,Most,1,,0,,1,Most,0,,0,,1,Most,CC(C)OC(=O)OCOP(=O)(COC(C)Cn1cnc2c(N)ncnc21)OCOC(=O)OC(C)C.O=C(O)C=CC(=O)O,cc(c)oc(=o)ocop(=o)(coc(c)cn1cnc2c(n)ncnc21)ococ(=o)oc(c)c.o=c(o)c=cc(=o)o,CC(C)OC(=O)OCOP(=O)(COC(C)Cn1cnc2c(N)ncnc21)OCOC(=O)OC(C)C.O=C(O)C=CC(=O)O,Original,,,,,,,,
TEPLIZUMAB-MZWV,0,,1,Most,1,Most,0,,1,Most,0,,0,,0,,Not found,not found,,NotFound,TEPLIZUMAB-MZWV,TEPLIZUMAB-MZWV,,,not_found | variants_tried=3,,None,"no_hit | variants=['TEPLIZUMAB MZWV', 'TEPLIZUMAB']"
TEPROTUMUMAB,0,,1,Most,0,,0,,0,,1,Most,0,,0,,Not found,not found,,NotFound,TEPROTUMUMAB,TEPROTUMUMAB,,,not_found | variants_tried=1,,,
TERAZOSIN HYDROCHLORIDE,1,Most,1,,1,,1,Most,0,,1,,0,,0,,COc1cc2nc(N3CCN(C(=O)C4CCCO4)CC3)nc(N)c2cc1OC,coc1cc2nc(n3ccn(c(=o)c4ccco4)cc3)nc(n)c2cc1oc,COc1cc2nc(N3CCN(C(=O)C4CCCO4)CC3)nc(N)c2cc1OC,Original,,,,,,,,
TERBINAFINE,0,,1,Most,1,Most,0,,1,Most,1,Most,0,,0,,CN(C/C=C/C#CC(C)(C)C)Cc1cccc2ccccc12,cn(c/c=c/c#cc(c)(c)c)cc1cccc2ccccc12,CN(C/C=C/C#CC(C)(C)C)Cc1cccc2ccccc12,Original,,,,,,,,
TERBINAFINE TABLETS 250 MG,0,,1,Most,1,Most,0,,1,Most,1,Most,0,,0,,CN(CC=CC#CC(C)(C)C)Cc1cccc2ccccc12,cn(cc=cc#cc(c)(c)c)cc1cccc2ccccc12,CN(CC=CC#CC(C)(C)C)Cc1cccc2ccccc12,Original,,,,,,,,
TERCONAZOLE,0,,1,,0,,0,,0,,0,,0,,0,,CC(C)N1CCN(c2ccc(OCC3COC(Cn4cncn4)(c4ccc(Cl)cc4Cl)O3)cc2)CC1,cc(c)n1ccn(c2ccc(occ3coc(cn4cncn4)(c4ccc(cl)cc4cl)o3)cc2)cc1,CC(C)N1CCN(c2ccc(OCC3COC(Cn4cncn4)(c4ccc(Cl)cc4Cl)O3)cc2)CC1,Original,,,,,,,,
TERLIPRESSIN,1,Most,1,Most,0,,0,,0,,0,,1,Most,0,,NCCCC[C@H](NC(=O)[C@@H]1CCCN1C(=O)[C@@H]1CSSC[C@H](NC(=O)CNC(=O)CNC(=O)CN)C(=O)N[C@@H](Cc2ccc(O)cc2)C(=O)N[C@@H](Cc2ccccc2)C(=O)N[C@@H](CCC(N)=O)C(=O)N[C@@H](CC(N)=O)C(=O)N1)C(=O)NCC(N)=O,ncccc[c@h](nc(=o)[c@@h]1cccn1c(=o)[c@@h]1cssc[c@h](nc(=o)cnc(=o)cnc(=o)cn)c(=o)n[c@@h](cc2ccc(o)cc2)c(=o)n[c@@h](cc2ccccc2)c(=o)n[c@@h](ccc(n)=o)c(=o)n[c@@h](cc(n)=o)c(=o)n1)c(=o)ncc(n)=o,NCCCC[C@H](NC(=O)[C@@H]1CCCN1C(=O)[C@@H]1CSSC[C@H](NC(=O)CNC(=O)CNC(=O)CN)C(=O)N[C@@H](Cc2ccc(O)cc2)C(=O)N[C@@H](Cc2ccccc2)C(=O)N[C@@H](CCC(N)=O)C(=O)N[C@@H](CC(N)=O)C(=O)N1)C(=O)NCC(N)=O,Original,,,,,,,,
TESAMORELIN,0,,1,Most,0,,0,,0,,0,,0,,0,,CCC=CCC(=O)NC(Cc1ccc(O)cc1)C(=O)NC(C)C(=O)NC(CC(=O)O)C(=O)NC(C)C(=O)NC(C(=O)NC(Cc1ccccc1)C(=O)NC(C(=O)NC(CC(N)=O)C(=O)NC(CO)C(=O)NC(Cc1ccc(O)cc1)C(=O)NC(CCCNC(=N)N)C(=O)NC(CCCCN)C(=O)NC(C(=O)NC(CC(C)C)C(=O)NCC(=O)NC(CCC(N)=O)C(=O)NC(CC(C)C)C(=O)NC(CO)C(=O)NC(C)C(=O)NC(CCCNC(=N)N)C(=O)NC(CCCCN)C(=O)NC(CC(C)C)C(=O)NC(CC(C)C)C(=O)NC(CCC(N)=O)C(=O)NC(CC(=O)O)C(=O)NC(C(=O)NC(CCSC)C(=O)NC(CO)C(=O)NC(CCCNC(=N)N)C(=O)NC(CCC(N)=O)C(=O)NC(CCC(N)=O)C(=O)NCC(=O)NC(CCC(=O)O)C(=O)NC(CO)C(=O)NC(CC(N)=O)C(=O)NC(CCC(N)=O)C(=O)NC(CCC(=O)O)C(=O)NC(CCCNC(=N)N)C(=O)NCC(=O)NC(C)C(=O)NC(CCCNC(=N)N)C(=O)NC(C)C(=O)NC(CCCNC(=N)N)C(=O)NC(CC(C)C)C(N)=O)C(C)CC)C(C)C)C(C)O)C(C)CC,ccc=ccc(=o)nc(cc1ccc(o)cc1)c(=o)nc(c)c(=o)nc(cc(=o)o)c(=o)nc(c)c(=o)nc(c(=o)nc(cc1ccccc1)c(=o)nc(c(=o)nc(cc(n)=o)c(=o)nc(co)c(=o)nc(cc1ccc(o)cc1)c(=o)nc(cccnc(=n)n)c(=o)nc(ccccn)c(=o)nc(c(=o)nc(cc(c)c)c(=o)ncc(=o)nc(ccc(n)=o)c(=o)nc(cc(c)c)c(=o)nc(co)c(=o)nc(c)c(=o)nc(cccnc(=n)n)c(=o)nc(ccccn)c(=o)nc(cc(c)c)c(=o)nc(cc(c)c)c(=o)nc(ccc(n)=o)c(=o)nc(cc(=o)o)c(=o)nc(c(=o)nc(ccsc)c(=o)nc(co)c(=o)nc(cccnc(=n)n)c(=o)nc(ccc(n)=o)c(=o)nc(ccc(n)=o)c(=o)ncc(=o)nc(ccc(=o)o)c(=o)nc(co)c(=o)nc(cc(n)=o)c(=o)nc(ccc(n)=o)c(=o)nc(ccc(=o)o)c(=o)nc(cccnc(=n)n)c(=o)ncc(=o)nc(c)c(=o)nc(cccnc(=n)n)c(=o)nc(c)c(=o)nc(cccnc(=n)n)c(=o)nc(cc(c)c)c(n)=o)c(c)cc)c(c)c)c(c)o)c(c)cc,CCC=CCC(=O)NC(Cc1ccc(O)cc1)C(=O)NC(C)C(=O)NC(CC(=O)O)C(=O)NC(C)C(=O)NC(C(=O)NC(Cc1ccccc1)C(=O)NC(C(=O)NC(CC(N)=O)C(=O)NC(CO)C(=O)NC(Cc1ccc(O)cc1)C(=O)NC(CCCNC(=N)N)C(=O)NC(CCCCN)C(=O)NC(C(=O)NC(CC(C)C)C(=O)NCC(=O)NC(CCC(N)=O)C(=O)NC(CC(C)C)C(=O)NC(CO)C(=O)NC(C)C(=O)NC(CCCNC(=N)N)C(=O)NC(CCCCN)C(=O)NC(CC(C)C)C(=O)NC(CC(C)C)C(=O)NC(CCC(N)=O)C(=O)NC(CC(=O)O)C(=O)NC(C(=O)NC(CCSC)C(=O)NC(CO)C(=O)NC(CCCNC(=N)N)C(=O)NC(CCC(N)=O)C(=O)NC(CCC(N)=O)C(=O)NCC(=O)NC(CCC(=O)O)C(=O)NC(CO)C(=O)NC(CC(N)=O)C(=O)NC(CCC(N)=O)C(=O)NC(CCC(=O)O)C(=O)NC(CCCNC(=N)N)C(=O)NCC(=O)NC(C)C(=O)NC(CCCNC(=N)N)C(=O)NC(C)C(=O)NC(CCCNC(=N)N)C(=O)NC(CC(C)C)C(N)=O)C(C)CC)C(C)C)C(C)O)C(C)CC,Original,,,,,,,,
TESTOSTERONE,1,Most,1,Most,1,Most,1,Most,0,,0,,1,Most,0,,C[C@]12CC[C@H]3[C@@H](CCC4=CC(=O)CC[C@@]43C)[C@@H]1CC[C@@H]2O,c[c@]12cc[c@h]3[c@@h](ccc4=cc(=o)cc[c@@]43c)[c@@h]1cc[c@@h]2o,C[C@]12CC[C@H]3[C@@H](CCC4=CC(=O)CC[C@@]43C)[C@@H]1CC[C@@H]2O,Original,,,,,,,,
"TESTOSTERONE GEL, 1%",1,Most,1,,1,Most,1,Most,0,,0,,1,Most,0,,CC12CCC(=O)C=C1CCC1C2CCC2(C)C(O)CCC12,cc12ccc(=o)c=c1ccc1c2ccc2(c)c(o)ccc12,CC12CCC(=O)C=C1CCC1C2CCC2(C)C(O)CCC12,Original,,,,,,,,
TETRACAINE HYDROCHLORIDE,1,,0,,0,,0,,0,,0,,0,,0,,CCCCNc1ccc(C(=O)OCCN(C)C)cc1,ccccnc1ccc(c(=o)occn(c)c)cc1,CCCCNc1ccc(C(=O)OCCN(C)C)cc1,Original,,,,,,,,
TETRAKIS(2-METHOXYISOBUTYLISOCYANIDE)COPPER(I) TETRAFLUOROBORATE,1,,1,,0,,1,Most,0,,0,,0,,0,,F[B-](F)(F)F.[C-]#[N+]CC(C)(C)OC.[C-]#[N+]CC(C)(C)OC.[C-]#[N+]CC(C)(C)OC.[C-]#[N+]CC(C)(C)OC.[Cu+],f[b-](f)(f)f.[c-]#[n+]cc(c)(c)oc.[c-]#[n+]cc(c)(c)oc.[c-]#[n+]cc(c)(c)oc.[c-]#[n+]cc(c)(c)oc.[cu+],F[B-](F)(F)F.[C-]#[N+]CC(C)(C)OC.[C-]#[N+]CC(C)(C)OC.[C-]#[N+]CC(C)(C)OC.[C-]#[N+]CC(C)(C)OC.[Cu+],Original,,,,,,,,
TEZEPELUMAB-EKKO,1,Most,1,Most,0,,0,,0,,0,,0,,0,,Not found,not found,,NotFound,TEZEPELUMAB-EKKO,TEZEPELUMAB-EKKO,,,not_found | variants_tried=3,,None,"no_hit | variants=['TEZEPELUMAB EKKO', 'TEZEPELUMAB']"
"THALLOUS CHLORIDE, TL 201",1,,1,,0,,0,,0,,0,,0,,0,,[Cl][Tl],[cl][tl],[Cl][Tl],Original,,,,,,,,
THEOPHYLLINE ANHYDROUS,1,Most,0,,0,,1,Most,1,,0,,0,,0,,Cn1c(=O)c2[nH]cnc2n(C)c1=O,cn1c(=o)c2[nh]cnc2n(c)c1=o,Cn1c(=O)c2[nH]cnc2n(C)c1=O,Original,,,,,,,,
THIAMINE HCL,0,,1,Most,0,,0,,0,,0,,1,Most,0,,Cc1ncc(C[n+]2csc(CCO)c2C)c(N)n1,cc1ncc(c[n+]2csc(cco)c2c)c(n)n1,Cc1ncc(C[n+]2csc(CCO)c2C)c(N)n1,Original,,,,,,,,
"THIAMINE HYDROCHLORIDE INJECTION, SOLUTION",0,,1,Most,1,,0,,0,,0,,1,Most,1,Most,Cc1ncc(C[n+]2csc(CCO)c2C)c(N)n1,cc1ncc(c[n+]2csc(cco)c2c)c(n)n1,Cc1ncc(C[n+]2csc(CCO)c2C)c(N)n1,Original,,,,,,,,
THIOTEPA,1,Most,1,Most,1,Most,1,Most,1,Most,1,Most,1,Most,1,Most,S=P(N1CC1)(N1CC1)N1CC1,s=p(n1cc1)(n1cc1)n1cc1,S=P(N1CC1)(N1CC1)N1CC1,Original,,,,,,,,
THYROTROPIN ALFA,1,Most,1,,0,,0,,0,,0,,0,,0,,NC(=O)C1CCCN1C(=O)C(Cc1cnc[nH]1)NC(=O)C1CCC(=O)N1,nc(=o)c1cccn1c(=o)c(cc1cnc[nh]1)nc(=o)c1ccc(=o)n1,NC(=O)C1CCCN1C(=O)C(Cc1cnc[nH]1)NC(=O)C1CCC(=O)N1,Original,,,,,,,,
TIAGABINE HYDROCHLORIDE,0,,1,Most,1,,0,,1,,1,,0,,0,,Cc1ccsc1C(=CCCN1CCC[C@@H](C(=O)O)C1)c1sccc1C,cc1ccsc1c(=cccn1ccc[c@@h](c(=o)o)c1)c1sccc1c,Cc1ccsc1C(=CCCN1CCC[C@@H](C(=O)O)C1)c1sccc1C,Original,,,,,,,,
TIGAN(R) (TRIMETHOBENZAMIDE HYDROCHLORIDE),0,,1,,1,Most,0,,0,,0,,0,,0,,COc1cc(C(=O)NCc2ccc(OCCN(C)C)cc2)cc(OC)c1OC,coc1cc(c(=o)ncc2ccc(occn(c)c)cc2)cc(oc)c1oc,COc1cc(C(=O)NCc2ccc(OCCN(C)C)cc2)cc(OC)c1OC,Original,,,,,,,,
TILDRAKIZUMAB-ASMN,0,,1,,0,,0,,0,,0,,0,,0,,Not found,not found,,NotFound,TILDRAKIZUMAB-ASMN,TILDRAKIZUMAB-ASMN,,,not_found | variants_tried=3,,None,"no_hit | variants=['TILDRAKIZUMAB ASMN', 'TILDRAKIZUMAB']"
TIMOLOL,1,Most,1,,0,,0,,0,,0,,1,Most,0,,CC(C)(C)NC[C@H](O)COc1nsnc1N1CCOCC1,cc(c)(c)nc[c@h](o)coc1nsnc1n1ccocc1,CC(C)(C)NC[C@H](O)COc1nsnc1N1CCOCC1,Original,,,,,,,,
TIMOLOL MALEATE,1,Most,1,Most,1,Most,0,,0,,0,,1,Most,0,,CC(C)(C)NC[C@H](O)COc1nsnc1N1CCOCC1.O=C(O)/C=C\C(=O)O,cc(c)(c)nc[c@h](o)coc1nsnc1n1ccocc1.o=c(o)/c=c\c(=o)o,CC(C)(C)NC[C@H](O)COc1nsnc1N1CCOCC1.O=C(O)/C=C\C(=O)O,Original,,,,,,,,
TIMOLOL MALEATE OPHTHALMIC,1,Most,1,Most,1,Most,0,,0,,0,,1,Most,0,,CC(C)(C)NCC(O)COc1nsnc1N1CCOCC1.O=C(O)C=CC(=O)O,cc(c)(c)ncc(o)coc1nsnc1n1ccocc1.o=c(o)c=cc(=o)o,CC(C)(C)NCC(O)COc1nsnc1N1CCOCC1.O=C(O)C=CC(=O)O,Original,,,,,,,,
TIMOLOL MALEATE OPHTHALMIC GEL FORMING SOLUTION,1,Most,1,Most,1,,0,,0,,0,,1,Most,0,,CC(C)(C)NCC(O)COc1nsnc1N1CCOCC1.O=C(O)C=CC(=O)O,cc(c)(c)ncc(o)coc1nsnc1n1ccocc1.o=c(o)c=cc(=o)o,CC(C)(C)NCC(O)COc1nsnc1N1CCOCC1.O=C(O)C=CC(=O)O,Original,,,,,,,,
TIMOLOL MALEATE OPHTHALMIC GEL FORMING SOLUTION 0.25%; TIMOLOL MALEATE OPHTHALMIC GEL FORMING SOLUTION 0.5%,1,Most,1,Most,1,Most,0,,0,,1,,1,Most,0,,Not found,not found,CC(C)(C)NC[C@H](O)COc1nsnc1N1CCOCC1.O=C(O)/C=C\C(=O)O,ChEMBL,,,,,,,,
"TIMOLOL MALEATE OPHTHALMIC GEL FORMING SOLUTION, 0.25%; TIMOLOL MALEATE OPHTHALMIC GEL FORMING SOLUTION, 0.5%",1,Most,1,Most,1,Most,0,,0,,1,,1,Most,0,,Not found,not found,CC(C)(C)NC[C@H](O)COc1nsnc1N1CCOCC1.O=C(O)/C=C\C(=O)O,ChEMBL,,,,,,,,
TIMOLOL MALEATE OPHTHALMIC GEL FORMING; TIMOLOL MALEATE OPHTHALMIC GEL FORMING SOLUTION,1,Most,1,Most,1,,0,,0,,0,,1,Most,0,,Not found,not found,CC(C)(C)NC[C@H](O)COc1nsnc1N1CCOCC1.O=C(O)/C=C\C(=O)O,ChEMBL,,,,,,,,
TIROFIBAN HYDROCHLORIDE,0,,1,,1,Most,0,,0,,0,,0,,0,,CCCCS(=O)(=O)N[C@@H](Cc1ccc(OCCCCC2CCNCC2)cc1)C(=O)O,ccccs(=o)(=o)n[c@@h](cc1ccc(occccc2ccncc2)cc1)c(=o)o,CCCCS(=O)(=O)N[C@@H](Cc1ccc(OCCCCC2CCNCC2)cc1)C(=O)O,Original,,,,,,,,
TIRZEPATIDE,1,Most,1,Most,0,,1,Most,0,,0,,0,,1,Most,Not found,not found,,NotFound,TIRZEPATIDE,TIRZEPATIDE,,,not_found | variants_tried=1,,None,no_hit | variants=['TIRZEPATIDE']
TISLELIZUMAB,1,Most,1,Most,1,Most,0,,1,Most,0,,1,Most,1,Most,Not found,not found,,NotFound,TISLELIZUMAB,TISLELIZUMAB,,,not_found | variants_tried=1,,,
TISOTUMAB VEDOTIN,0,,1,Most,1,Most,1,Most,1,,0,,1,Most,1,,Not found,not found,CC[C@H](C)[C@@H]([C@@H](CC(=O)N1CCC[C@H]1[C@H](OC)[C@@H](C)C(=O)N[C@H](C)[C@@H](O)c1ccccc1)OC)N(C)C(=O)[C@@H](NC(=O)[C@H](C(C)C)N(C)C(=O)OCc1ccc(NC(=O)[C@H](CCCNC(N)=O)NC(=O)[C@@H](NC(=O)CCCCCN2C(=O)CCC2=O)C(C)C)cc1)C(C)C,ChEMBL,TISOTUMAB VEDOTIN,TISOTUMAB VEDOTIN,CC[C@H](C)[C@@H]([C@@H](CC(=O)N1CCC[C@H]1[C@H](OC)[C@@H](C)C(=O)N[C@H](C)[C@@H](O)c1ccccc1)OC)N(C)C(=O)[C@@H](NC(=O)[C@H](C(C)C)N(C)C(=O)OCc1ccc(NC(=O)[C@H](CCCNC(N)=O)NC(=O)[C@@H](NC(=O)CCCCCN2C(=O)CCC2=O)C(C)C)cc1)C(C)C,ChEMBL,found_chembl | variants_tried=2,,,
TIZANDINE,1,Most,1,Most,0,,1,,1,Most,0,,0,,0,Most,Clc1ccc2nsnc2c1NC1=NCCN1,clc1ccc2nsnc2c1nc1=nccn1,Clc1ccc2nsnc2c1NC1=NCCN1,Original,,,,,,,,
TIZANIDINE HCL,1,Most,1,Most,0,,1,,1,Most,0,,0,,0,,Clc1ccc2nsnc2c1NC1=NCCN1,clc1ccc2nsnc2c1nc1=nccn1,Clc1ccc2nsnc2c1NC1=NCCN1,Original,,,,,,,,
TIZANIDNE HYDROCHLORIDE,1,Most,1,Most,0,,1,,1,Most,0,,0,,0,,Clc1ccc2nsnc2c1NC1=NCCN1,clc1ccc2nsnc2c1nc1=nccn1,Clc1ccc2nsnc2c1NC1=NCCN1,Original,,,,,,,,
TOBRAMYCIN,0,,1,Most,0,,0,,0,,0,,0,,0,,NC[C@H]1O[C@H](O[C@H]2[C@H](O)[C@@H](O[C@H]3O[C@H](CO)[C@@H](O)[C@H](N)[C@H]3O)[C@H](N)C[C@@H]2N)[C@H](N)C[C@@H]1O,nc[c@h]1o[c@h](o[c@h]2[c@h](o)[c@@h](o[c@h]3o[c@h](co)[c@@h](o)[c@h](n)[c@h]3o)[c@h](n)c[c@@h]2n)[c@h](n)c[c@@h]1o,NC[C@H]1O[C@H](O[C@H]2[C@H](O)[C@@H](O[C@H]3O[C@H](CO)[C@@H](O)[C@H](N)[C@H]3O)[C@H](N)C[C@@H]2N)[C@H](N)C[C@@H]1O,Original,,,,,,,,
TOBRAMYCIN OPHTHALMIC SOLUTION,0,,1,Most,0,,0,,0,,0,,0,,0,,NCC1OC(OC2C(N)CC(N)C(OC3OC(CO)C(O)C(N)C3O)C2O)C(N)CC1O,ncc1oc(oc2c(n)cc(n)c(oc3oc(co)c(o)c(n)c3o)c2o)c(n)cc1o,NCC1OC(OC2C(N)CC(N)C(OC3OC(CO)C(O)C(N)C3O)C2O)C(N)CC1O,Original,,,,,,,,
TOCILIZUMAB,0,,1,Most,1,Most,0,,1,Most,0,,0,,0,,Not found,not found,,NotFound,TOCILIZUMAB,TOCILIZUMAB,,,not_found | variants_tried=1,,,
TOCILIZUMAB-AAZG,0,,1,Most,1,Most,0,,1,Most,0,,0,,0,,Not found,not found,,NotFound,TOCILIZUMAB-AAZG,TOCILIZUMAB-AAZG,,,not_found | variants_tried=3,,None,"no_hit | variants=['TOCILIZUMAB AAZG', 'TOCILIZUMAB']"
TOFERSEN,0,,0,,1,,0,,0,,0,,0,,0,,COCCOC1C(O)C(COP(O)(=S)OC2C(COP(=O)(O)OC3C(COP(=O)(S)OC4C(COP(=O)(O)OC5C(COP(O)(=S)OC6CC(n7cnc8c(N)ncnc87)OC6COP(O)(=S)OC6CC(n7cc(C)c(=O)[nH]c7=O)OC6COP(O)(=S)OC6CC(n7cc(C)c(N)nc7=O)OC6COP(O)(=S)OC6CC(n7cc(C)c(=O)[nH]c7=O)OC6COP(O)(=S)OC6CC(n7cc(C)c(=O)[nH]c7=O)OC6COP(O)(=S)OC6CC(n7cc(C)c(=O)[nH]c7=O)OC6COP(O)(=S)OC6CC(n7cnc8c(N)ncnc87)OC6COP(O)(=S)OC6CC(n7cc(C)c(N)nc7=O)OC6COP(O)(=S)OC6CC(n7cnc8c(N)ncnc87)OC6COP(O)(=S)OC6CC(n7cc(C)c(=O)[nH]c7=O)OC6COP(O)(=S)OC6C(COP(=O)(O)OC7C(COP(O)(=S)OC8C(COP(=O)(O)OC9C(COP(O)(=S)OC%10C(CO)OC(n%11cc(C)c(N)nc%11=O)C%10OCCOC)OC(n%10cnc%11c(N)ncnc%11%10)C9OCCOC)OC(n9cnc%10c(=O)[nH]c(N)nc%109)C8OCCOC)OC(n8cnc9c(=O)[nH]c(N)nc98)C7OCCOC)OC(n7cnc8c(N)ncnc87)C6OCCOC)OC(n6cc(C)c(N)nc6=O)C5OCCOC)OC(n5cnc6c(N)ncnc65)C4OCCOC)OC(n4cnc5c(=O)[nH]c(N)nc54)C3OCCOC)OC(n3cc(C)c(N)nc3=O)C2OCCOC)OC1n1cc(C)c(=O)[nH]c1=O,coccoc1c(o)c(cop(o)(=s)oc2c(cop(=o)(o)oc3c(cop(=o)(s)oc4c(cop(=o)(o)oc5c(cop(o)(=s)oc6cc(n7cnc8c(n)ncnc87)oc6cop(o)(=s)oc6cc(n7cc(c)c(=o)[nh]c7=o)oc6cop(o)(=s)oc6cc(n7cc(c)c(n)nc7=o)oc6cop(o)(=s)oc6cc(n7cc(c)c(=o)[nh]c7=o)oc6cop(o)(=s)oc6cc(n7cc(c)c(=o)[nh]c7=o)oc6cop(o)(=s)oc6cc(n7cc(c)c(=o)[nh]c7=o)oc6cop(o)(=s)oc6cc(n7cnc8c(n)ncnc87)oc6cop(o)(=s)oc6cc(n7cc(c)c(n)nc7=o)oc6cop(o)(=s)oc6cc(n7cnc8c(n)ncnc87)oc6cop(o)(=s)oc6cc(n7cc(c)c(=o)[nh]c7=o)oc6cop(o)(=s)oc6c(cop(=o)(o)oc7c(cop(o)(=s)oc8c(cop(=o)(o)oc9c(cop(o)(=s)oc%10c(co)oc(n%11cc(c)c(n)nc%11=o)c%10occoc)oc(n%10cnc%11c(n)ncnc%11%10)c9occoc)oc(n9cnc%10c(=o)[nh]c(n)nc%109)c8occoc)oc(n8cnc9c(=o)[nh]c(n)nc98)c7occoc)oc(n7cnc8c(n)ncnc87)c6occoc)oc(n6cc(c)c(n)nc6=o)c5occoc)oc(n5cnc6c(n)ncnc65)c4occoc)oc(n4cnc5c(=o)[nh]c(n)nc54)c3occoc)oc(n3cc(c)c(n)nc3=o)c2occoc)oc1n1cc(c)c(=o)[nh]c1=o,COCCOC1C(O)C(COP(O)(=S)OC2C(COP(=O)(O)OC3C(COP(=O)(S)OC4C(COP(=O)(O)OC5C(COP(O)(=S)OC6CC(n7cnc8c(N)ncnc87)OC6COP(O)(=S)OC6CC(n7cc(C)c(=O)[nH]c7=O)OC6COP(O)(=S)OC6CC(n7cc(C)c(N)nc7=O)OC6COP(O)(=S)OC6CC(n7cc(C)c(=O)[nH]c7=O)OC6COP(O)(=S)OC6CC(n7cc(C)c(=O)[nH]c7=O)OC6COP(O)(=S)OC6CC(n7cc(C)c(=O)[nH]c7=O)OC6COP(O)(=S)OC6CC(n7cnc8c(N)ncnc87)OC6COP(O)(=S)OC6CC(n7cc(C)c(N)nc7=O)OC6COP(O)(=S)OC6CC(n7cnc8c(N)ncnc87)OC6COP(O)(=S)OC6CC(n7cc(C)c(=O)[nH]c7=O)OC6COP(O)(=S)OC6C(COP(=O)(O)OC7C(COP(O)(=S)OC8C(COP(=O)(O)OC9C(COP(O)(=S)OC%10C(CO)OC(n%11cc(C)c(N)nc%11=O)C%10OCCOC)OC(n%10cnc%11c(N)ncnc%11%10)C9OCCOC)OC(n9cnc%10c(=O)[nH]c(N)nc%109)C8OCCOC)OC(n8cnc9c(=O)[nH]c(N)nc98)C7OCCOC)OC(n7cnc8c(N)ncnc87)C6OCCOC)OC(n6cc(C)c(N)nc6=O)C5OCCOC)OC(n5cnc6c(N)ncnc65)C4OCCOC)OC(n4cnc5c(=O)[nH]c(N)nc54)C3OCCOC)OC(n3cc(C)c(N)nc3=O)C2OCCOC)OC1n1cc(C)c(=O)[nH]c1=O,Original,,,,,,,,
TOLTERODINE,1,Most,1,Most,0,,0,,0,,0,,0,,0,,Cc1ccc(O)c([C@H](CCN(C(C)C)C(C)C)c2ccccc2)c1,cc1ccc(o)c([c@h](ccn(c(c)c)c(c)c)c2ccccc2)c1,Cc1ccc(O)c([C@H](CCN(C(C)C)C(C)C)c2ccccc2)c1,Original,,,,,,,,
TOLTERODINE TARTARATE; TOLTERODINE TARTRATE,1,Most,1,,0,,0,,0,,0,,0,,0,,Not found,not found,Cc1ccc(O)c([C@H](CCN(C(C)C)C(C)C)c2ccccc2)c1.O=C(O)C(O)C(O)C(=O)O,ChEMBL,,,,,,,,
TOPIRAMATE SPINKLE,0,,1,Most,1,Most,0,,1,Most,0,,0,,1,Most,CC1(C)OC2COC3(COS(N)(=O)=O)OC(C)(C)OC3C2O1,cc1(c)oc2coc3(cos(n)(=o)=o)oc(c)(c)oc3c2o1,CC1(C)OC2COC3(COS(N)(=O)=O)OC(C)(C)OC3C2O1,Original,,,,,,,,
TOPIRAMATE TABLET,1,,1,Most,1,Most,0,,1,,1,,0,,1,Most,CC1(C)OC2COC3(COS(N)(=O)=O)OC(C)(C)OC3C2O1,cc1(c)oc2coc3(cos(n)(=o)=o)oc(c)(c)oc3c2o1,CC1(C)OC2COC3(COS(N)(=O)=O)OC(C)(C)OC3C2O1,Original,,,,,,,,
TOPOTECAN HYDROCHLORIDE,0,,1,Most,1,Most,1,Most,1,,0,,1,Most,0,,CC[C@@]1(O)C(=O)OCc2c1cc1n(c2=O)Cc2cc3c(CN(C)C)c(O)ccc3nc2-1,cc[c@@]1(o)c(=o)occ2c1cc1n(c2=o)cc2cc3c(cn(c)c)c(o)ccc3nc2-1,CC[C@@]1(O)C(=O)OCc2c1cc1n(c2=O)Cc2cc3c(CN(C)C)c(O)ccc3nc2-1,Original,,,,,,,,
TORIPALIMAB-TPZI,1,Most,1,Most,1,Most,0,,1,Most,0,,1,Most,1,Most,Not found,not found,,NotFound,TORIPALIMAB-TPZI,TORIPALIMAB-TPZI,,,not_found | variants_tried=3,,None,"no_hit | variants=['TORIPALIMAB TPZI', 'TORIPALIMAB']"
TOVORAFENIB,0,,1,Most,1,Most,1,Most,1,Most,0,,0,,0,,C[C@@H](NC(=O)c1ncnc(N)c1Cl)c1ncc(C(=O)Nc2cc(C(F)(F)F)c(Cl)cn2)s1,c[c@@h](nc(=o)c1ncnc(n)c1cl)c1ncc(c(=o)nc2cc(c(f)(f)f)c(cl)cn2)s1,C[C@@H](NC(=O)c1ncnc(N)c1Cl)c1ncc(C(=O)Nc2cc(C(F)(F)F)c(Cl)cn2)s1,Original,,,,,,,,
TOXICOLOGY SALIVA COLLECTION KIT,1,Most,1,Most,1,Most,0,,1,,1,,0,,1,Most,Not found,not found,Cn1cc(-c2cc(Oc3cc(F)c(NC(=O)C4(C(=O)Nc5ccccc5)CC4)cc3F)ccn2)cn1,ChEMBL,,,,,,,,
TRALOKINUMAB-LDRM,0,,1,Most,1,,0,,0,,0,,0,,0,,Not found,not found,,NotFound,TRALOKINUMAB-LDRM,TRALOKINUMAB-LDRM,,,not_found | variants_tried=3,,None,"no_hit | variants=['TRALOKINUMAB LDRM', 'TRALOKINUMAB']"
TRAMADOL ER,0,,1,Most,0,,0,,0,,0,,1,Most,0,,COc1cccc(C2(O)CCCCC2CN(C)C)c1,coc1cccc(c2(o)ccccc2cn(c)c)c1,COc1cccc(C2(O)CCCCC2CN(C)C)c1,Original,,,,,,,,
TRAMADOL HCL,1,,1,Most,0,,1,,0,,0,,1,Most,0,,COc1cccc(C2(O)CCCCC2CN(C)C)c1,coc1cccc(c2(o)ccccc2cn(c)c)c1,COc1cccc(C2(O)CCCCC2CN(C)C)c1,Original,,,,,,,,
TRAMADOL HCL ER,1,Most,1,Most,0,,1,,0,,0,,1,Most,1,,COc1cccc(C2(O)CCCCC2CN(C)C)c1,coc1cccc(c2(o)ccccc2cn(c)c)c1,COc1cccc(C2(O)CCCCC2CN(C)C)c1,Original,,,,,,,,
TRAMADOL HCL; TRAMADOL HYDROCHLORIDE,1,,1,Most,1,,1,,1,Most,0,,1,Most,0,,Not found,not found,COc1cccc(C2(O)CCCCC2CN(C)C)c1.Cl,ChEMBL,,,,,,,,
TRANYLCYPROMINE,1,Most,1,Most,1,Most,0,,1,Most,1,,0,,0,,N[C@@H]1C[C@H]1c1ccccc1.N[C@H]1C[C@@H]1c1ccccc1,n[c@@h]1c[c@h]1c1ccccc1.n[c@h]1c[c@@h]1c1ccccc1,N[C@@H]1C[C@H]1c1ccccc1.N[C@H]1C[C@@H]1c1ccccc1,Original,,,,,,,,
TRASTUZUMAB,1,Most,1,Most,1,Most,0,,0,,0,,1,Most,1,Most,Not found,not found,,NotFound,TRASTUZUMAB,TRASTUZUMAB,,,not_found | variants_tried=1,,,
TRASTUZUMAB-ANNS,1,Most,1,Most,1,Most,0,,0,,0,,1,Most,1,Most,Not found,not found,,NotFound,TRASTUZUMAB-ANNS,TRASTUZUMAB-ANNS,,,not_found | variants_tried=3,,None,"no_hit | variants=['TRASTUZUMAB ANNS', 'TRASTUZUMAB']"
TRASTUZUMAB-DKST,1,Most,1,Most,1,Most,0,,0,,0,,1,Most,1,Most,Not found,not found,,NotFound,TRASTUZUMAB-DKST,TRASTUZUMAB-DKST,,,not_found | variants_tried=3,,None,"no_hit | variants=['TRASTUZUMAB DKST', 'TRASTUZUMAB']"
TRASTUZUMAB-QYYP,1,Most,1,Most,1,Most,0,,0,,0,,1,Most,1,Most,Not found,not found,,NotFound,TRASTUZUMAB-QYYP,TRASTUZUMAB-QYYP,,,not_found | variants_tried=3,,None,"no_hit | variants=['TRASTUZUMAB QYYP', 'TRASTUZUMAB']"
TRAVOPROST,1,,1,Most,0,,1,,0,,0,,0,,0,,CC(C)OC(=O)CCC/C=C\C[C@@H]1[C@@H](/C=C/[C@@H](O)COc2cccc(C(F)(F)F)c2)[C@H](O)C[C@@H]1O,cc(c)oc(=o)ccc/c=c\c[c@@h]1[c@@h](/c=c/[c@@h](o)coc2cccc(c(f)(f)f)c2)[c@h](o)c[c@@h]1o,CC(C)OC(=O)CCC/C=C\C[C@@H]1[C@@H](/C=C/[C@@H](O)COc2cccc(C(F)(F)F)c2)[C@H](O)C[C@@H]1O,Original,,,,,,,,
TRAVOPROST INTRACAMERAL,0,,0,,0,,1,,0,,0,,0,,0,,CC(C)OC(=O)CCCC=CCC1C(O)CC(O)C1C=CC(O)COc1cccc(C(F)(F)F)c1,cc(c)oc(=o)cccc=ccc1c(o)cc(o)c1c=cc(o)coc1cccc(c(f)(f)f)c1,CC(C)OC(=O)CCCC=CCC1C(O)CC(O)C1C=CC(O)COc1cccc(C(F)(F)F)c1,Original,,,,,,,,
TRAVOPROST OPHTHALMIC SOLUTION,1,Most,1,Most,0,,1,,0,,0,,0,,0,,CC(C)OC(=O)CCCC=CCC1C(O)CC(O)C1C=CC(O)COc1cccc(C(F)(F)F)c1,cc(c)oc(=o)cccc=ccc1c(o)cc(o)c1c=cc(o)coc1cccc(c(f)(f)f)c1,CC(C)OC(=O)CCCC=CCC1C(O)CC(O)C1C=CC(O)COc1cccc(C(F)(F)F)c1,Original,,,,,,,,
"TRAVOPROST OPHTHALMIC SOLUTION USP, 0.004%",0,,1,Most,0,,1,,0,,0,,0,,0,,CC(C)OC(=O)CCCC=CCC1C(O)CC(O)C1C=CC(O)COc1cccc(C(F)(F)F)c1,cc(c)oc(=o)cccc=ccc1c(o)cc(o)c1c=cc(o)coc1cccc(c(f)(f)f)c1,CC(C)OC(=O)CCCC=CCC1C(O)CC(O)C1C=CC(O)COc1cccc(C(F)(F)F)c1,Original,,,,,,,,
"TRAVOPROST OPHTHALMIC SOLUTION, 0.004%",1,Most,1,Most,0,,1,,0,,0,,0,,0,,CC(C)OC(=O)CCCC=CCC1C(O)CC(O)C1C=CC(O)COc1cccc(C(F)(F)F)c1,cc(c)oc(=o)cccc=ccc1c(o)cc(o)c1c=cc(o)coc1cccc(c(f)(f)f)c1,CC(C)OC(=O)CCCC=CCC1C(O)CC(O)C1C=CC(O)COc1cccc(C(F)(F)F)c1,Original,,,,,,,,
TRAZODONE,1,,1,Most,1,,0,,1,,0,,0,,0,,O=c1n(CCCN2CCN(c3cccc(Cl)c3)CC2)nc2ccccn12,o=c1n(cccn2ccn(c3cccc(cl)c3)cc2)nc2ccccn12,O=c1n(CCCN2CCN(c3cccc(Cl)c3)CC2)nc2ccccn12,Original,,,,,,,,
TRAZODONE HCL,1,Most,1,Most,1,Most,0,,1,,0,,0,,0,,O=c1n(CCCN2CCN(c3cccc(Cl)c3)CC2)nc2ccccn12,o=c1n(cccn2ccn(c3cccc(cl)c3)cc2)nc2ccccn12,O=c1n(CCCN2CCN(c3cccc(Cl)c3)CC2)nc2ccccn12,Original,,,,,,,,
TRAZODONE HYDROCHLORIDE; TRAZODONE HYDROCHORIDE,1,Most,1,Most,1,Most,0,,0,,0,,0,,0,,Not found,not found,Cl.O=c1n(CCCN2CCN(c3cccc(Cl)c3)CC2)nc2ccccn12,ChEMBL,,,,,,,,
TREMELIMUMAB,1,Most,1,Most,1,Most,0,,1,Most,0,,1,Most,1,Most,Not found,not found,,NotFound,TREMELIMUMAB,TREMELIMUMAB,,,not_found | variants_tried=1,,,
TRETINOIN,0,,1,Most,0,,0,,1,,0,,0,,0,,CC1=C(/C=C/C(C)=C/C=C/C(C)=C/C(=O)O)C(C)(C)CCC1,cc1=c(/c=c/c(c)=c/c=c/c(c)=c/c(=o)o)c(c)(c)ccc1,CC1=C(/C=C/C(C)=C/C=C/C(C)=C/C(=O)O)C(C)(C)CCC1,Original,,,,,,,,
TRIAMCINOLONE ACETONIDE,1,Most,1,Most,1,,1,Most,0,,0,,1,,1,Most,CC1(C)O[C@@H]2C[C@H]3[C@@H]4CCC5=CC(=O)C=C[C@]5(C)[C@@]4(F)[C@@H](O)C[C@]3(C)[C@]2(C(=O)CO)O1,cc1(c)o[c@@h]2c[c@h]3[c@@h]4ccc5=cc(=o)c=c[c@]5(c)[c@@]4(f)[c@@h](o)c[c@]3(c)[c@]2(c(=o)co)o1,CC1(C)O[C@@H]2C[C@H]3[C@@H]4CCC5=CC(=O)C=C[C@]5(C)[C@@]4(F)[C@@H](O)C[C@]3(C)[C@]2(C(=O)CO)O1,Original,,,,,,,,
TRIAMCINOLONE ACETONIDE EXTENDED-RELEASE INJECTABLE SUSPENSION,1,Most,1,,0,,0,,0,,0,,0,,0,,CC1(C)OC2CC3C4CCC5=CC(=O)C=CC5(C)C4(F)C(O)CC3(C)C2(C(=O)CO)O1,cc1(c)oc2cc3c4ccc5=cc(=o)c=cc5(c)c4(f)c(o)cc3(c)c2(c(=o)co)o1,CC1(C)OC2CC3C4CCC5=CC(=O)C=CC5(C)C4(F)C(O)CC3(C)C2(C(=O)CO)O1,Original,,,,,,,,
TRIAMTERENE,1,Most,1,,1,Most,0,,1,Most,0,,0,,1,Most,Nc1nc(N)c2nc(-c3ccccc3)c(N)nc2n1,nc1nc(n)c2nc(-c3ccccc3)c(n)nc2n1,Nc1nc(N)c2nc(-c3ccccc3)c(N)nc2n1,Original,,,,,,,,
TRIENTINE,0,,1,,1,Most,0,,0,,0,,0,,0,,NCCNCCNCCN,nccnccnccn,NCCNCCNCCN,Original,,,,,,,,
TRIENTINE TETRAHYDROCHLORIDE,0,,1,Most,1,Most,0,,0,,0,,1,Most,0,,NCCNCCNCCN,nccnccnccn,NCCNCCNCCN,Original,,,,,,,,
TRIFLUOPERAZINE,1,Most,1,Most,1,Most,1,Most,1,Most,0,,0,,0,,CN1CCN(CCCN2c3ccccc3Sc3ccc(C(F)(F)F)cc32)CC1,cn1ccn(cccn2c3ccccc3sc3ccc(c(f)(f)f)cc32)cc1,CN1CCN(CCCN2c3ccccc3Sc3ccc(C(F)(F)F)cc32)CC1,Original,,,,,,,,
TRIFLURIDINE,0,,1,Most,1,,1,Most,0,,0,,0,,0,,O=c1[nH]c(=O)n([C@H]2C[C@H](O)[C@@H](CO)O2)cc1C(F)(F)F,o=c1[nh]c(=o)n([c@h]2c[c@h](o)[c@@h](co)o2)cc1c(f)(f)f,O=c1[nH]c(=O)n([C@H]2C[C@H](O)[C@@H](CO)O2)cc1C(F)(F)F,Original,,,,,,,,
TRIMETHOBENZAMIDE,0,,1,,1,Most,0,,1,,0,,0,,0,,COc1cc(C(=O)NCc2ccc(OCCN(C)C)cc2)cc(OC)c1OC,coc1cc(c(=o)ncc2ccc(occn(c)c)cc2)cc(oc)c1oc,COc1cc(C(=O)NCc2ccc(OCCN(C)C)cc2)cc(OC)c1OC,Original,,,,,,,,
TRISODIUM CITRATE DIHYDRATE,1,Most,0,,1,Most,0,,0,,0,,0,,0,,O=C(O)CC(O)(CC(=O)O)C(=O)O,o=c(o)cc(o)(cc(=o)o)c(=o)o,O=C(O)CC(O)(CC(=O)O)C(=O)O,Original,,,,,,,,
TROFINETIDE,0,,0,,0,,0,,0,,0,,0,,0,,C[C@@]1(C(=O)N[C@@H](CCC(=O)O)C(=O)O)CCCN1C(=O)CN,c[c@@]1(c(=o)n[c@@h](ccc(=o)o)c(=o)o)cccn1c(=o)cn,C[C@@]1(C(=O)N[C@@H](CCC(=O)O)C(=O)O)CCCN1C(=O)CN,Original,,,,,,,,
TROPICAMIDE,1,,1,,0,,0,,0,,0,,0,,0,,CCN(Cc1ccncc1)C(=O)C(CO)c1ccccc1,ccn(cc1ccncc1)c(=o)c(co)c1ccccc1,CCN(Cc1ccncc1)C(=O)C(CO)c1ccccc1,Original,,,,,,,,
TROSPIUM CHLORIDE ER,1,,1,Most,0,,0,,0,,0,,0,,0,Most,Not found,not found,O=C(O[C@H]1C[C@H]2CC[C@@H](C1)[N+]21CCCC1)C(O)(c1ccccc1)c1ccccc1.[Cl-],ChEMBL,TROSPIUM CHLORIDE ER,TROSPIUM CHLORIDE ER,O=C(O[C@H]1C[C@H]2CC[C@@H](C1)[N+]21CCCC1)C(O)(c1ccccc1)c1ccccc1.[Cl-],ChEMBL,found_chembl | variants_tried=3,,,
UBLITUXIMAB,0,,1,,1,Most,0,,1,Most,0,,0,,0,,Not found,not found,,NotFound,UBLITUXIMAB,UBLITUXIMAB,,,not_found | variants_tried=1,,,
ULIPRISTAL ACETATE,0,,1,,0,,0,,0,,0,,0,,0,,CC(=O)O[C@]1(C(C)=O)CC[C@H]2[C@@H]3CCC4=CC(=O)CCC4=C3[C@@H](c3ccc(N(C)C)cc3)C[C@@]21C,cc(=o)o[c@]1(c(c)=o)cc[c@h]2[c@@h]3ccc4=cc(=o)ccc4=c3[c@@h](c3ccc(n(c)c)cc3)c[c@@]21c,CC(=O)O[C@]1(C(C)=O)CC[C@H]2[C@@H]3CCC4=CC(=O)CCC4=C3[C@@H](c3ccc(N(C)C)cc3)C[C@@]21C,Original,,,,,,,,
ULTRAMICROSIZE GRISEOFULVIN TABLETS,0,,1,Most,1,,0,,1,Most,0,,0,,0,,COC1=CC(=O)CC(C)C12Oc1c(Cl)c(OC)cc(OC)c1C2=O,coc1=cc(=o)cc(c)c12oc1c(cl)c(oc)cc(oc)c1c2=o,COC1=CC(=O)CC(C)C12Oc1c(Cl)c(OC)cc(OC)c1C2=O,Original,,,,,,,,
USODIOL,0,,1,,0,,0,,0,,0,,0,,0,,CC(CCC(=O)O)C1CCC2C3C(O)CC4CC(O)CCC4(C)C3CCC12C,cc(ccc(=o)o)c1ccc2c3c(o)cc4cc(o)ccc4(c)c3ccc12c,CC(CCC(=O)O)C1CCC2C3C(O)CC4CC(O)CCC4(C)C3CCC12C,Original,,,,,,,,
USTEKINUMAB,0,,1,Most,0,,0,,0,,0,,1,Most,0,,Not found,not found,,NotFound,USTEKINUMAB,USTEKINUMAB,,,not_found | variants_tried=1,,,
VACCINIA IMMUNE GLOBULIN (HUMAN),0,,1,Most,1,Most,0,,0,,0,,1,Most,1,Most,Not found,not found,O.O=C(NN1C(=O)[C@@H]2[C@@H]3C=C[C@@H]([C@H]4C[C@@H]34)[C@@H]2C1=O)c1ccc(C(F)(F)F)cc1,ChEMBL,VACCINIA,VACCINIA IMMUNE GLOBULIN (HUMAN),O.O=C(NN1C(=O)[C@@H]2[C@@H]3C=C[C@@H]([C@H]4C[C@@H]34)[C@@H]2C1=O)c1ccc(C(F)(F)F)cc1,ChEMBL,found_chembl | variants_tried=4,,,
VADADUSTAT,1,Most,0,,1,Most,0,,1,,0,,0,,1,Most,O=C(O)CNC(=O)c1ncc(-c2cccc(Cl)c2)cc1O,o=c(o)cnc(=o)c1ncc(-c2cccc(cl)c2)cc1o,O=C(O)CNC(=O)c1ncc(-c2cccc(Cl)c2)cc1O,Original,,,,,,,,
VALACYCLOVIR HYDROCHLORIDE,0,,1,,1,Most,0,,1,,0,,0,,1,Most,CC(C)[C@H](N)C(=O)OCCOCn1cnc2c(=O)nc(N)[nH]c21,cc(c)[c@h](n)c(=o)occocn1cnc2c(=o)nc(n)[nh]c21,CC(C)[C@H](N)C(=O)OCCOCn1cnc2c(=O)nc(N)[nH]c21,Original,,,,,,,,
VALACYCLOVIR; VALACYCLOVIR HYDROCHLORIDE,0,,1,Most,1,Most,0,,1,,0,,0,,1,Most,Not found,not found,CC(C)[C@H](N)C(=O)OCCOCn1cnc2c(=O)nc(N)[nH]c21,ChEMBL,,,,,,,,
VALGANCICLOVIR HYDROCHLORIDE,0,,1,,1,Most,1,Most,1,,0,,0,,1,Most,CC(C)[C@H](N)C(=O)OCC(CO)OCn1cnc2c(=O)nc(N)[nH]c21,cc(c)[c@h](n)c(=o)occ(co)ocn1cnc2c(=o)nc(n)[nh]c21,CC(C)[C@H](N)C(=O)OCC(CO)OCn1cnc2c(=O)nc(N)[nH]c21,Original,,,,,,,,
"VALGANCICLOVIR HYDROCHLORIDE POWDER,",0,,1,,1,Most,1,Most,1,,0,,0,,1,Most,CC(C)C(N)C(=O)OCC(CO)OCn1cnc2c(=O)[nH]c(N)nc21,cc(c)c(n)c(=o)occ(co)ocn1cnc2c(=o)[nh]c(n)nc21,CC(C)C(N)C(=O)OCC(CO)OCn1cnc2c(=O)[nH]c(N)nc21,Original,,,,,,,,
VALGANCICLOVIR; VALGANCICLOVIR HYDROCHLORIDE,0,,1,Most,1,Most,1,Most,1,,0,,0,,1,Most,Not found,not found,CC(C)[C@H](N)C(=O)OCC(CO)OCn1cnc2c(=O)[nH]c(N)nc21,ChEMBL,,,,,,,,
VALOCTOCOGENE ROXAPARVOVEC-RVOX,0,,1,Most,1,Most,0,,1,Most,0,,0,,0,,Not found,not found,,NotFound,VALOCTOCOGENE ROXAPARVOVEC-RVOX,VALOCTOCOGENE ROXAPARVOVEC-RVOX,,,not_found | variants_tried=4,,None,"no_hit | variants=['VALOCTOCOGENE ROXAPARVOVEC RVOX', 'VALOCTOCOGENE', 'VALOCTOCOGENE ROXAPARVOVEC']"
VALRUBICIN INTRAVESICAL SOLUTION,0,,1,,1,Most,1,Most,0,,0,,0,,0,,CCCCC(=O)OCC(=O)C1(O)Cc2c(O)c3c(c(O)c2C(OC2CC(NC(=O)C(F)(F)F)C(O)C(C)O2)C1)C(=O)c1c(OC)cccc1C3=O,ccccc(=o)occ(=o)c1(o)cc2c(o)c3c(c(o)c2c(oc2cc(nc(=o)c(f)(f)f)c(o)c(c)o2)c1)c(=o)c1c(oc)cccc1c3=o,CCCCC(=O)OCC(=O)C1(O)Cc2c(O)c3c(c(O)c2C(OC2CC(NC(=O)C(F)(F)F)C(O)C(C)O2)C1)C(=O)c1c(OC)cccc1C3=O,Original,,,,,,,,
VAMOROLONE,1,Most,1,Most,0,,1,Most,1,Most,0,,0,,1,,C[C@@H]1C[C@H]2[C@@H]3CCC4=CC(=O)C=C[C@]4(C)C3=CC[C@]2(C)[C@@]1(O)C(=O)CO,c[c@@h]1c[c@h]2[c@@h]3ccc4=cc(=o)c=c[c@]4(c)c3=cc[c@]2(c)[c@@]1(o)c(=o)co,C[C@@H]1C[C@H]2[C@@H]3CCC4=CC(=O)C=C[C@]4(C)C3=CC[C@]2(C)[C@@]1(O)C(=O)CO,Original,,,,,,,,
VARDENAFIL,1,Most,1,,0,,0,,1,Most,1,,0,,0,,CCCc1nc(C)c2c(=O)nc(-c3cc(S(=O)(=O)N4CCN(CC)CC4)ccc3OCC)[nH]n12,cccc1nc(c)c2c(=o)nc(-c3cc(s(=o)(=o)n4ccn(cc)cc4)ccc3occ)[nh]n12,CCCc1nc(C)c2c(=O)nc(-c3cc(S(=O)(=O)N4CCN(CC)CC4)ccc3OCC)[nH]n12,Original,,,,,,,,
VARENICLINE,0,,0,,0,,1,,0,,0,,0,,0,,c1cnc2cc3c(cc2n1)[C@@H]1CNC[C@H]3C1,c1cnc2cc3c(cc2n1)[c@@h]1cnc[c@h]3c1,c1cnc2cc3c(cc2n1)[C@@H]1CNC[C@H]3C1,Original,,,,,,,,
VARENICLINE; VARENICLINE TARTRATE,1,Most,1,Most,1,,0,,0,,0,,0,,0,,Not found,not found,c1cnc2cc3c(cc2n1)[C@@H]1CNC[C@H]3C1,ChEMBL,,,,,,,,
VASOPRESSIN IN 0.9% SODIUM CHLORIDE,1,Most,1,Most,1,,1,,0,,0,,0,,1,,Not found,not found,[Cl-].[Na+],ChEMBL,VASOPRESSIN IN 0.9% SODIUM CHLORIDE,VASOPRESSIN IN 0.9% SODIUM CHLORIDE,[Cl-].[Na+],ChEMBL,found_chembl | variants_tried=4,,,
VEDOLIZUMAB,0,,1,Most,0,,0,,1,,0,,1,,0,,Not found,not found,,NotFound,VEDOLIZUMAB,VEDOLIZUMAB,,,not_found | variants_tried=1,,,
VELAGLUCERASE ALFA,0,,1,Most,0,,0,,0,,0,,0,,0,,Not found,not found,,NotFound,VELAGLUCERASE ALFA,VELAGLUCERASE ALFA,,,not_found | variants_tried=2,,,
VELMANASE ALFA-TYCV,1,Most,1,Most,0,,0,,0,,0,,0,,1,,Not found,not found,,NotFound,VELMANASE ALFA-TYCV,VELMANASE ALFA-TYCV,,,not_found | variants_tried=4,,None,"no_hit | variants=['VELMANASE ALFA TYCV', 'VELMANASE TYCV', 'VELMANASE', 'VELMANASE ALFA']"
VENLAFAXINE,1,Most,1,Most,1,Most,1,,1,Most,0,,1,,0,,COc1ccc(C(CN(C)C)C2(O)CCCCC2)cc1,coc1ccc(c(cn(c)c)c2(o)ccccc2)cc1,COc1ccc(C(CN(C)C)C2(O)CCCCC2)cc1,Original,,,,,,,,
VENLAFAXINE HCL,1,Most,1,Most,1,Most,1,,1,,0,,1,Most,0,,COc1ccc(C(CN(C)C)C2(O)CCCCC2)cc1,coc1ccc(c(cn(c)c)c2(o)ccccc2)cc1,COc1ccc(C(CN(C)C)C2(O)CCCCC2)cc1,Original,,,,,,,,
VENLAFAXINE HCL ER,1,Most,1,Most,1,Most,1,,1,,0,,1,,0,,COc1ccc(C(CN(C)C)C2(O)CCCCC2)cc1,coc1ccc(c(cn(c)c)c2(o)ccccc2)cc1,COc1ccc(C(CN(C)C)C2(O)CCCCC2)cc1,Original,,,,,,,,
VENLAFAXINE HYDROCHLORIDE E-R,1,Most,1,Most,1,Most,1,,1,Most,0,,1,Most,0,,Not found,not found,COc1ccc(C(CN(C)C)C2(O)CCCCC2)cc1.Cl,ChEMBL,VENLAFAXINE HYDROCHLORIDE E-R,VENLAFAXINE HYDROCHLORIDE E-R,COc1ccc(C(CN(C)C)C2(O)CCCCC2)cc1.Cl,ChEMBL,found_chembl | variants_tried=4,,,
"VENLAFAXINE HYDROCHLORIDE, EXTENDED RELEASE",1,Most,1,Most,1,Most,0,,1,Most,0,,1,,1,Most,COc1ccc(C(CN(C)C)C2(O)CCCCC2)cc1,coc1ccc(c(cn(c)c)c2(o)ccccc2)cc1,COc1ccc(C(CN(C)C)C2(O)CCCCC2)cc1,Original,,,,,,,,
VERAPAMIL HCI,1,Most,1,,0,,0,,0,,0,,0,,0,,COc1ccc(CCN(C)CCCC(C#N)(c2ccc(OC)c(OC)c2)C(C)C)cc1OC,coc1ccc(ccn(c)cccc(c#n)(c2ccc(oc)c(oc)c2)c(c)c)cc1oc,COc1ccc(CCN(C)CCCC(C#N)(c2ccc(OC)c(OC)c2)C(C)C)cc1OC,Original,,,,,,,,
VERAPAMIL HCL,1,Most,1,,0,,0,,1,Most,0,,1,,0,,COc1ccc(CCN(C)CCCC(C#N)(c2ccc(OC)c(OC)c2)C(C)C)cc1OC,coc1ccc(ccn(c)cccc(c#n)(c2ccc(oc)c(oc)c2)c(c)c)cc1oc,COc1ccc(CCN(C)CCCC(C#N)(c2ccc(OC)c(OC)c2)C(C)C)cc1OC,Original,,,,,,,,
VESTRONIDASE ALFA,0,,1,Most,0,,0,,0,,0,,0,,0,,Not found,not found,,NotFound,VESTRONIDASE ALFA,VESTRONIDASE ALFA,,,not_found | variants_tried=2,,,
VITAMIN D,1,Most,0,,1,Most,0,,0,,0,,1,,1,Most,C=C1/C(=C\C=C2/CCC[C@]3(C)[C@@H]([C@H](C)CC[C@@H](CC)C(C)C)CC[C@@H]23)C[C@@H](O)C[C@@H]1O,c=c1/c(=c\c=c2/ccc[c@]3(c)[c@@h]([c@h](c)cc[c@@h](cc)c(c)c)cc[c@@h]23)c[c@@h](o)c[c@@h]1o,C=C1/C(=C\C=C2/CCC[C@]3(C)[C@@H]([C@H](C)CC[C@@H](CC)C(C)C)CC[C@@H]23)C[C@@H](O)C[C@@H]1O,Original,,,,,,,,
VITAMIN K1 - PHYTONADIONE,0,,1,Most,1,Most,0,,0,,0,,0,,1,Most,Not found,not found,CC1=C(C/C=C(\C)CCC[C@H](C)CCC[C@H](C)CCCC(C)C)C(=O)c2ccccc2C1=O,ChEMBL,,,,,,,,
"VITAMIN K1, PHYTONADIONE",0,,1,Most,1,Most,0,,0,,0,,0,,1,Most,CC(=CCC1=C(C)C(=O)c2ccccc2C1=O)CCCC(C)CCCC(C)CCCC(C)C,cc(=ccc1=c(c)c(=o)c2ccccc2c1=o)cccc(c)cccc(c)cccc(c)c,CC(=CCC1=C(C)C(=O)c2ccccc2C1=O)CCCC(C)CCCC(C)CCCC(C)C,Original,,,,,,,,
VIVOTIF-B,0,,1,,0,,0,,0,,0,,0,,0,,Not found,not found,CC1=CCN(CCNC(=N)N)CC1,ChEMBL,VIVOTIF-B,VIVOTIF-B,CC1=CCN(CCNC(=N)N)CC1,ChEMBL,found_chembl | variants_tried=3,,,
VONOPRAZAN FUMARATE,1,,1,Most,1,,0,,1,Most,0,,0,,1,Most,CNCc1cc(-c2ccccc2F)n(S(=O)(=O)c2cccnc2)c1.O=C(O)/C=C/C(=O)O,cncc1cc(-c2ccccc2f)n(s(=o)(=o)c2cccnc2)c1.o=c(o)/c=c/c(=o)o,CNCc1cc(-c2ccccc2F)n(S(=O)(=O)c2cccnc2)c1.O=C(O)/C=C/C(=O)O,Original,,,,,,,,
VORETIGENE NEPARVOVEC-RZYL,0,,0,,0,,0,,0,,0,,0,,0,,Not found,not found,,NotFound,VORETIGENE NEPARVOVEC-RZYL,VORETIGENE NEPARVOVEC-RZYL,,,not_found | variants_tried=4,,None,"no_hit | variants=['VORETIGENE NEPARVOVEC RZYL', 'VORETIGENE', 'VORETIGENE NEPARVOVEC']"
VUTRISIRAN,1,,1,,0,,0,,0,,0,,0,,0,,Not found,not found,,NotFound,VUTRISIRAN,VUTRISIRAN,,,not_found | variants_tried=1,,,
WARFARIN,0,,1,Most,1,Most,0,,1,,0,,0,,1,,CC(=O)CC(c1ccccc1)c1c(O)c2ccccc2oc1=O,cc(=o)cc(c1ccccc1)c1c(o)c2ccccc2oc1=o,CC(=O)CC(c1ccccc1)c1c(O)c2ccccc2oc1=O,Original,,,,,,,,
WATER,0,,0,,1,Most,0,,0,,0,,0,,1,Most,O,o,O,Original,,,,,,,,
XYLOCAINE,1,Most,1,Most,1,Most,0,,0,,0,,1,Most,0,,CCN(CC)CC(=O)Nc1c(C)cccc1C,ccn(cc)cc(=o)nc1c(c)cccc1c,CCN(CC)CC(=O)Nc1c(C)cccc1C,Original,,,,,,,,
XYLOCAINE (LIDOCAINE HCL ),1,Most,1,,1,Most,0,,0,,0,,1,Most,0,,Not found,not found,CCN(CC)CC(=O)Nc1c(C)cccc1C,ChEMBL,,,,,,,,
ZAFIRLUKAST,0,,1,,1,Most,0,,1,Most,0,,1,,0,,COc1cc(C(=O)NS(=O)(=O)c2ccccc2C)ccc1Cc1cn(C)c2ccc(NC(=O)OC3CCCC3)cc12,coc1cc(c(=o)ns(=o)(=o)c2ccccc2c)ccc1cc1cn(c)c2ccc(nc(=o)oc3cccc3)cc12,COc1cc(C(=O)NS(=O)(=O)c2ccccc2C)ccc1Cc1cn(C)c2ccc(NC(=O)OC3CCCC3)cc12,Original,,,,,,,,
ZAVEGEPANT,0,,1,,0,,0,,0,,0,,0,,0,,Cc1cc(C[C@@H](NC(=O)N2CCC(c3cc4ccccc4[nH]c3=O)CC2)C(=O)N2CCN(C3CCN(C)CC3)CC2)cc2cn[nH]c12,cc1cc(c[c@@h](nc(=o)n2ccc(c3cc4ccccc4[nh]c3=o)cc2)c(=o)n2ccn(c3ccn(c)cc3)cc2)cc2cn[nh]c12,Cc1cc(C[C@@H](NC(=O)N2CCC(c3cc4ccccc4[nH]c3=O)CC2)C(=O)N2CCN(C3CCN(C)CC3)CC2)cc2cn[nH]c12,Original,,,,,,,,
ZILUCOPLAN,0,,1,Most,0,,1,Most,0,,0,,0,,0,,CCCCCCCCCCCCCCCC(=O)NC(CCC(=O)NCCOCCOCCOCCOCCOCCOCCOCCOCCOCCOCCOCCOCCOCCOCCOCCOCCOCCOCCOCCOCCOCCOCCOCCOCCC(=O)NCCCCC(NC(=O)C(NC(=O)C1CCCN1C(=O)C(Cc1ccc(O)cc1)NC(=O)C(CCC(=O)O)NC(=O)C(Cc1c[nH]c2ncccc12)NC(=O)C(Cc1ccc(O)cc1)NC(=O)C(NC(=O)C(CC(=O)O)N(C)C(=O)C1CC(=O)NCCCCC(NC(C)=O)C(=O)NC(C(C)C)C(=O)NC(CCC(=O)O)C(=O)NC(CCCNC(=N)N)C(=O)NC(Cc2ccccc2)C(=O)N1)C(C)(C)C)C1CCCCC1)C(=O)O)C(=O)O,cccccccccccccccc(=o)nc(ccc(=o)nccoccoccoccoccoccoccoccoccoccoccoccoccoccoccoccoccoccoccoccoccoccoccoccoccc(=o)nccccc(nc(=o)c(nc(=o)c1cccn1c(=o)c(cc1ccc(o)cc1)nc(=o)c(ccc(=o)o)nc(=o)c(cc1c[nh]c2ncccc12)nc(=o)c(cc1ccc(o)cc1)nc(=o)c(nc(=o)c(cc(=o)o)n(c)c(=o)c1cc(=o)nccccc(nc(c)=o)c(=o)nc(c(c)c)c(=o)nc(ccc(=o)o)c(=o)nc(cccnc(=n)n)c(=o)nc(cc2ccccc2)c(=o)n1)c(c)(c)c)c1ccccc1)c(=o)o)c(=o)o,CCCCCCCCCCCCCCCC(=O)NC(CCC(=O)NCCOCCOCCOCCOCCOCCOCCOCCOCCOCCOCCOCCOCCOCCOCCOCCOCCOCCOCCOCCOCCOCCOCCOCCOCCC(=O)NCCCCC(NC(=O)C(NC(=O)C1CCCN1C(=O)C(Cc1ccc(O)cc1)NC(=O)C(CCC(=O)O)NC(=O)C(Cc1c[nH]c2ncccc12)NC(=O)C(Cc1ccc(O)cc1)NC(=O)C(NC(=O)C(CC(=O)O)N(C)C(=O)C1CC(=O)NCCCCC(NC(C)=O)C(=O)NC(C(C)C)C(=O)NC(CCC(=O)O)C(=O)NC(CCCNC(=N)N)C(=O)NC(Cc2ccccc2)C(=O)N1)C(C)(C)C)C1CCCCC1)C(=O)O)C(=O)O,Original,,,,,,,,
ZINC ACETATE,0,,0,,1,Most,0,,0,,0,,0,,0,,CC(=O)O.CC(=O)O,cc(=o)o.cc(=o)o,CC(=O)O.CC(=O)O,Original,,,,,,,,
"ZINC SULFATE INJECTION,",0,,1,Most,1,Most,0,,0,,0,,0,,1,Most,O=S(=O)(O)O,o=s(=o)(o)o,O=S(=O)(O)O,Original,,,,,,,,
ZIPRASIDONE,0,,0,,0,,0,,0,,0,,0,,0,,O=C1Cc2cc(CCN3CCN(c4nsc5ccccc45)CC3)c(Cl)cc2N1,o=c1cc2cc(ccn3ccn(c4nsc5ccccc45)cc3)c(cl)cc2n1,O=C1Cc2cc(CCN3CCN(c4nsc5ccccc45)CC3)c(Cl)cc2N1,Original,,,,,,,,
ZIPRASIDONE HYDROCHLORIDE,1,Most,1,Most,1,Most,1,,1,,0,,0,,0,,O=C1Cc2cc(CCN3CCN(c4nsc5ccccc45)CC3)c(Cl)cc2N1,o=c1cc2cc(ccn3ccn(c4nsc5ccccc45)cc3)c(cl)cc2n1,O=C1Cc2cc(CCN3CCN(c4nsc5ccccc45)CC3)c(Cl)cc2N1,Original,,,,,,,,
ZIV-AFLIBERCEPT,1,Most,1,Most,1,Most,1,Most,1,Most,0,,1,Most,1,Most,Not found,not found,,NotFound,ZIV-AFLIBERCEPT,ZIV-AFLIBERCEPT,,,not_found | variants_tried=3,,,
ZOLPIDEM TARTRATE SUBLINGUAL,0,,0,,0,,0,,0,,0,,1,Most,0,,Cc1ccc(-c2nc3ccc(C)cn3c2CC(=O)N(C)C)cc1.Cc1ccc(-c2nc3ccc(C)cn3c2CC(=O)N(C)C)cc1.O=C(O)C(O)C(O)C(=O)O,cc1ccc(-c2nc3ccc(c)cn3c2cc(=o)n(c)c)cc1.cc1ccc(-c2nc3ccc(c)cn3c2cc(=o)n(c)c)cc1.o=c(o)c(o)c(o)c(=o)o,Cc1ccc(-c2nc3ccc(C)cn3c2CC(=O)N(C)C)cc1.Cc1ccc(-c2nc3ccc(C)cn3c2CC(=O)N(C)C)cc1.O=C(O)C(O)C(O)C(=O)O,Original,,,,,,,,
ZURANOLONE,0,,1,,0,,1,,0,,0,,0,,0,,C[C@@]1(O)CC[C@H]2[C@H](CC[C@@H]3[C@@H]2CC[C@]2(C)[C@@H](C(=O)Cn4cc(C#N)cn4)CC[C@@H]32)C1,c[c@@]1(o)cc[c@h]2[c@h](cc[c@@h]3[c@@h]2cc[c@]2(c)[c@@h](c(=o)cn4cc(c#n)cn4)cc[c@@h]32)c1,C[C@@]1(O)CC[C@H]2[C@H](CC[C@@H]3[C@@H]2CC[C@]2(C)[C@@H](C(=O)Cn4cc(C#N)cn4)CC[C@@H]32)C1,Original,,,,,,,,
